order_id,product_id,location_id,sales,cost,gross_profit,units
1,1,1,7.5,2.6,4.9,2
2,2,2,7.2,2.2,5.0,2
3,3,3,7.2,2.4,4.8,2
4,4,4,9.75,3.42,6.33,3
5,4,1,6.5,2.28,4.22,2
6,2,5,3.6,1.1,2.5,1
7,5,5,10.47,3.0,7.47,3
8,3,5,25.2,8.4,16.8,7
9,4,6,9.75,3.42,6.33,3
10,5,7,10.47,3.0,7.47,3
11,5,7,6.98,2.0,4.98,2
12,4,8,16.25,5.7,10.55,5
13,4,9,9.75,3.42,6.33,3
14,1,10,7.5,2.6,4.9,2
15,5,11,10.47,3.0,7.47,3
16,2,12,7.2,2.2,5.0,2
17,5,13,20.94,6.0,14.94,6
18,1,14,7.5,2.6,4.9,2
19,5,15,6.98,2.0,4.98,2
20,2,15,3.6,1.1,2.5,1
21,4,16,6.5,2.28,4.22,2
22,1,16,18.75,6.5,12.25,5
23,5,3,3.49,1.0,2.49,1
24,1,4,11.25,3.9,7.35,3
25,5,3,6.98,2.0,4.98,2
26,1,17,7.5,2.6,4.9,2
27,1,18,11.25,3.9,7.35,3
28,2,19,3.6,1.1,2.5,1
29,5,19,27.92,8.0,19.92,8
30,5,19,3.49,1.0,2.49,1
31,3,19,10.8,3.6,7.2,3
32,2,20,14.4,4.4,10.0,4
33,2,20,10.8,3.3,7.5,3
34,1,21,7.5,2.6,4.9,2
35,5,20,10.47,3.0,7.47,3
36,1,22,11.25,3.9,7.35,3
37,3,23,18.0,6.0,12.0,5
38,1,24,11.25,3.9,7.35,3
39,4,24,9.75,3.42,6.33,3
40,3,25,7.2,2.4,4.8,2
41,4,26,9.75,3.42,6.33,3
42,3,27,18.0,6.0,12.0,5
43,3,27,10.8,3.6,7.2,3
44,3,27,14.4,4.8,9.6,4
45,3,2,18.0,6.0,12.0,5
46,4,1,16.25,5.7,10.55,5
47,3,2,7.2,2.4,4.8,2
48,5,2,13.96,4.0,9.96,4
49,1,28,11.25,3.9,7.35,3
50,2,29,10.8,3.3,7.5,3
51,4,28,19.5,6.84,12.66,6
52,1,28,15.0,5.2,9.8,4
53,5,30,6.98,2.0,4.98,2
54,3,31,7.2,2.4,4.8,2
55,5,32,3.49,1.0,2.49,1
56,3,32,10.8,3.6,7.2,3
57,4,33,6.5,2.28,4.22,2
58,5,27,6.98,2.0,4.98,2
59,4,34,6.5,2.28,4.22,2
60,4,35,6.5,2.28,4.22,2
61,1,35,7.5,2.6,4.9,2
62,2,36,14.4,4.4,10.0,4
63,5,37,10.47,3.0,7.47,3
64,2,3,3.6,1.1,2.5,1
65,3,3,14.4,4.8,9.6,4
66,5,3,6.98,2.0,4.98,2
67,5,3,13.96,4.0,9.96,4
68,1,4,3.75,1.3,2.45,1
69,2,38,3.6,1.1,2.5,1
70,5,39,13.96,4.0,9.96,4
71,6,40,3.75,1.8,1.95,3
72,1,41,3.75,1.3,2.45,1
73,1,41,37.5,13.0,24.5,10
74,1,42,7.5,2.6,4.9,2
75,3,32,25.2,8.4,16.8,7
76,4,42,9.75,3.42,6.33,3
77,5,43,10.47,3.0,7.47,3
78,3,43,3.6,1.2,2.4,1
79,2,44,18.0,5.5,12.5,5
80,2,44,10.8,3.3,7.5,3
81,4,45,32.5,11.4,21.1,10
82,4,45,6.5,2.28,4.22,2
83,1,45,7.5,2.6,4.9,2
84,5,44,10.47,3.0,7.47,3
85,1,4,7.5,2.6,4.9,2
86,3,46,10.8,3.6,7.2,3
87,3,20,46.8,15.6,31.2,13
88,3,47,7.2,2.4,4.8,2
89,2,48,10.8,3.3,7.5,3
90,4,49,9.75,3.42,6.33,3
91,4,50,13.0,4.56,8.44,4
92,3,46,7.2,2.4,4.8,2
93,5,46,6.98,2.0,4.98,2
94,4,50,6.5,2.28,4.22,2
95,4,51,19.5,6.84,12.66,6
96,1,51,7.5,2.6,4.9,2
97,1,52,11.25,3.9,7.35,3
98,5,53,20.94,6.0,14.94,6
99,1,52,7.5,2.6,4.9,2
100,5,53,6.98,2.0,4.98,2
101,3,54,10.8,3.6,7.2,3
102,1,55,11.25,3.9,7.35,3
103,3,56,14.4,4.8,9.6,4
104,5,57,6.98,2.0,4.98,2
105,2,57,14.4,4.4,10.0,4
106,2,57,3.6,1.1,2.5,1
107,2,58,7.2,2.2,5.0,2
108,2,38,18.0,5.5,12.5,5
109,1,8,3.75,1.3,2.45,1
110,1,59,15.0,5.2,9.8,4
111,2,38,7.2,2.2,5.0,2
112,1,8,11.25,3.9,7.35,3
113,3,60,18.0,6.0,12.0,5
114,3,61,10.8,3.6,7.2,3
115,2,61,10.8,3.3,7.5,3
116,1,62,18.75,6.5,12.25,5
117,4,63,19.5,6.84,12.66,6
118,5,64,10.47,3.0,7.47,3
119,1,8,22.5,7.8,14.7,6
120,2,3,7.2,2.2,5.0,2
121,4,65,6.5,2.28,4.22,2
122,3,39,7.2,2.4,4.8,2
123,7,66,3.0,1.6,1.4,2
124,5,32,17.45,5.0,12.45,5
125,4,67,13.0,4.56,8.44,4
126,1,67,7.5,2.6,4.9,2
127,2,68,7.2,2.2,5.0,2
128,2,68,3.6,1.1,2.5,1
129,4,69,9.75,3.42,6.33,3
130,4,69,13.0,4.56,8.44,4
131,2,70,7.2,2.2,5.0,2
132,2,38,7.2,2.2,5.0,2
133,5,71,17.45,5.0,12.45,5
134,5,38,10.47,3.0,7.47,3
135,5,72,6.98,2.0,4.98,2
136,1,73,15.0,5.2,9.8,4
137,4,73,45.5,15.96,29.54,14
138,1,73,22.5,7.8,14.7,6
139,5,74,6.98,2.0,4.98,2
140,1,73,7.5,2.6,4.9,2
141,3,2,10.8,3.6,7.2,3
142,3,2,7.2,2.4,4.8,2
143,2,39,10.8,3.3,7.5,3
144,4,45,13.0,4.56,8.44,4
145,3,44,18.0,6.0,12.0,5
146,3,75,28.8,9.6,19.2,8
147,1,76,3.75,1.3,2.45,1
148,2,3,39.6,12.1,27.5,11
149,2,3,10.8,3.3,7.5,3
150,3,77,32.4,10.8,21.6,9
151,4,78,6.5,2.28,4.22,2
152,5,32,17.45,5.0,12.45,5
153,3,7,7.2,2.4,4.8,2
154,5,79,6.98,2.0,4.98,2
155,1,65,15.0,5.2,9.8,4
156,4,65,6.5,2.28,4.22,2
157,2,32,18.0,5.5,12.5,5
158,1,42,18.75,6.5,12.25,5
159,1,80,7.5,2.6,4.9,2
160,3,3,18.0,6.0,12.0,5
161,5,3,6.98,2.0,4.98,2
162,4,4,3.25,1.14,2.11,1
163,5,3,3.49,1.0,2.49,1
164,4,4,6.5,2.28,4.22,2
165,5,3,10.47,3.0,7.47,3
166,5,3,27.92,8.0,19.92,8
167,4,4,19.5,6.84,12.66,6
168,2,3,14.4,4.4,10.0,4
169,3,3,7.2,2.4,4.8,2
170,2,3,10.8,3.3,7.5,3
171,5,81,3.49,1.0,2.49,1
172,2,82,7.2,2.2,5.0,2
173,3,82,7.2,2.4,4.8,2
174,4,1,6.5,2.28,4.22,2
175,3,2,7.2,2.4,4.8,2
176,1,83,22.5,7.8,14.7,6
177,1,84,7.5,2.6,4.9,2
178,2,39,3.6,1.1,2.5,1
179,2,44,10.8,3.3,7.5,3
180,2,39,21.6,6.6,15.0,6
181,5,3,10.47,3.0,7.47,3
182,2,85,7.2,2.2,5.0,2
183,1,86,11.25,3.9,7.35,3
184,2,85,10.8,3.3,7.5,3
185,1,86,18.75,6.5,12.25,5
186,3,2,14.4,4.8,9.6,4
187,1,52,15.0,5.2,9.8,4
188,5,87,10.47,3.0,7.47,3
189,3,87,10.8,3.6,7.2,3
190,1,1,7.5,2.6,4.9,2
191,2,88,25.2,7.7,17.5,7
192,2,88,10.8,3.3,7.5,3
193,3,71,7.2,2.4,4.8,2
194,5,71,6.98,2.0,4.98,2
195,1,89,7.5,2.6,4.9,2
196,5,90,13.96,4.0,9.96,4
197,2,90,21.6,6.6,15.0,6
198,4,89,16.25,5.7,10.55,5
199,2,90,18.0,5.5,12.5,5
200,3,71,18.0,6.0,12.0,5
201,4,91,3.25,1.14,2.11,1
202,1,92,3.75,1.3,2.45,1
203,2,93,3.6,1.1,2.5,1
204,4,94,9.75,3.42,6.33,3
205,1,65,26.25,9.1,17.15,7
206,2,39,18.0,5.5,12.5,5
207,1,95,26.25,9.1,17.15,7
208,1,96,11.25,3.9,7.35,3
209,1,96,26.25,9.1,17.15,7
210,4,97,9.75,3.42,6.33,3
211,2,61,18.0,5.5,12.5,5
212,3,98,7.2,2.4,4.8,2
213,1,4,7.5,2.6,4.9,2
214,2,99,21.6,6.6,15.0,6
215,1,10,52.5,18.2,34.3,14
216,5,11,6.98,2.0,4.98,2
217,2,11,18.0,5.5,12.5,5
218,5,11,10.47,3.0,7.47,3
219,2,11,10.8,3.3,7.5,3
220,4,10,9.75,3.42,6.33,3
221,1,10,22.5,7.8,14.7,6
222,3,11,7.2,2.4,4.8,2
223,1,10,18.75,6.5,12.25,5
224,4,65,6.5,2.28,4.22,2
225,5,38,10.47,3.0,7.47,3
226,2,38,21.6,6.6,15.0,6
227,4,100,13.0,4.56,8.44,4
228,8,101,20.0,10.0,10.0,1
229,3,2,7.2,2.4,4.8,2
230,1,102,11.25,3.9,7.35,3
231,1,102,45.0,15.6,29.4,12
232,4,103,6.5,2.28,4.22,2
233,3,104,14.4,4.8,9.6,4
234,2,105,32.4,9.9,22.5,9
235,3,106,7.2,2.4,4.8,2
236,2,44,18.0,5.5,12.5,5
237,4,45,16.25,5.7,10.55,5
238,5,44,17.45,5.0,12.45,5
239,2,107,10.8,3.3,7.5,3
240,4,108,35.75,12.54,23.21,11
241,2,3,18.0,5.5,12.5,5
242,4,109,9.75,3.42,6.33,3
243,4,109,6.5,2.28,4.22,2
244,5,110,6.98,2.0,4.98,2
245,3,38,14.4,4.8,9.6,4
246,1,111,52.5,18.2,34.3,14
247,4,112,22.75,7.98,14.77,7
248,1,112,7.5,2.6,4.9,2
249,2,113,10.8,3.3,7.5,3
250,6,114,12.5,6.0,6.5,10
251,1,112,26.25,9.1,17.15,7
252,1,112,15.0,5.2,9.8,4
253,2,32,3.6,1.1,2.5,1
254,2,44,25.2,7.7,17.5,7
255,3,44,7.2,2.4,4.8,2
256,1,45,11.25,3.9,7.35,3
257,4,115,6.5,2.28,4.22,2
258,2,116,7.2,2.2,5.0,2
259,3,20,7.2,2.4,4.8,2
260,6,117,8.75,4.2,4.55,7
261,5,38,10.47,3.0,7.47,3
262,3,39,10.8,3.6,7.2,3
263,8,118,40.0,20.0,20.0,2
264,1,65,15.0,5.2,9.8,4
265,1,65,22.5,7.8,14.7,6
266,4,112,9.75,3.42,6.33,3
267,3,113,7.2,2.4,4.8,2
268,8,119,60.0,30.0,30.0,3
269,1,120,33.75,11.7,22.05,9
270,3,3,7.2,2.4,4.8,2
271,4,4,6.5,2.28,4.22,2
272,4,4,13.0,4.56,8.44,4
273,3,3,10.8,3.6,7.2,3
274,2,3,18.0,5.5,12.5,5
275,4,121,6.5,2.28,4.22,2
276,1,121,15.0,5.2,9.8,4
277,4,22,26.0,9.12,16.88,8
278,4,22,6.5,2.28,4.22,2
279,2,44,14.4,4.4,10.0,4
280,3,44,14.4,4.8,9.6,4
281,5,44,10.47,3.0,7.47,3
282,5,44,6.98,2.0,4.98,2
283,4,122,13.0,4.56,8.44,4
284,4,123,6.5,2.28,4.22,2
285,3,72,10.8,3.6,7.2,3
286,1,123,18.75,6.5,12.25,5
287,3,124,3.6,1.2,2.4,1
288,5,125,24.43,7.0,17.43,7
289,3,125,10.8,3.6,7.2,3
290,2,39,14.4,4.4,10.0,4
291,1,126,11.25,3.9,7.35,3
292,3,127,10.8,3.6,7.2,3
293,4,91,29.25,10.26,18.99,9
294,3,71,3.6,1.2,2.4,1
295,4,73,3.25,1.14,2.11,1
296,2,74,18.0,5.5,12.5,5
297,2,74,36.0,11.0,25.0,10
298,5,74,27.92,8.0,19.92,8
299,5,30,13.96,4.0,9.96,4
300,2,30,10.8,3.3,7.5,3
301,1,128,22.5,7.8,14.7,6
302,4,91,13.0,4.56,8.44,4
303,2,71,3.6,1.1,2.5,1
304,4,65,9.75,3.42,6.33,3
305,4,8,6.5,2.28,4.22,2
306,5,38,24.43,7.0,17.43,7
307,5,129,13.96,4.0,9.96,4
308,3,129,7.2,2.4,4.8,2
309,5,129,24.43,7.0,17.43,7
310,5,130,24.43,7.0,17.43,7
311,2,130,10.8,3.3,7.5,3
312,2,131,10.8,3.3,7.5,3
313,5,131,6.98,2.0,4.98,2
314,3,132,18.0,6.0,12.0,5
315,4,120,16.25,5.7,10.55,5
316,5,133,10.47,3.0,7.47,3
317,9,134,26.0,24.0,2.0,8
318,3,38,21.6,7.2,14.4,6
319,8,135,40.0,20.0,20.0,2
320,5,2,13.96,4.0,9.96,4
321,2,3,10.8,3.3,7.5,3
322,1,4,11.25,3.9,7.35,3
323,1,1,7.5,2.6,4.9,2
324,5,2,31.41,9.0,22.41,9
325,4,136,22.75,7.98,14.77,7
326,4,65,22.75,7.98,14.77,7
327,3,137,7.2,2.4,4.8,2
328,2,138,7.2,2.2,5.0,2
329,2,38,18.0,5.5,12.5,5
330,4,8,6.5,2.28,4.22,2
331,3,38,7.2,2.4,4.8,2
332,4,4,6.5,2.28,4.22,2
333,3,31,36.0,12.0,24.0,10
334,5,31,10.47,3.0,7.47,3
335,9,139,16.25,15.0,1.25,5
336,3,110,10.8,3.6,7.2,3
337,1,140,26.25,9.1,17.15,7
338,2,23,18.0,5.5,12.5,5
339,2,23,7.2,2.2,5.0,2
340,2,141,7.2,2.2,5.0,2
341,3,141,14.4,4.8,9.6,4
342,5,141,10.47,3.0,7.47,3
343,5,141,3.49,1.0,2.49,1
344,1,142,30.0,10.4,19.6,8
345,5,15,10.47,3.0,7.47,3
346,3,74,14.4,4.8,9.6,4
347,5,143,24.43,7.0,17.43,7
348,5,12,17.45,5.0,12.45,5
349,1,144,15.0,5.2,9.8,4
350,4,144,13.0,4.56,8.44,4
351,8,145,40.0,20.0,20.0,2
352,2,12,10.8,3.3,7.5,3
353,4,144,9.75,3.42,6.33,3
354,1,1,18.75,6.5,12.25,5
355,1,1,15.0,5.2,9.8,4
356,9,146,13.0,12.0,1.0,4
357,1,45,18.75,6.5,12.25,5
358,2,147,10.8,3.3,7.5,3
359,5,147,20.94,6.0,14.94,6
360,3,132,7.2,2.4,4.8,2
361,2,148,7.2,2.2,5.0,2
362,3,148,7.2,2.4,4.8,2
363,3,149,7.2,2.4,4.8,2
364,5,149,24.43,7.0,17.43,7
365,2,149,18.0,5.5,12.5,5
366,4,4,3.25,1.14,2.11,1
367,1,4,15.0,5.2,9.8,4
368,4,91,16.25,5.7,10.55,5
369,5,2,17.45,5.0,12.45,5
370,1,1,7.5,2.6,4.9,2
371,4,150,6.5,2.28,4.22,2
372,2,3,18.0,5.5,12.5,5
373,1,4,7.5,2.6,4.9,2
374,1,4,22.5,7.8,14.7,6
375,5,151,6.98,2.0,4.98,2
376,5,152,6.98,2.0,4.98,2
377,1,153,18.75,6.5,12.25,5
378,4,51,9.75,3.42,6.33,3
379,4,96,26.0,9.12,16.88,8
380,5,132,17.45,5.0,12.45,5
381,2,32,21.6,6.6,15.0,6
382,4,55,29.25,10.26,18.99,9
383,2,132,10.8,3.3,7.5,3
384,5,132,17.45,5.0,12.45,5
385,4,154,26.0,9.12,16.88,8
386,2,2,7.2,2.2,5.0,2
387,1,155,11.25,3.9,7.35,3
388,2,3,7.2,2.2,5.0,2
389,3,3,10.8,3.6,7.2,3
390,1,42,15.0,5.2,9.8,4
391,4,42,16.25,5.7,10.55,5
392,3,32,18.0,6.0,12.0,5
393,5,156,3.49,1.0,2.49,1
394,1,91,7.5,2.6,4.9,2
395,3,157,7.2,2.4,4.8,2
396,3,44,25.2,8.4,16.8,7
397,5,158,10.47,3.0,7.47,3
398,2,132,18.0,5.5,12.5,5
399,5,132,3.49,1.0,2.49,1
400,4,55,22.75,7.98,14.77,7
401,4,55,9.75,3.42,6.33,3
402,2,159,18.0,5.5,12.5,5
403,5,159,10.47,3.0,7.47,3
404,1,160,11.25,3.9,7.35,3
405,4,160,6.5,2.28,4.22,2
406,4,160,3.25,1.14,2.11,1
407,3,20,28.8,9.6,19.2,8
408,9,161,26.0,24.0,2.0,8
409,5,162,34.9,10.0,24.9,10
410,1,163,22.5,7.8,14.7,6
411,2,2,25.2,7.7,17.5,7
412,3,3,7.2,2.4,4.8,2
413,4,164,9.75,3.42,6.33,3
414,2,165,10.8,3.3,7.5,3
415,3,30,7.2,2.4,4.8,2
416,4,1,16.25,5.7,10.55,5
417,1,166,11.25,3.9,7.35,3
418,1,166,18.75,6.5,12.25,5
419,3,167,21.6,7.2,14.4,6
420,1,150,15.0,5.2,9.8,4
421,3,168,10.8,3.6,7.2,3
422,5,38,13.96,4.0,9.96,4
423,4,8,29.25,10.26,18.99,9
424,5,38,13.96,4.0,9.96,4
425,3,38,18.0,6.0,12.0,5
426,3,38,10.8,3.6,7.2,3
427,2,38,18.0,5.5,12.5,5
428,4,8,13.0,4.56,8.44,4
429,2,3,3.6,1.1,2.5,1
430,2,169,7.2,2.2,5.0,2
431,5,39,3.49,1.0,2.49,1
432,5,170,17.45,5.0,12.45,5
433,4,163,3.25,1.14,2.11,1
434,6,171,1.25,0.6,0.65,1
435,1,172,30.0,10.4,19.6,8
436,1,173,22.5,7.8,14.7,6
437,2,174,14.4,4.4,10.0,4
438,2,174,18.0,5.5,12.5,5
439,1,8,7.5,2.6,4.9,2
440,4,175,19.5,6.84,12.66,6
441,2,176,7.2,2.2,5.0,2
442,5,176,17.45,5.0,12.45,5
443,1,177,18.75,6.5,12.25,5
444,3,176,18.0,6.0,12.0,5
445,5,176,10.47,3.0,7.47,3
446,1,178,26.25,9.1,17.15,7
447,5,113,6.98,2.0,4.98,2
448,2,2,18.0,5.5,12.5,5
449,5,2,20.94,6.0,14.94,6
450,5,2,10.47,3.0,7.47,3
451,3,2,32.4,10.8,21.6,9
452,5,2,13.96,4.0,9.96,4
453,2,2,10.8,3.3,7.5,3
454,6,179,2.5,1.2,1.3,2
455,2,180,21.6,6.6,15.0,6
456,2,180,7.2,2.2,5.0,2
457,1,42,18.75,6.5,12.25,5
458,3,162,14.4,4.8,9.6,4
459,1,163,11.25,3.9,7.35,3
460,4,163,16.25,5.7,10.55,5
461,4,163,9.75,3.42,6.33,3
462,3,3,10.8,3.6,7.2,3
463,1,181,18.75,6.5,12.25,5
464,5,182,17.45,5.0,12.45,5
465,6,183,6.25,3.0,3.25,5
466,2,182,7.2,2.2,5.0,2
467,3,184,14.4,4.8,9.6,4
468,3,20,21.6,7.2,14.4,6
469,3,20,25.2,8.4,16.8,7
470,4,21,6.5,2.28,4.22,2
471,2,2,14.4,4.4,10.0,4
472,2,38,7.2,2.2,5.0,2
473,5,185,6.98,2.0,4.98,2
474,4,83,29.25,10.26,18.99,9
475,4,186,6.5,2.28,4.22,2
476,5,81,10.47,3.0,7.47,3
477,1,187,18.75,6.5,12.25,5
478,2,3,10.8,3.3,7.5,3
479,2,3,25.2,7.7,17.5,7
480,2,30,14.4,4.4,10.0,4
481,6,188,2.5,1.2,1.3,2
482,3,38,39.6,13.2,26.4,11
483,2,38,10.8,3.3,7.5,3
484,4,189,9.75,3.42,6.33,3
485,4,190,13.0,4.56,8.44,4
486,1,190,11.25,3.9,7.35,3
487,1,8,11.25,3.9,7.35,3
488,4,8,19.5,6.84,12.66,6
489,4,8,6.5,2.28,4.22,2
490,1,8,22.5,7.8,14.7,6
491,1,8,7.5,2.6,4.9,2
492,3,141,18.0,6.0,12.0,5
493,5,141,10.47,3.0,7.47,3
494,2,141,7.2,2.2,5.0,2
495,5,141,3.49,1.0,2.49,1
496,2,141,18.0,5.5,12.5,5
497,1,142,7.5,2.6,4.9,2
498,3,141,7.2,2.4,4.8,2
499,1,123,15.0,5.2,9.8,4
500,2,191,39.6,12.1,27.5,11
501,4,8,6.5,2.28,4.22,2
502,1,192,3.75,1.3,2.45,1
503,3,193,7.2,2.4,4.8,2
504,3,193,14.4,4.8,9.6,4
505,5,194,13.96,4.0,9.96,4
506,5,32,13.96,4.0,9.96,4
507,1,122,11.25,3.9,7.35,3
508,5,195,17.45,5.0,12.45,5
509,3,195,21.6,7.2,14.4,6
510,3,195,10.8,3.6,7.2,3
511,3,195,7.2,2.4,4.8,2
512,3,195,14.4,4.8,9.6,4
513,9,161,6.5,6.0,0.5,2
514,2,3,18.0,5.5,12.5,5
515,2,3,10.8,3.3,7.5,3
516,4,4,3.25,1.14,2.11,1
517,7,196,6.0,3.2,2.8,4
518,1,197,3.75,1.3,2.45,1
519,5,198,10.47,3.0,7.47,3
520,1,199,15.0,5.2,9.8,4
521,2,39,10.8,3.3,7.5,3
522,4,200,6.5,2.28,4.22,2
523,3,201,28.8,9.6,19.2,8
524,4,8,22.75,7.98,14.77,7
525,5,38,48.86,14.0,34.86,14
526,1,8,15.0,5.2,9.8,4
527,1,8,26.25,9.1,17.15,7
528,2,38,7.2,2.2,5.0,2
529,1,8,7.5,2.6,4.9,2
530,3,38,18.0,6.0,12.0,5
531,2,3,10.8,3.3,7.5,3
532,3,3,25.2,8.4,16.8,7
533,5,202,10.47,3.0,7.47,3
534,4,203,19.5,6.84,12.66,6
535,4,203,29.25,10.26,18.99,9
536,1,203,11.25,3.9,7.35,3
537,2,202,3.6,1.1,2.5,1
538,3,38,7.2,2.4,4.8,2
539,5,38,13.96,4.0,9.96,4
540,3,38,3.6,1.2,2.4,1
541,1,8,3.75,1.3,2.45,1
542,4,8,6.5,2.28,4.22,2
543,4,204,9.75,3.42,6.33,3
544,1,8,3.75,1.3,2.45,1
545,5,38,10.47,3.0,7.47,3
546,1,205,11.25,3.9,7.35,3
547,4,51,16.25,5.7,10.55,5
548,1,51,11.25,3.9,7.35,3
549,2,206,10.8,3.3,7.5,3
550,5,206,3.49,1.0,2.49,1
551,1,51,15.0,5.2,9.8,4
552,3,32,10.8,3.6,7.2,3
553,4,42,9.75,3.42,6.33,3
554,1,42,11.25,3.9,7.35,3
555,4,42,13.0,4.56,8.44,4
556,5,32,17.45,5.0,12.45,5
557,2,38,10.8,3.3,7.5,3
558,4,8,6.5,2.28,4.22,2
559,2,38,14.4,4.4,10.0,4
560,2,207,14.4,4.4,10.0,4
561,3,208,7.2,2.4,4.8,2
562,5,208,6.98,2.0,4.98,2
563,3,39,10.8,3.6,7.2,3
564,2,39,21.6,6.6,15.0,6
565,1,209,3.75,1.3,2.45,1
566,4,45,19.5,6.84,12.66,6
567,1,210,7.5,2.6,4.9,2
568,2,38,10.8,3.3,7.5,3
569,2,38,3.6,1.1,2.5,1
570,4,211,19.5,6.84,12.66,6
571,5,212,6.98,2.0,4.98,2
572,3,3,7.2,2.4,4.8,2
573,4,4,26.0,9.12,16.88,8
574,5,213,24.43,7.0,17.43,7
575,2,138,10.8,3.3,7.5,3
576,2,39,32.4,9.9,22.5,9
577,3,39,7.2,2.4,4.8,2
578,1,65,7.5,2.6,4.9,2
579,4,8,29.25,10.26,18.99,9
580,5,3,10.47,3.0,7.47,3
581,3,54,18.0,6.0,12.0,5
582,1,214,7.5,2.6,4.9,2
583,3,38,7.2,2.4,4.8,2
584,3,38,14.4,4.8,9.6,4
585,5,215,10.47,3.0,7.47,3
586,5,2,17.45,5.0,12.45,5
587,5,216,10.47,3.0,7.47,3
588,3,216,14.4,4.8,9.6,4
589,1,217,26.25,9.1,17.15,7
590,1,4,11.25,3.9,7.35,3
591,3,125,3.6,1.2,2.4,1
592,5,125,17.45,5.0,12.45,5
593,5,38,17.45,5.0,12.45,5
594,5,56,10.47,3.0,7.47,3
595,5,32,24.43,7.0,17.43,7
596,2,218,25.2,7.7,17.5,7
597,1,219,15.0,5.2,9.8,4
598,2,220,14.4,4.4,10.0,4
599,6,221,3.75,1.8,1.95,3
600,9,222,6.5,6.0,0.5,2
601,5,3,13.96,4.0,9.96,4
602,2,3,7.2,2.2,5.0,2
603,2,223,7.2,2.2,5.0,2
604,3,223,32.4,10.8,21.6,9
605,2,138,7.2,2.2,5.0,2
606,6,224,13.75,6.6,7.15,11
607,3,107,7.2,2.4,4.8,2
608,1,1,7.5,2.6,4.9,2
609,4,123,19.5,6.84,12.66,6
610,5,72,17.45,5.0,12.45,5
611,5,72,6.98,2.0,4.98,2
612,4,209,22.75,7.98,14.77,7
613,1,209,11.25,3.9,7.35,3
614,2,225,25.2,7.7,17.5,7
615,5,226,10.47,3.0,7.47,3
616,2,3,14.4,4.4,10.0,4
617,4,4,9.75,3.42,6.33,3
618,3,3,14.4,4.8,9.6,4
619,3,3,3.6,1.2,2.4,1
620,5,30,3.49,1.0,2.49,1
621,1,18,26.25,9.1,17.15,7
622,2,19,10.8,3.3,7.5,3
623,4,18,9.75,3.42,6.33,3
624,1,227,7.5,2.6,4.9,2
625,3,228,10.8,3.6,7.2,3
626,2,228,10.8,3.3,7.5,3
627,4,4,6.5,2.28,4.22,2
628,1,4,18.75,6.5,12.25,5
629,5,3,20.94,6.0,14.94,6
630,1,91,11.25,3.9,7.35,3
631,2,71,7.2,2.2,5.0,2
632,4,18,16.25,5.7,10.55,5
633,3,19,21.6,7.2,14.4,6
634,4,65,9.75,3.42,6.33,3
635,3,39,7.2,2.4,4.8,2
636,2,39,7.2,2.2,5.0,2
637,5,39,10.47,3.0,7.47,3
638,4,229,9.75,3.42,6.33,3
639,5,230,3.49,1.0,2.49,1
640,1,4,22.5,7.8,14.7,6
641,4,4,6.5,2.28,4.22,2
642,4,231,19.5,6.84,12.66,6
643,4,231,9.75,3.42,6.33,3
644,8,232,100.0,50.0,50.0,5
645,5,3,6.98,2.0,4.98,2
646,5,233,10.47,3.0,7.47,3
647,4,234,9.75,3.42,6.33,3
648,3,235,10.8,3.6,7.2,3
649,2,235,10.8,3.3,7.5,3
650,3,235,7.2,2.4,4.8,2
651,2,235,18.0,5.5,12.5,5
652,1,234,11.25,3.9,7.35,3
653,2,235,7.2,2.2,5.0,2
654,9,236,3.25,3.0,0.25,1
655,2,237,10.8,3.3,7.5,3
656,3,237,10.8,3.6,7.2,3
657,5,237,13.96,4.0,9.96,4
658,1,76,11.25,3.9,7.35,3
659,3,237,3.6,1.2,2.4,1
660,2,238,3.6,1.1,2.5,1
661,4,163,6.5,2.28,4.22,2
662,1,65,7.5,2.6,4.9,2
663,5,39,10.47,3.0,7.47,3
664,4,65,9.75,3.42,6.33,3
665,5,38,10.47,3.0,7.47,3
666,4,190,16.25,5.7,10.55,5
667,3,239,21.6,7.2,14.4,6
668,4,55,6.5,2.28,4.22,2
669,3,132,32.4,10.8,21.6,9
670,5,2,10.47,3.0,7.47,3
671,4,1,22.75,7.98,14.77,7
672,1,42,11.25,3.9,7.35,3
673,5,39,6.98,2.0,4.98,2
674,6,240,7.5,3.6,3.9,6
675,4,241,22.75,7.98,14.77,7
676,3,39,7.2,2.4,4.8,2
677,4,42,22.75,7.98,14.77,7
678,3,2,7.2,2.4,4.8,2
679,2,2,7.2,2.2,5.0,2
680,3,147,7.2,2.4,4.8,2
681,4,140,6.5,2.28,4.22,2
682,5,242,10.47,3.0,7.47,3
683,1,243,11.25,3.9,7.35,3
684,4,243,6.5,2.28,4.22,2
685,4,244,13.0,4.56,8.44,4
686,1,244,7.5,2.6,4.9,2
687,10,245,30.0,6.0,24.0,3
688,4,246,9.75,3.42,6.33,3
689,6,135,5.0,2.4,2.6,4
690,5,149,3.49,1.0,2.49,1
691,4,8,6.5,2.28,4.22,2
692,2,247,14.4,4.4,10.0,4
693,1,8,33.75,11.7,22.05,9
694,5,38,3.49,1.0,2.49,1
695,4,8,6.5,2.28,4.22,2
696,1,248,18.75,6.5,12.25,5
697,3,249,10.8,3.6,7.2,3
698,2,151,7.2,2.2,5.0,2
699,2,151,32.4,9.9,22.5,9
700,1,250,30.0,10.4,19.6,8
701,5,251,10.47,3.0,7.47,3
702,5,44,17.45,5.0,12.45,5
703,2,3,7.2,2.2,5.0,2
704,5,104,13.96,4.0,9.96,4
705,2,32,7.2,2.2,5.0,2
706,1,8,11.25,3.9,7.35,3
707,5,71,6.98,2.0,4.98,2
708,3,3,7.2,2.4,4.8,2
709,5,3,10.47,3.0,7.47,3
710,4,4,6.5,2.28,4.22,2
711,1,252,3.75,1.3,2.45,1
712,1,121,15.0,5.2,9.8,4
713,5,253,10.47,3.0,7.47,3
714,2,254,18.0,5.5,12.5,5
715,3,254,18.0,6.0,12.0,5
716,3,254,7.2,2.4,4.8,2
717,5,39,6.98,2.0,4.98,2
718,1,65,7.5,2.6,4.9,2
719,4,255,22.75,7.98,14.77,7
720,1,255,15.0,5.2,9.8,4
721,5,256,24.43,7.0,17.43,7
722,3,256,18.0,6.0,12.0,5
723,5,44,6.98,2.0,4.98,2
724,2,44,7.2,2.2,5.0,2
725,1,45,15.0,5.2,9.8,4
726,2,44,28.8,8.8,20.0,8
727,1,45,11.25,3.9,7.35,3
728,4,45,29.25,10.26,18.99,9
729,1,65,7.5,2.6,4.9,2
730,1,33,15.0,5.2,9.8,4
731,3,2,10.8,3.6,7.2,3
732,3,2,14.4,4.8,9.6,4
733,4,257,6.5,2.28,4.22,2
734,5,38,6.98,2.0,4.98,2
735,4,8,22.75,7.98,14.77,7
736,1,8,3.75,1.3,2.45,1
737,6,135,3.75,1.8,1.95,3
738,4,65,9.75,3.42,6.33,3
739,1,1,26.25,9.1,17.15,7
740,2,258,7.2,2.2,5.0,2
741,4,259,6.5,2.28,4.22,2
742,1,259,18.75,6.5,12.25,5
743,4,55,6.5,2.28,4.22,2
744,3,132,3.6,1.2,2.4,1
745,1,55,11.25,3.9,7.35,3
746,3,3,25.2,8.4,16.8,7
747,1,8,11.25,3.9,7.35,3
748,2,38,10.8,3.3,7.5,3
749,1,4,11.25,3.9,7.35,3
750,4,128,13.0,4.56,8.44,4
751,5,30,10.47,3.0,7.47,3
752,1,128,11.25,3.9,7.35,3
753,3,30,14.4,4.8,9.6,4
754,4,260,13.0,4.56,8.44,4
755,1,8,7.5,2.6,4.9,2
756,5,261,24.43,7.0,17.43,7
757,3,261,7.2,2.4,4.8,2
758,2,262,7.2,2.2,5.0,2
759,3,262,18.0,6.0,12.0,5
760,1,97,18.75,6.5,12.25,5
761,3,263,3.6,1.2,2.4,1
762,1,264,7.5,2.6,4.9,2
763,5,265,6.98,2.0,4.98,2
764,2,266,10.8,3.3,7.5,3
765,4,267,6.5,2.28,4.22,2
766,2,266,7.2,2.2,5.0,2
767,4,267,16.25,5.7,10.55,5
768,2,71,7.2,2.2,5.0,2
769,5,71,13.96,4.0,9.96,4
770,4,217,29.25,10.26,18.99,9
771,1,217,3.75,1.3,2.45,1
772,3,216,28.8,9.6,19.2,8
773,2,268,10.8,3.3,7.5,3
774,1,269,3.75,1.3,2.45,1
775,1,270,18.75,6.5,12.25,5
776,2,271,18.0,5.5,12.5,5
777,1,270,11.25,3.9,7.35,3
778,3,44,28.8,9.6,19.2,8
779,1,200,18.75,6.5,12.25,5
780,2,272,32.4,9.9,22.5,9
781,2,272,18.0,5.5,12.5,5
782,3,272,3.6,1.2,2.4,1
783,5,273,6.98,2.0,4.98,2
784,1,274,22.5,7.8,14.7,6
785,3,39,7.2,2.4,4.8,2
786,3,133,7.2,2.4,4.8,2
787,2,133,7.2,2.2,5.0,2
788,5,133,10.47,3.0,7.47,3
789,1,1,33.75,11.7,22.05,9
790,2,3,7.2,2.2,5.0,2
791,3,275,7.2,2.4,4.8,2
792,2,2,43.2,13.2,30.0,12
793,4,1,3.25,1.14,2.11,1
794,2,2,7.2,2.2,5.0,2
795,4,115,3.25,1.14,2.11,1
796,2,116,3.6,1.1,2.5,1
797,1,115,18.75,6.5,12.25,5
798,1,115,11.25,3.9,7.35,3
799,2,116,14.4,4.4,10.0,4
800,3,7,28.8,9.6,19.2,8
801,5,20,17.45,5.0,12.45,5
802,1,1,7.5,2.6,4.9,2
803,4,8,16.25,5.7,10.55,5
804,4,128,13.0,4.56,8.44,4
805,5,38,10.47,3.0,7.47,3
806,3,38,14.4,4.8,9.6,4
807,4,8,9.75,3.42,6.33,3
808,2,38,10.8,3.3,7.5,3
809,4,276,6.5,2.28,4.22,2
810,1,65,18.75,6.5,12.25,5
811,1,16,18.75,6.5,12.25,5
812,2,277,14.4,4.4,10.0,4
813,1,42,15.0,5.2,9.8,4
814,1,42,3.75,1.3,2.45,1
815,2,32,10.8,3.3,7.5,3
816,5,54,13.96,4.0,9.96,4
817,3,38,10.8,3.6,7.2,3
818,3,38,25.2,8.4,16.8,7
819,2,278,21.6,6.6,15.0,6
820,4,91,9.75,3.42,6.33,3
821,3,71,14.4,4.8,9.6,4
822,1,91,48.75,16.9,31.85,13
823,3,279,14.4,4.8,9.6,4
824,2,280,14.4,4.4,10.0,4
825,4,205,13.0,4.56,8.44,4
826,4,205,22.75,7.98,14.77,7
827,2,2,10.8,3.3,7.5,3
828,1,1,3.75,1.3,2.45,1
829,9,281,13.0,12.0,1.0,4
830,3,282,7.2,2.4,4.8,2
831,2,282,10.8,3.3,7.5,3
832,4,283,6.5,2.28,4.22,2
833,4,1,9.75,3.42,6.33,3
834,4,1,16.25,5.7,10.55,5
835,5,2,17.45,5.0,12.45,5
836,5,2,13.96,4.0,9.96,4
837,3,2,10.8,3.6,7.2,3
838,4,1,13.0,4.56,8.44,4
839,2,2,10.8,3.3,7.5,3
840,1,1,11.25,3.9,7.35,3
841,3,284,7.2,2.4,4.8,2
842,1,285,26.25,9.1,17.15,7
843,3,284,18.0,6.0,12.0,5
844,5,284,20.94,6.0,14.94,6
845,3,99,18.0,6.0,12.0,5
846,2,162,14.4,4.4,10.0,4
847,3,162,18.0,6.0,12.0,5
848,1,163,3.75,1.3,2.45,1
849,3,286,3.6,1.2,2.4,1
850,3,156,10.8,3.6,7.2,3
851,4,287,22.75,7.98,14.77,7
852,5,39,6.98,2.0,4.98,2
853,1,65,15.0,5.2,9.8,4
854,1,1,15.0,5.2,9.8,4
855,5,3,6.98,2.0,4.98,2
856,1,153,11.25,3.9,7.35,3
857,1,288,7.5,2.6,4.9,2
858,4,288,9.75,3.42,6.33,3
859,2,138,18.0,5.5,12.5,5
860,1,4,11.25,3.9,7.35,3
861,5,3,17.45,5.0,12.45,5
862,4,4,6.5,2.28,4.22,2
863,4,289,13.0,4.56,8.44,4
864,1,290,3.75,1.3,2.45,1
865,3,291,10.8,3.6,7.2,3
866,2,292,18.0,5.5,12.5,5
867,3,125,10.8,3.6,7.2,3
868,5,79,6.98,2.0,4.98,2
869,4,293,9.75,3.42,6.33,3
870,5,79,3.49,1.0,2.49,1
871,3,2,10.8,3.6,7.2,3
872,1,1,18.75,6.5,12.25,5
873,3,38,10.8,3.6,7.2,3
874,2,39,3.6,1.1,2.5,1
875,2,44,10.8,3.3,7.5,3
876,1,294,11.25,3.9,7.35,3
877,4,294,9.75,3.42,6.33,3
878,3,295,7.2,2.4,4.8,2
879,1,294,7.5,2.6,4.9,2
880,4,4,3.25,1.14,2.11,1
881,1,4,11.25,3.9,7.35,3
882,3,39,7.2,2.4,4.8,2
883,3,3,3.6,1.2,2.4,1
884,1,4,7.5,2.6,4.9,2
885,6,119,1.25,0.6,0.65,1
886,2,2,28.8,8.8,20.0,8
887,3,296,14.4,4.8,9.6,4
888,1,297,18.75,6.5,12.25,5
889,5,296,6.98,2.0,4.98,2
890,1,217,7.5,2.6,4.9,2
891,6,298,8.75,4.2,4.55,7
892,2,216,14.4,4.4,10.0,4
893,2,299,7.2,2.2,5.0,2
894,1,300,18.75,6.5,12.25,5
895,4,301,16.25,5.7,10.55,5
896,3,143,14.4,4.8,9.6,4
897,4,302,9.75,3.42,6.33,3
898,4,16,3.25,1.14,2.11,1
899,3,277,7.2,2.4,4.8,2
900,5,277,6.98,2.0,4.98,2
901,4,16,9.75,3.42,6.33,3
902,2,303,18.0,5.5,12.5,5
903,3,68,25.2,8.4,16.8,7
904,1,18,3.75,1.3,2.45,1
905,5,68,6.98,2.0,4.98,2
906,1,172,7.5,2.6,4.9,2
907,2,304,10.8,3.3,7.5,3
908,4,190,16.25,5.7,10.55,5
909,5,239,13.96,4.0,9.96,4
910,3,239,10.8,3.6,7.2,3
911,5,3,10.47,3.0,7.47,3
912,2,105,14.4,4.4,10.0,4
913,1,305,3.75,1.3,2.45,1
914,2,105,10.8,3.3,7.5,3
915,3,105,7.2,2.4,4.8,2
916,2,158,3.6,1.1,2.5,1
917,2,306,7.2,2.2,5.0,2
918,2,306,18.0,5.5,12.5,5
919,4,269,13.0,4.56,8.44,4
920,4,307,3.25,1.14,2.11,1
921,3,308,10.8,3.6,7.2,3
922,2,308,7.2,2.2,5.0,2
923,9,309,22.75,21.0,1.75,7
924,1,310,7.5,2.6,4.9,2
925,4,8,3.25,1.14,2.11,1
926,5,38,10.47,3.0,7.47,3
927,4,244,16.25,5.7,10.55,5
928,3,311,18.0,6.0,12.0,5
929,5,226,3.49,1.0,2.49,1
930,1,312,7.5,2.6,4.9,2
931,5,226,6.98,2.0,4.98,2
932,4,312,6.5,2.28,4.22,2
933,4,312,9.75,3.42,6.33,3
934,2,32,18.0,5.5,12.5,5
935,8,224,80.0,40.0,40.0,4
936,2,143,7.2,2.2,5.0,2
937,3,143,28.8,9.6,19.2,8
938,3,143,3.6,1.2,2.4,1
939,5,143,31.41,9.0,22.41,9
940,6,135,2.5,1.2,1.3,2
941,1,8,7.5,2.6,4.9,2
942,3,38,10.8,3.6,7.2,3
943,4,313,9.75,3.42,6.33,3
944,3,180,10.8,3.6,7.2,3
945,2,180,10.8,3.3,7.5,3
946,1,314,18.75,6.5,12.25,5
947,1,314,7.5,2.6,4.9,2
948,1,314,26.25,9.1,17.15,7
949,6,315,5.0,2.4,2.6,4
950,3,31,7.2,2.4,4.8,2
951,3,278,14.4,4.8,9.6,4
952,2,316,3.6,1.1,2.5,1
953,5,317,10.47,3.0,7.47,3
954,5,176,24.43,7.0,17.43,7
955,1,177,18.75,6.5,12.25,5
956,1,4,11.25,3.9,7.35,3
957,3,3,21.6,7.2,14.4,6
958,1,177,11.25,3.9,7.35,3
959,3,38,32.4,10.8,21.6,9
960,3,38,28.8,9.6,19.2,8
961,1,8,3.75,1.3,2.45,1
962,5,38,6.98,2.0,4.98,2
963,2,38,3.6,1.1,2.5,1
964,3,38,10.8,3.6,7.2,3
965,8,135,140.0,70.0,70.0,7
966,5,38,10.47,3.0,7.47,3
967,1,91,15.0,5.2,9.8,4
968,4,91,6.5,2.28,4.22,2
969,4,123,6.5,2.28,4.22,2
970,2,72,14.4,4.4,10.0,4
971,1,123,3.75,1.3,2.45,1
972,2,72,25.2,7.7,17.5,7
973,5,15,3.49,1.0,2.49,1
974,2,15,28.8,8.8,20.0,8
975,5,318,27.92,8.0,19.92,8
976,1,319,3.75,1.3,2.45,1
977,3,132,10.8,3.6,7.2,3
978,3,320,3.6,1.2,2.4,1
979,2,2,32.4,9.9,22.5,9
980,4,210,6.5,2.28,4.22,2
981,2,99,21.6,6.6,15.0,6
982,4,210,3.25,1.14,2.11,1
983,4,210,9.75,3.42,6.33,3
984,5,3,31.41,9.0,22.41,9
985,2,7,10.8,3.3,7.5,3
986,4,321,22.75,7.98,14.77,7
987,4,321,19.5,6.84,12.66,6
988,3,322,28.8,9.6,19.2,8
989,4,321,16.25,5.7,10.55,5
990,2,322,28.8,8.8,20.0,8
991,3,132,7.2,2.4,4.8,2
992,3,74,10.8,3.6,7.2,3
993,1,73,11.25,3.9,7.35,3
994,5,125,10.47,3.0,7.47,3
995,3,156,7.2,2.4,4.8,2
996,4,126,16.25,5.7,10.55,5
997,4,323,6.5,2.28,4.22,2
998,3,151,21.6,7.2,14.4,6
999,4,324,13.0,4.56,8.44,4
1000,5,218,6.98,2.0,4.98,2
1001,4,209,6.5,2.28,4.22,2
1002,2,218,7.2,2.2,5.0,2
1003,2,325,14.4,4.4,10.0,4
1004,2,325,10.8,3.3,7.5,3
1005,1,285,7.5,2.6,4.9,2
1006,2,162,7.2,2.2,5.0,2
1007,1,326,3.75,1.3,2.45,1
1008,4,327,9.75,3.42,6.33,3
1009,5,3,10.47,3.0,7.47,3
1010,2,3,7.2,2.2,5.0,2
1011,4,4,6.5,2.28,4.22,2
1012,2,328,7.2,2.2,5.0,2
1013,2,329,28.8,8.8,20.0,8
1014,4,59,9.75,3.42,6.33,3
1015,4,330,3.25,1.14,2.11,1
1016,1,331,11.25,3.9,7.35,3
1017,3,30,7.2,2.4,4.8,2
1018,5,38,13.96,4.0,9.96,4
1019,3,38,18.0,6.0,12.0,5
1020,4,45,3.25,1.14,2.11,1
1021,1,65,11.25,3.9,7.35,3
1022,3,254,14.4,4.8,9.6,4
1023,2,38,25.2,7.7,17.5,7
1024,2,38,32.4,9.9,22.5,9
1025,2,38,18.0,5.5,12.5,5
1026,3,38,14.4,4.8,9.6,4
1027,1,8,11.25,3.9,7.35,3
1028,4,8,13.0,4.56,8.44,4
1029,1,8,22.5,7.8,14.7,6
1030,3,71,14.4,4.8,9.6,4
1031,4,91,6.5,2.28,4.22,2
1032,1,330,7.5,2.6,4.9,2
1033,5,332,3.49,1.0,2.49,1
1034,2,332,7.2,2.2,5.0,2
1035,3,333,10.8,3.6,7.2,3
1036,4,334,22.75,7.98,14.77,7
1037,1,334,11.25,3.9,7.35,3
1038,4,334,16.25,5.7,10.55,5
1039,1,335,18.75,6.5,12.25,5
1040,1,335,7.5,2.6,4.9,2
1041,2,336,10.8,3.3,7.5,3
1042,4,335,22.75,7.98,14.77,7
1043,2,336,7.2,2.2,5.0,2
1044,2,39,10.8,3.3,7.5,3
1045,1,211,15.0,5.2,9.8,4
1046,2,3,7.2,2.2,5.0,2
1047,3,3,7.2,2.4,4.8,2
1048,3,3,36.0,12.0,24.0,10
1049,3,71,10.8,3.6,7.2,3
1050,2,71,18.0,5.5,12.5,5
1051,3,71,14.4,4.8,9.6,4
1052,2,71,7.2,2.2,5.0,2
1053,1,91,7.5,2.6,4.9,2
1054,5,71,13.96,4.0,9.96,4
1055,1,337,7.5,2.6,4.9,2
1056,2,338,7.2,2.2,5.0,2
1057,3,338,21.6,7.2,14.4,6
1058,2,338,14.4,4.4,10.0,4
1059,5,2,13.96,4.0,9.96,4
1060,2,339,7.2,2.2,5.0,2
1061,1,1,15.0,5.2,9.8,4
1062,4,340,29.25,10.26,18.99,9
1063,2,261,18.0,5.5,12.5,5
1064,2,261,21.6,6.6,15.0,6
1065,5,261,10.47,3.0,7.47,3
1066,2,261,28.8,8.8,20.0,8
1067,3,341,10.8,3.6,7.2,3
1068,5,3,10.47,3.0,7.47,3
1069,3,3,3.6,1.2,2.4,1
1070,3,3,14.4,4.8,9.6,4
1071,5,3,6.98,2.0,4.98,2
1072,2,3,3.6,1.1,2.5,1
1073,3,342,25.2,8.4,16.8,7
1074,4,4,3.25,1.14,2.11,1
1075,4,4,9.75,3.42,6.33,3
1076,1,4,7.5,2.6,4.9,2
1077,4,343,9.75,3.42,6.33,3
1078,6,344,2.5,1.2,1.3,2
1079,1,345,7.5,2.6,4.9,2
1080,5,71,13.96,4.0,9.96,4
1081,4,91,3.25,1.14,2.11,1
1082,3,71,10.8,3.6,7.2,3
1083,5,38,3.49,1.0,2.49,1
1084,1,55,11.25,3.9,7.35,3
1085,1,55,7.5,2.6,4.9,2
1086,5,11,6.98,2.0,4.98,2
1087,2,11,10.8,3.3,7.5,3
1088,1,10,3.75,1.3,2.45,1
1089,2,30,10.8,3.3,7.5,3
1090,4,128,6.5,2.28,4.22,2
1091,2,346,10.8,3.3,7.5,3
1092,4,347,22.75,7.98,14.77,7
1093,5,346,17.45,5.0,12.45,5
1094,5,346,10.47,3.0,7.47,3
1095,1,4,15.0,5.2,9.8,4
1096,2,3,14.4,4.4,10.0,4
1097,3,3,10.8,3.6,7.2,3
1098,2,299,10.8,3.3,7.5,3
1099,1,4,15.0,5.2,9.8,4
1100,1,4,7.5,2.6,4.9,2
1101,5,308,10.47,3.0,7.47,3
1102,2,308,7.2,2.2,5.0,2
1103,6,348,3.75,1.8,1.95,3
1104,5,308,6.98,2.0,4.98,2
1105,4,307,9.75,3.42,6.33,3
1106,2,271,7.2,2.2,5.0,2
1107,1,270,33.75,11.7,22.05,9
1108,1,270,11.25,3.9,7.35,3
1109,6,349,3.75,1.8,1.95,3
1110,1,350,3.75,1.3,2.45,1
1111,5,124,3.49,1.0,2.49,1
1112,4,351,29.25,10.26,18.99,9
1113,2,81,7.2,2.2,5.0,2
1114,1,352,26.25,9.1,17.15,7
1115,3,353,14.4,4.8,9.6,4
1116,1,144,11.25,3.9,7.35,3
1117,2,39,7.2,2.2,5.0,2
1118,1,354,3.75,1.3,2.45,1
1119,4,354,16.25,5.7,10.55,5
1120,2,138,7.2,2.2,5.0,2
1121,4,354,6.5,2.28,4.22,2
1122,4,42,9.75,3.42,6.33,3
1123,3,44,25.2,8.4,16.8,7
1124,3,138,7.2,2.4,4.8,2
1125,4,354,6.5,2.28,4.22,2
1126,1,355,7.5,2.6,4.9,2
1127,2,356,18.0,5.5,12.5,5
1128,5,356,6.98,2.0,4.98,2
1129,4,357,3.25,1.14,2.11,1
1130,3,39,14.4,4.8,9.6,4
1131,8,358,40.0,20.0,20.0,2
1132,3,167,3.6,1.2,2.4,1
1133,4,359,6.5,2.28,4.22,2
1134,3,360,21.6,7.2,14.4,6
1135,5,360,20.94,6.0,14.94,6
1136,1,359,37.5,13.0,24.5,10
1137,4,359,22.75,7.98,14.77,7
1138,4,42,6.5,2.28,4.22,2
1139,2,32,18.0,5.5,12.5,5
1140,4,42,9.75,3.42,6.33,3
1141,3,32,7.2,2.4,4.8,2
1142,4,4,26.0,9.12,16.88,8
1143,3,3,14.4,4.8,9.6,4
1144,2,3,18.0,5.5,12.5,5
1145,5,3,13.96,4.0,9.96,4
1146,4,4,16.25,5.7,10.55,5
1147,5,3,17.45,5.0,12.45,5
1148,2,38,7.2,2.2,5.0,2
1149,2,38,10.8,3.3,7.5,3
1150,2,361,25.2,7.7,17.5,7
1151,1,362,7.5,2.6,4.9,2
1152,4,8,6.5,2.28,4.22,2
1153,1,128,7.5,2.6,4.9,2
1154,2,30,7.2,2.2,5.0,2
1155,6,363,2.5,1.2,1.3,2
1156,1,65,7.5,2.6,4.9,2
1157,1,65,18.75,6.5,12.25,5
1158,4,65,16.25,5.7,10.55,5
1159,4,65,13.0,4.56,8.44,4
1160,2,364,28.8,8.8,20.0,8
1161,2,3,7.2,2.2,5.0,2
1162,3,291,18.0,6.0,12.0,5
1163,4,91,6.5,2.28,4.22,2
1164,2,365,14.4,4.4,10.0,4
1165,9,366,26.0,24.0,2.0,8
1166,1,91,18.75,6.5,12.25,5
1167,2,38,18.0,5.5,12.5,5
1168,4,142,3.25,1.14,2.11,1
1169,3,367,10.8,3.6,7.2,3
1170,1,123,7.5,2.6,4.9,2
1171,4,4,13.0,4.56,8.44,4
1172,3,3,10.8,3.6,7.2,3
1173,5,38,17.45,5.0,12.45,5
1174,5,38,6.98,2.0,4.98,2
1175,5,38,13.96,4.0,9.96,4
1176,4,8,13.0,4.56,8.44,4
1177,3,368,18.0,6.0,12.0,5
1178,4,369,9.75,3.42,6.33,3
1179,3,368,21.6,7.2,14.4,6
1180,9,236,13.0,12.0,1.0,4
1181,3,2,10.8,3.6,7.2,3
1182,3,370,10.8,3.6,7.2,3
1183,5,156,10.47,3.0,7.47,3
1184,5,99,6.98,2.0,4.98,2
1185,5,99,10.47,3.0,7.47,3
1186,1,371,11.25,3.9,7.35,3
1187,2,3,10.8,3.3,7.5,3
1188,3,38,7.2,2.4,4.8,2
1189,4,8,9.75,3.42,6.33,3
1190,1,372,7.5,2.6,4.9,2
1191,4,372,6.5,2.28,4.22,2
1192,3,373,14.4,4.8,9.6,4
1193,5,373,6.98,2.0,4.98,2
1194,3,2,10.8,3.6,7.2,3
1195,2,286,18.0,5.5,12.5,5
1196,4,205,9.75,3.42,6.33,3
1197,4,4,13.0,4.56,8.44,4
1198,1,374,7.5,2.6,4.9,2
1199,2,132,3.6,1.1,2.5,1
1200,4,55,16.25,5.7,10.55,5
1201,1,65,3.75,1.3,2.45,1
1202,5,39,20.94,6.0,14.94,6
1203,5,375,6.98,2.0,4.98,2
1204,2,375,3.6,1.1,2.5,1
1205,4,376,13.0,4.56,8.44,4
1206,2,375,10.8,3.3,7.5,3
1207,1,91,7.5,2.6,4.9,2
1208,5,39,10.47,3.0,7.47,3
1209,4,65,45.5,15.96,29.54,14
1210,8,377,60.0,30.0,30.0,3
1211,1,128,15.0,5.2,9.8,4
1212,4,128,6.5,2.28,4.22,2
1213,1,42,18.75,6.5,12.25,5
1214,5,32,10.47,3.0,7.47,3
1215,2,152,28.8,8.8,20.0,8
1216,2,38,14.4,4.4,10.0,4
1217,5,378,17.45,5.0,12.45,5
1218,2,361,3.6,1.1,2.5,1
1219,4,362,3.25,1.14,2.11,1
1220,2,38,7.2,2.2,5.0,2
1221,4,379,3.25,1.14,2.11,1
1222,5,380,10.47,3.0,7.47,3
1223,4,8,22.75,7.98,14.77,7
1224,4,8,3.25,1.14,2.11,1
1225,5,58,10.47,3.0,7.47,3
1226,3,58,10.8,3.6,7.2,3
1227,4,381,13.0,4.56,8.44,4
1228,3,58,7.2,2.4,4.8,2
1229,5,382,17.45,5.0,12.45,5
1230,4,22,9.75,3.42,6.33,3
1231,5,39,10.47,3.0,7.47,3
1232,2,38,7.2,2.2,5.0,2
1233,2,138,7.2,2.2,5.0,2
1234,5,138,10.47,3.0,7.47,3
1235,3,138,10.8,3.6,7.2,3
1236,2,138,18.0,5.5,12.5,5
1237,5,32,24.43,7.0,17.43,7
1238,4,42,13.0,4.56,8.44,4
1239,5,125,10.47,3.0,7.47,3
1240,1,4,26.25,9.1,17.15,7
1241,2,383,7.2,2.2,5.0,2
1242,1,384,18.75,6.5,12.25,5
1243,9,385,22.75,21.0,1.75,7
1244,5,27,10.47,3.0,7.47,3
1245,4,33,3.25,1.14,2.11,1
1246,3,386,7.2,2.4,4.8,2
1247,8,224,120.0,60.0,60.0,6
1248,1,1,11.25,3.9,7.35,3
1249,2,387,10.8,3.3,7.5,3
1250,2,387,18.0,5.5,12.5,5
1251,3,387,10.8,3.6,7.2,3
1252,2,202,28.8,8.8,20.0,8
1253,2,202,18.0,5.5,12.5,5
1254,4,203,19.5,6.84,12.66,6
1255,3,202,28.8,9.6,19.2,8
1256,4,203,3.25,1.14,2.11,1
1257,8,388,40.0,20.0,20.0,2
1258,6,118,5.0,2.4,2.6,4
1259,2,138,14.4,4.4,10.0,4
1260,1,354,30.0,10.4,19.6,8
1261,1,354,11.25,3.9,7.35,3
1262,8,389,160.0,80.0,80.0,8
1263,4,390,13.0,4.56,8.44,4
1264,2,3,3.6,1.1,2.5,1
1265,3,3,7.2,2.4,4.8,2
1266,2,308,18.0,5.5,12.5,5
1267,1,96,7.5,2.6,4.9,2
1268,5,39,10.47,3.0,7.47,3
1269,4,128,6.5,2.28,4.22,2
1270,1,128,11.25,3.9,7.35,3
1271,4,128,13.0,4.56,8.44,4
1272,4,128,16.25,5.7,10.55,5
1273,4,128,22.75,7.98,14.77,7
1274,5,30,17.45,5.0,12.45,5
1275,1,128,15.0,5.2,9.8,4
1276,3,71,7.2,2.4,4.8,2
1277,3,71,10.8,3.6,7.2,3
1278,4,91,29.25,10.26,18.99,9
1279,3,239,7.2,2.4,4.8,2
1280,4,203,6.5,2.28,4.22,2
1281,4,203,3.25,1.14,2.11,1
1282,1,8,7.5,2.6,4.9,2
1283,4,21,9.75,3.42,6.33,3
1284,4,21,13.0,4.56,8.44,4
1285,1,21,7.5,2.6,4.9,2
1286,3,20,25.2,8.4,16.8,7
1287,4,65,9.75,3.42,6.33,3
1288,4,65,13.0,4.56,8.44,4
1289,1,1,7.5,2.6,4.9,2
1290,2,2,21.6,6.6,15.0,6
1291,4,294,6.5,2.28,4.22,2
1292,4,294,16.25,5.7,10.55,5
1293,5,30,6.98,2.0,4.98,2
1294,2,30,10.8,3.3,7.5,3
1295,2,3,10.8,3.3,7.5,3
1296,5,3,10.47,3.0,7.47,3
1297,3,3,7.2,2.4,4.8,2
1298,11,391,15.0,6.0,9.0,4
1299,5,392,17.45,5.0,12.45,5
1300,1,393,11.25,3.9,7.35,3
1301,2,32,10.8,3.3,7.5,3
1302,2,32,7.2,2.2,5.0,2
1303,3,32,18.0,6.0,12.0,5
1304,1,394,15.0,5.2,9.8,4
1305,6,395,3.75,1.8,1.95,3
1306,2,396,10.8,3.3,7.5,3
1307,1,330,7.5,2.6,4.9,2
1308,4,397,19.5,6.84,12.66,6
1309,4,397,9.75,3.42,6.33,3
1310,3,38,7.2,2.4,4.8,2
1311,1,8,7.5,2.6,4.9,2
1312,4,8,6.5,2.28,4.22,2
1313,5,20,31.41,9.0,22.41,9
1314,4,21,13.0,4.56,8.44,4
1315,3,2,3.6,1.2,2.4,1
1316,5,38,24.43,7.0,17.43,7
1317,4,4,6.5,2.28,4.22,2
1318,3,3,7.2,2.4,4.8,2
1319,1,4,15.0,5.2,9.8,4
1320,1,21,11.25,3.9,7.35,3
1321,2,398,3.6,1.1,2.5,1
1322,2,399,7.2,2.2,5.0,2
1323,2,400,7.2,2.2,5.0,2
1324,1,401,18.75,6.5,12.25,5
1325,4,65,13.0,4.56,8.44,4
1326,4,128,26.0,9.12,16.88,8
1327,12,391,6.0,3.2,2.8,4
1328,3,239,10.8,3.6,7.2,3
1329,4,190,13.0,4.56,8.44,4
1330,5,38,10.47,3.0,7.47,3
1331,3,38,14.4,4.8,9.6,4
1332,5,38,13.96,4.0,9.96,4
1333,4,8,26.0,9.12,16.88,8
1334,3,38,7.2,2.4,4.8,2
1335,4,45,16.25,5.7,10.55,5
1336,3,400,7.2,2.4,4.8,2
1337,5,400,13.96,4.0,9.96,4
1338,1,401,22.5,7.8,14.7,6
1339,1,401,11.25,3.9,7.35,3
1340,1,401,33.75,11.7,22.05,9
1341,4,401,13.0,4.56,8.44,4
1342,5,400,10.47,3.0,7.47,3
1343,1,401,26.25,9.1,17.15,7
1344,3,400,10.8,3.6,7.2,3
1345,1,45,7.5,2.6,4.9,2
1346,1,1,11.25,3.9,7.35,3
1347,3,2,14.4,4.8,9.6,4
1348,2,2,32.4,9.9,22.5,9
1349,3,2,10.8,3.6,7.2,3
1350,5,402,10.47,3.0,7.47,3
1351,5,402,27.92,8.0,19.92,8
1352,5,292,6.98,2.0,4.98,2
1353,4,403,16.25,5.7,10.55,5
1354,3,201,10.8,3.6,7.2,3
1355,4,302,9.75,3.42,6.33,3
1356,3,404,14.4,4.8,9.6,4
1357,5,404,10.47,3.0,7.47,3
1358,4,405,13.0,4.56,8.44,4
1359,2,406,18.0,5.5,12.5,5
1360,4,407,9.75,3.42,6.33,3
1361,5,406,6.98,2.0,4.98,2
1362,4,42,16.25,5.7,10.55,5
1363,3,303,25.2,8.4,16.8,7
1364,3,303,7.2,2.4,4.8,2
1365,5,303,17.45,5.0,12.45,5
1366,4,408,6.5,2.28,4.22,2
1367,1,408,3.75,1.3,2.45,1
1368,2,303,10.8,3.3,7.5,3
1369,1,4,7.5,2.6,4.9,2
1370,5,318,10.47,3.0,7.47,3
1371,3,39,10.8,3.6,7.2,3
1372,6,409,10.0,4.8,5.2,8
1373,2,30,10.8,3.3,7.5,3
1374,1,128,11.25,3.9,7.35,3
1375,5,30,10.47,3.0,7.47,3
1376,5,44,27.92,8.0,19.92,8
1377,5,3,10.47,3.0,7.47,3
1378,3,3,18.0,6.0,12.0,5
1379,4,4,16.25,5.7,10.55,5
1380,1,4,7.5,2.6,4.9,2
1381,4,4,9.75,3.42,6.33,3
1382,3,3,32.4,10.8,21.6,9
1383,2,20,7.2,2.2,5.0,2
1384,5,410,17.45,5.0,12.45,5
1385,6,411,3.75,1.8,1.95,3
1386,1,379,7.5,2.6,4.9,2
1387,2,412,25.2,7.7,17.5,7
1388,4,1,9.75,3.42,6.33,3
1389,4,1,26.0,9.12,16.88,8
1390,5,242,10.47,3.0,7.47,3
1391,5,3,48.86,14.0,34.86,14
1392,2,413,3.6,1.1,2.5,1
1393,1,4,7.5,2.6,4.9,2
1394,5,3,24.43,7.0,17.43,7
1395,2,3,7.2,2.2,5.0,2
1396,4,414,13.0,4.56,8.44,4
1397,1,8,18.75,6.5,12.25,5
1398,1,415,7.5,2.6,4.9,2
1399,5,38,10.47,3.0,7.47,3
1400,3,416,7.2,2.4,4.8,2
1401,2,416,7.2,2.2,5.0,2
1402,2,416,3.6,1.1,2.5,1
1403,3,417,14.4,4.8,9.6,4
1404,2,418,25.2,7.7,17.5,7
1405,3,418,7.2,2.4,4.8,2
1406,4,419,13.0,4.56,8.44,4
1407,2,44,18.0,5.5,12.5,5
1408,1,45,11.25,3.9,7.35,3
1409,4,45,29.25,10.26,18.99,9
1410,2,44,10.8,3.3,7.5,3
1411,2,38,7.2,2.2,5.0,2
1412,2,38,21.6,6.6,15.0,6
1413,2,38,18.0,5.5,12.5,5
1414,5,3,27.92,8.0,19.92,8
1415,9,420,9.75,9.0,0.75,3
1416,2,239,18.0,5.5,12.5,5
1417,3,2,21.6,7.2,14.4,6
1418,1,1,7.5,2.6,4.9,2
1419,3,2,7.2,2.4,4.8,2
1420,4,1,13.0,4.56,8.44,4
1421,1,91,18.75,6.5,12.25,5
1422,3,235,18.0,6.0,12.0,5
1423,3,162,10.8,3.6,7.2,3
1424,2,162,14.4,4.4,10.0,4
1425,5,421,31.41,9.0,22.41,9
1426,3,422,7.2,2.4,4.8,2
1427,3,3,7.2,2.4,4.8,2
1428,4,423,9.75,3.42,6.33,3
1429,1,423,7.5,2.6,4.9,2
1430,1,424,7.5,2.6,4.9,2
1431,4,424,6.5,2.28,4.22,2
1432,5,425,10.47,3.0,7.47,3
1433,2,425,32.4,9.9,22.5,9
1434,9,426,3.25,3.0,0.25,1
1435,2,249,3.6,1.1,2.5,1
1436,5,249,6.98,2.0,4.98,2
1437,4,248,6.5,2.28,4.22,2
1438,5,261,6.98,2.0,4.98,2
1439,5,261,10.47,3.0,7.47,3
1440,1,340,18.75,6.5,12.25,5
1441,2,328,10.8,3.3,7.5,3
1442,6,427,1.25,0.6,0.65,1
1443,2,152,14.4,4.4,10.0,4
1444,5,152,3.49,1.0,2.49,1
1445,4,65,16.25,5.7,10.55,5
1446,4,65,9.75,3.42,6.33,3
1447,1,65,11.25,3.9,7.35,3
1448,4,65,26.0,9.12,16.88,8
1449,4,65,13.0,4.56,8.44,4
1450,5,237,10.47,3.0,7.47,3
1451,3,237,18.0,6.0,12.0,5
1452,3,106,10.8,3.6,7.2,3
1453,2,20,7.2,2.2,5.0,2
1454,2,20,39.6,12.1,27.5,11
1455,4,21,3.25,1.14,2.11,1
1456,3,404,10.8,3.6,7.2,3
1457,2,268,18.0,5.5,12.5,5
1458,5,268,6.98,2.0,4.98,2
1459,2,268,7.2,2.2,5.0,2
1460,4,269,16.25,5.7,10.55,5
1461,5,20,24.43,7.0,17.43,7
1462,1,428,11.25,3.9,7.35,3
1463,4,428,6.5,2.28,4.22,2
1464,2,429,10.8,3.3,7.5,3
1465,2,31,18.0,5.5,12.5,5
1466,3,31,10.8,3.6,7.2,3
1467,3,31,25.2,8.4,16.8,7
1468,1,314,52.5,18.2,34.3,14
1469,5,38,6.98,2.0,4.98,2
1470,4,8,6.5,2.28,4.22,2
1471,5,38,17.45,5.0,12.45,5
1472,1,8,33.75,11.7,22.05,9
1473,3,38,18.0,6.0,12.0,5
1474,1,8,11.25,3.9,7.35,3
1475,4,430,9.75,3.42,6.33,3
1476,3,431,18.0,6.0,12.0,5
1477,1,430,18.75,6.5,12.25,5
1478,4,430,13.0,4.56,8.44,4
1479,2,432,18.0,5.5,12.5,5
1480,5,432,13.96,4.0,9.96,4
1481,1,65,11.25,3.9,7.35,3
1482,3,39,18.0,6.0,12.0,5
1483,1,1,15.0,5.2,9.8,4
1484,2,280,18.0,5.5,12.5,5
1485,2,2,18.0,5.5,12.5,5
1486,3,433,28.8,9.6,19.2,8
1487,3,434,10.8,3.6,7.2,3
1488,2,434,14.4,4.4,10.0,4
1489,2,38,25.2,7.7,17.5,7
1490,5,71,10.47,3.0,7.47,3
1491,5,71,24.43,7.0,17.43,7
1492,1,91,3.75,1.3,2.45,1
1493,3,56,10.8,3.6,7.2,3
1494,1,354,15.0,5.2,9.8,4
1495,5,39,13.96,4.0,9.96,4
1496,4,4,9.75,3.42,6.33,3
1497,4,91,6.5,2.28,4.22,2
1498,4,334,9.75,3.42,6.33,3
1499,2,435,10.8,3.3,7.5,3
1500,4,334,6.5,2.28,4.22,2
1501,5,436,20.94,6.0,14.94,6
1502,2,437,18.0,5.5,12.5,5
1503,5,437,6.98,2.0,4.98,2
1504,5,437,10.47,3.0,7.47,3
1505,4,438,9.75,3.42,6.33,3
1506,4,439,9.75,3.42,6.33,3
1507,5,213,6.98,2.0,4.98,2
1508,6,440,7.5,3.6,3.9,6
1509,2,441,46.8,14.3,32.5,13
1510,1,442,7.5,2.6,4.9,2
1511,3,2,10.8,3.6,7.2,3
1512,3,443,7.2,2.4,4.8,2
1513,5,443,20.94,6.0,14.94,6
1514,1,444,15.0,5.2,9.8,4
1515,5,443,10.47,3.0,7.47,3
1516,5,445,10.47,3.0,7.47,3
1517,1,8,7.5,2.6,4.9,2
1518,2,38,7.2,2.2,5.0,2
1519,2,38,18.0,5.5,12.5,5
1520,3,38,14.4,4.8,9.6,4
1521,3,239,10.8,3.6,7.2,3
1522,2,38,3.6,1.1,2.5,1
1523,5,20,24.43,7.0,17.43,7
1524,2,20,7.2,2.2,5.0,2
1525,2,39,18.0,5.5,12.5,5
1526,6,118,2.5,1.2,1.3,2
1527,4,65,3.25,1.14,2.11,1
1528,5,308,24.43,7.0,17.43,7
1529,5,30,10.47,3.0,7.47,3
1530,2,30,7.2,2.2,5.0,2
1531,3,30,3.6,1.2,2.4,1
1532,3,30,14.4,4.8,9.6,4
1533,4,8,22.75,7.98,14.77,7
1534,1,8,11.25,3.9,7.35,3
1535,5,446,6.98,2.0,4.98,2
1536,1,8,15.0,5.2,9.8,4
1537,5,27,6.98,2.0,4.98,2
1538,4,42,3.25,1.14,2.11,1
1539,5,44,6.98,2.0,4.98,2
1540,2,71,10.8,3.3,7.5,3
1541,2,3,18.0,5.5,12.5,5
1542,5,170,17.45,5.0,12.45,5
1543,5,447,6.98,2.0,4.98,2
1544,5,261,10.47,3.0,7.47,3
1545,3,261,10.8,3.6,7.2,3
1546,2,38,3.6,1.1,2.5,1
1547,1,8,15.0,5.2,9.8,4
1548,5,32,10.47,3.0,7.47,3
1549,4,42,3.25,1.14,2.11,1
1550,4,448,16.25,5.7,10.55,5
1551,3,449,7.2,2.4,4.8,2
1552,3,450,7.2,2.4,4.8,2
1553,2,39,50.4,15.4,35.0,14
1554,1,65,11.25,3.9,7.35,3
1555,1,42,7.5,2.6,4.9,2
1556,2,32,21.6,6.6,15.0,6
1557,4,42,3.25,1.14,2.11,1
1558,5,32,10.47,3.0,7.47,3
1559,4,451,22.75,7.98,14.77,7
1560,2,87,10.8,3.3,7.5,3
1561,2,39,3.6,1.1,2.5,1
1562,1,65,7.5,2.6,4.9,2
1563,5,39,13.96,4.0,9.96,4
1564,3,39,10.8,3.6,7.2,3
1565,3,38,14.4,4.8,9.6,4
1566,1,8,3.75,1.3,2.45,1
1567,5,38,17.45,5.0,12.45,5
1568,1,452,7.5,2.6,4.9,2
1569,4,45,6.5,2.28,4.22,2
1570,5,3,13.96,4.0,9.96,4
1571,1,4,22.5,7.8,14.7,6
1572,5,3,6.98,2.0,4.98,2
1573,3,37,10.8,3.6,7.2,3
1574,5,37,10.47,3.0,7.47,3
1575,2,37,3.6,1.1,2.5,1
1576,4,453,13.0,4.56,8.44,4
1577,3,2,10.8,3.6,7.2,3
1578,5,2,13.96,4.0,9.96,4
1579,5,2,17.45,5.0,12.45,5
1580,5,39,24.43,7.0,17.43,7
1581,2,60,28.8,8.8,20.0,8
1582,3,60,3.6,1.2,2.4,1
1583,1,454,3.75,1.3,2.45,1
1584,3,3,14.4,4.8,9.6,4
1585,6,224,3.75,1.8,1.95,3
1586,5,3,10.47,3.0,7.47,3
1587,4,257,16.25,5.7,10.55,5
1588,3,7,3.6,1.2,2.4,1
1589,5,308,6.98,2.0,4.98,2
1590,5,2,10.47,3.0,7.47,3
1591,4,4,9.75,3.42,6.33,3
1592,5,3,10.47,3.0,7.47,3
1593,3,38,7.2,2.4,4.8,2
1594,1,128,7.5,2.6,4.9,2
1595,5,383,13.96,4.0,9.96,4
1596,4,455,13.0,4.56,8.44,4
1597,1,45,18.75,6.5,12.25,5
1598,1,45,7.5,2.6,4.9,2
1599,5,44,10.47,3.0,7.47,3
1600,1,177,11.25,3.9,7.35,3
1601,5,39,6.98,2.0,4.98,2
1602,1,65,15.0,5.2,9.8,4
1603,5,2,10.47,3.0,7.47,3
1604,2,38,7.2,2.2,5.0,2
1605,1,8,26.25,9.1,17.15,7
1606,4,456,6.5,2.28,4.22,2
1607,3,162,14.4,4.8,9.6,4
1608,3,162,10.8,3.6,7.2,3
1609,6,171,6.25,3.0,3.25,5
1610,4,45,13.0,4.56,8.44,4
1611,2,457,14.4,4.4,10.0,4
1612,2,151,10.8,3.3,7.5,3
1613,5,39,3.49,1.0,2.49,1
1614,8,388,60.0,30.0,30.0,3
1615,2,202,3.6,1.1,2.5,1
1616,5,202,3.49,1.0,2.49,1
1617,4,354,9.75,3.42,6.33,3
1618,1,354,26.25,9.1,17.15,7
1619,1,76,3.75,1.3,2.45,1
1620,4,76,3.25,1.14,2.11,1
1621,1,76,11.25,3.9,7.35,3
1622,5,237,6.98,2.0,4.98,2
1623,5,237,17.45,5.0,12.45,5
1624,4,42,6.5,2.28,4.22,2
1625,5,458,10.47,3.0,7.47,3
1626,4,178,3.25,1.14,2.11,1
1627,4,91,9.75,3.42,6.33,3
1628,2,38,32.4,9.9,22.5,9
1629,1,8,22.5,7.8,14.7,6
1630,4,4,16.25,5.7,10.55,5
1631,4,4,9.75,3.42,6.33,3
1632,1,4,11.25,3.9,7.35,3
1633,2,410,18.0,5.5,12.5,5
1634,3,410,14.4,4.8,9.6,4
1635,1,51,11.25,3.9,7.35,3
1636,1,51,7.5,2.6,4.9,2
1637,3,206,10.8,3.6,7.2,3
1638,5,206,17.45,5.0,12.45,5
1639,1,4,33.75,11.7,22.05,9
1640,1,4,22.5,7.8,14.7,6
1641,2,3,7.2,2.2,5.0,2
1642,2,459,3.6,1.1,2.5,1
1643,3,459,28.8,9.6,19.2,8
1644,3,459,10.8,3.6,7.2,3
1645,2,3,18.0,5.5,12.5,5
1646,2,460,18.0,5.5,12.5,5
1647,5,461,20.94,6.0,14.94,6
1648,3,461,7.2,2.4,4.8,2
1649,2,258,7.2,2.2,5.0,2
1650,2,3,7.2,2.2,5.0,2
1651,2,3,10.8,3.3,7.5,3
1652,2,3,25.2,7.7,17.5,7
1653,4,4,9.75,3.42,6.33,3
1654,3,462,3.6,1.2,2.4,1
1655,3,463,10.8,3.6,7.2,3
1656,2,463,10.8,3.3,7.5,3
1657,5,463,10.47,3.0,7.47,3
1658,1,464,11.25,3.9,7.35,3
1659,2,3,32.4,9.9,22.5,9
1660,5,3,6.98,2.0,4.98,2
1661,1,4,18.75,6.5,12.25,5
1662,4,4,3.25,1.14,2.11,1
1663,2,3,21.6,6.6,15.0,6
1664,2,3,7.2,2.2,5.0,2
1665,1,4,7.5,2.6,4.9,2
1666,3,3,7.2,2.4,4.8,2
1667,4,42,6.5,2.28,4.22,2
1668,3,32,10.8,3.6,7.2,3
1669,4,42,19.5,6.84,12.66,6
1670,3,32,14.4,4.8,9.6,4
1671,3,30,18.0,6.0,12.0,5
1672,9,465,3.25,3.0,0.25,1
1673,5,466,10.47,3.0,7.47,3
1674,1,467,11.25,3.9,7.35,3
1675,2,466,10.8,3.3,7.5,3
1676,4,8,13.0,4.56,8.44,4
1677,4,8,6.5,2.28,4.22,2
1678,1,33,11.25,3.9,7.35,3
1679,2,27,14.4,4.4,10.0,4
1680,5,27,20.94,6.0,14.94,6
1681,2,27,25.2,7.7,17.5,7
1682,1,33,7.5,2.6,4.9,2
1683,1,33,3.75,1.3,2.45,1
1684,2,468,7.2,2.2,5.0,2
1685,1,469,11.25,3.9,7.35,3
1686,5,38,6.98,2.0,4.98,2
1687,2,39,7.2,2.2,5.0,2
1688,4,65,19.5,6.84,12.66,6
1689,3,39,28.8,9.6,19.2,8
1690,2,39,10.8,3.3,7.5,3
1691,9,470,9.75,9.0,0.75,3
1692,3,13,10.8,3.6,7.2,3
1693,9,222,22.75,21.0,1.75,7
1694,1,351,11.25,3.9,7.35,3
1695,2,132,21.6,6.6,15.0,6
1696,1,55,3.75,1.3,2.45,1
1697,2,206,7.2,2.2,5.0,2
1698,3,206,10.8,3.6,7.2,3
1699,3,44,7.2,2.4,4.8,2
1700,6,118,7.5,3.6,3.9,6
1701,2,39,7.2,2.2,5.0,2
1702,1,21,7.5,2.6,4.9,2
1703,1,319,11.25,3.9,7.35,3
1704,1,65,18.75,6.5,12.25,5
1705,4,471,3.25,1.14,2.11,1
1706,4,4,13.0,4.56,8.44,4
1707,3,3,28.8,9.6,19.2,8
1708,4,4,22.75,7.98,14.77,7
1709,3,3,10.8,3.6,7.2,3
1710,1,4,18.75,6.5,12.25,5
1711,3,472,7.2,2.4,4.8,2
1712,3,39,14.4,4.8,9.6,4
1713,4,1,26.0,9.12,16.88,8
1714,3,44,18.0,6.0,12.0,5
1715,4,45,6.5,2.28,4.22,2
1716,2,44,10.8,3.3,7.5,3
1717,5,44,3.49,1.0,2.49,1
1718,1,313,18.75,6.5,12.25,5
1719,4,313,13.0,4.56,8.44,4
1720,3,180,7.2,2.4,4.8,2
1721,2,137,28.8,8.8,20.0,8
1722,4,354,16.25,5.7,10.55,5
1723,5,138,20.94,6.0,14.94,6
1724,5,473,13.96,4.0,9.96,4
1725,1,474,11.25,3.9,7.35,3
1726,4,474,16.25,5.7,10.55,5
1727,5,475,20.94,6.0,14.94,6
1728,4,476,22.75,7.98,14.77,7
1729,2,475,18.0,5.5,12.5,5
1730,3,39,3.6,1.2,2.4,1
1731,1,65,11.25,3.9,7.35,3
1732,2,477,3.6,1.1,2.5,1
1733,4,478,9.75,3.42,6.33,3
1734,4,479,13.0,4.56,8.44,4
1735,3,480,21.6,7.2,14.4,6
1736,4,65,6.5,2.28,4.22,2
1737,2,39,10.8,3.3,7.5,3
1738,3,39,14.4,4.8,9.6,4
1739,4,481,6.5,2.28,4.22,2
1740,2,482,18.0,5.5,12.5,5
1741,1,481,15.0,5.2,9.8,4
1742,5,482,3.49,1.0,2.49,1
1743,2,482,7.2,2.2,5.0,2
1744,4,354,9.75,3.42,6.33,3
1745,3,138,25.2,8.4,16.8,7
1746,3,483,18.0,6.0,12.0,5
1747,4,55,6.5,2.28,4.22,2
1748,2,132,10.8,3.3,7.5,3
1749,3,434,10.8,3.6,7.2,3
1750,1,484,18.75,6.5,12.25,5
1751,5,485,27.92,8.0,19.92,8
1752,4,484,3.25,1.14,2.11,1
1753,3,170,14.4,4.8,9.6,4
1754,4,486,19.5,6.84,12.66,6
1755,5,487,10.47,3.0,7.47,3
1756,2,488,14.4,4.4,10.0,4
1757,1,489,22.5,7.8,14.7,6
1758,5,488,13.96,4.0,9.96,4
1759,1,490,18.75,6.5,12.25,5
1760,3,378,7.2,2.4,4.8,2
1761,3,378,18.0,6.0,12.0,5
1762,2,378,18.0,5.5,12.5,5
1763,4,490,3.25,1.14,2.11,1
1764,4,42,3.25,1.14,2.11,1
1765,5,30,6.98,2.0,4.98,2
1766,1,128,11.25,3.9,7.35,3
1767,5,39,27.92,8.0,19.92,8
1768,4,65,19.5,6.84,12.66,6
1769,3,39,25.2,8.4,16.8,7
1770,4,65,16.25,5.7,10.55,5
1771,3,39,14.4,4.8,9.6,4
1772,3,39,10.8,3.6,7.2,3
1773,1,491,11.25,3.9,7.35,3
1774,2,3,10.8,3.3,7.5,3
1775,3,38,18.0,6.0,12.0,5
1776,5,492,10.47,3.0,7.47,3
1777,4,493,9.75,3.42,6.33,3
1778,4,493,6.5,2.28,4.22,2
1779,5,492,20.94,6.0,14.94,6
1780,2,492,10.8,3.3,7.5,3
1781,3,277,7.2,2.4,4.8,2
1782,3,71,14.4,4.8,9.6,4
1783,4,8,19.5,6.84,12.66,6
1784,1,494,7.5,2.6,4.9,2
1785,3,495,36.0,12.0,24.0,10
1786,4,305,22.75,7.98,14.77,7
1787,2,105,18.0,5.5,12.5,5
1788,3,496,25.2,8.4,16.8,7
1789,1,1,22.5,7.8,14.7,6
1790,2,169,10.8,3.3,7.5,3
1791,4,324,16.25,5.7,10.55,5
1792,2,107,18.0,5.5,12.5,5
1793,6,497,3.75,1.8,1.95,3
1794,4,471,9.75,3.42,6.33,3
1795,3,3,18.0,6.0,12.0,5
1796,1,4,7.5,2.6,4.9,2
1797,2,3,18.0,5.5,12.5,5
1798,1,4,11.25,3.9,7.35,3
1799,4,313,29.25,10.26,18.99,9
1800,2,143,10.8,3.3,7.5,3
1801,4,255,16.25,5.7,10.55,5
1802,2,71,10.8,3.3,7.5,3
1803,4,1,6.5,2.28,4.22,2
1804,4,65,19.5,6.84,12.66,6
1805,1,498,11.25,3.9,7.35,3
1806,1,498,7.5,2.6,4.9,2
1807,4,498,22.75,7.98,14.77,7
1808,3,483,3.6,1.2,2.4,1
1809,3,499,18.0,6.0,12.0,5
1810,3,32,14.4,4.8,9.6,4
1811,4,42,13.0,4.56,8.44,4
1812,3,3,10.8,3.6,7.2,3
1813,5,500,17.45,5.0,12.45,5
1814,2,500,25.2,7.7,17.5,7
1815,2,38,10.8,3.3,7.5,3
1816,4,8,9.75,3.42,6.33,3
1817,1,8,22.5,7.8,14.7,6
1818,5,38,10.47,3.0,7.47,3
1819,4,190,6.5,2.28,4.22,2
1820,3,239,7.2,2.4,4.8,2
1821,2,239,10.8,3.3,7.5,3
1822,3,38,7.2,2.4,4.8,2
1823,1,8,15.0,5.2,9.8,4
1824,1,8,30.0,10.4,19.6,8
1825,5,38,24.43,7.0,17.43,7
1826,1,8,7.5,2.6,4.9,2
1827,2,56,7.2,2.2,5.0,2
1828,5,56,10.47,3.0,7.47,3
1829,4,501,6.5,2.28,4.22,2
1830,3,502,21.6,7.2,14.4,6
1831,3,503,18.0,6.0,12.0,5
1832,1,504,7.5,2.6,4.9,2
1833,5,54,20.94,6.0,14.94,6
1834,4,505,19.5,6.84,12.66,6
1835,2,506,7.2,2.2,5.0,2
1836,4,505,9.75,3.42,6.33,3
1837,5,507,6.98,2.0,4.98,2
1838,3,507,32.4,10.8,21.6,9
1839,2,3,32.4,9.9,22.5,9
1840,4,18,6.5,2.28,4.22,2
1841,2,508,3.6,1.1,2.5,1
1842,6,245,5.0,2.4,2.6,4
1843,9,509,6.5,6.0,0.5,2
1844,2,32,7.2,2.2,5.0,2
1845,2,2,14.4,4.4,10.0,4
1846,4,50,9.75,3.42,6.33,3
1847,1,50,15.0,5.2,9.8,4
1848,5,46,17.45,5.0,12.45,5
1849,1,42,22.5,7.8,14.7,6
1850,4,42,19.5,6.84,12.66,6
1851,4,42,6.5,2.28,4.22,2
1852,2,74,7.2,2.2,5.0,2
1853,2,306,14.4,4.4,10.0,4
1854,3,306,28.8,9.6,19.2,8
1855,5,306,13.96,4.0,9.96,4
1856,1,4,15.0,5.2,9.8,4
1857,5,3,6.98,2.0,4.98,2
1858,3,3,28.8,9.6,19.2,8
1859,3,3,10.8,3.6,7.2,3
1860,2,2,7.2,2.2,5.0,2
1861,3,2,39.6,13.2,26.4,11
1862,3,38,18.0,6.0,12.0,5
1863,5,176,20.94,6.0,14.94,6
1864,1,1,22.5,7.8,14.7,6
1865,1,510,7.5,2.6,4.9,2
1866,3,511,3.6,1.2,2.4,1
1867,5,39,10.47,3.0,7.47,3
1868,4,65,6.5,2.28,4.22,2
1869,1,65,11.25,3.9,7.35,3
1870,5,30,13.96,4.0,9.96,4
1871,2,38,7.2,2.2,5.0,2
1872,5,39,10.47,3.0,7.47,3
1873,4,91,6.5,2.28,4.22,2
1874,5,512,20.94,6.0,14.94,6
1875,5,513,6.98,2.0,4.98,2
1876,1,514,7.5,2.6,4.9,2
1877,2,492,7.2,2.2,5.0,2
1878,1,493,11.25,3.9,7.35,3
1879,3,124,10.8,3.6,7.2,3
1880,5,57,24.43,7.0,17.43,7
1881,1,50,15.0,5.2,9.8,4
1882,2,515,18.0,5.5,12.5,5
1883,4,327,6.5,2.28,4.22,2
1884,1,516,3.75,1.3,2.45,1
1885,1,516,11.25,3.9,7.35,3
1886,5,15,17.45,5.0,12.45,5
1887,1,517,11.25,3.9,7.35,3
1888,2,2,10.8,3.3,7.5,3
1889,1,1,30.0,10.4,19.6,8
1890,5,71,3.49,1.0,2.49,1
1891,5,71,17.45,5.0,12.45,5
1892,4,91,6.5,2.28,4.22,2
1893,4,1,6.5,2.28,4.22,2
1894,2,2,7.2,2.2,5.0,2
1895,3,518,18.0,6.0,12.0,5
1896,4,519,9.75,3.42,6.33,3
1897,2,518,18.0,5.5,12.5,5
1898,2,518,10.8,3.3,7.5,3
1899,3,44,3.6,1.2,2.4,1
1900,3,44,14.4,4.8,9.6,4
1901,5,44,24.43,7.0,17.43,7
1902,3,44,14.4,4.8,9.6,4
1903,3,44,7.2,2.4,4.8,2
1904,1,8,11.25,3.9,7.35,3
1905,5,38,10.47,3.0,7.47,3
1906,4,8,22.75,7.98,14.77,7
1907,4,67,9.75,3.42,6.33,3
1908,1,4,11.25,3.9,7.35,3
1909,13,391,6.0,3.6,2.4,4
1910,3,3,39.6,13.2,26.4,11
1911,4,42,6.5,2.28,4.22,2
1912,9,520,19.5,18.0,1.5,6
1913,5,32,6.98,2.0,4.98,2
1914,2,32,18.0,5.5,12.5,5
1915,3,32,18.0,6.0,12.0,5
1916,1,65,3.75,1.3,2.45,1
1917,5,39,20.94,6.0,14.94,6
1918,2,39,18.0,5.5,12.5,5
1919,2,521,3.6,1.1,2.5,1
1920,3,521,18.0,6.0,12.0,5
1921,4,84,19.5,6.84,12.66,6
1922,2,521,25.2,7.7,17.5,7
1923,3,44,21.6,7.2,14.4,6
1924,4,45,6.5,2.28,4.22,2
1925,1,288,22.5,7.8,14.7,6
1926,2,522,7.2,2.2,5.0,2
1927,4,65,6.5,2.28,4.22,2
1928,1,414,22.5,7.8,14.7,6
1929,4,414,13.0,4.56,8.44,4
1930,1,42,7.5,2.6,4.9,2
1931,3,523,21.6,7.2,14.4,6
1932,2,3,7.2,2.2,5.0,2
1933,4,524,16.25,5.7,10.55,5
1934,1,73,11.25,3.9,7.35,3
1935,4,525,3.25,1.14,2.11,1
1936,4,331,19.5,6.84,12.66,6
1937,3,526,7.2,2.4,4.8,2
1938,4,18,9.75,3.42,6.33,3
1939,1,18,22.5,7.8,14.7,6
1940,4,18,16.25,5.7,10.55,5
1941,5,19,17.45,5.0,12.45,5
1942,1,527,33.75,11.7,22.05,9
1943,3,528,14.4,4.8,9.6,4
1944,2,528,7.2,2.2,5.0,2
1945,5,434,13.96,4.0,9.96,4
1946,6,224,5.0,2.4,2.6,4
1947,4,4,22.75,7.98,14.77,7
1948,9,222,9.75,9.0,0.75,3
1949,9,222,13.0,12.0,1.0,4
1950,6,224,8.75,4.2,4.55,7
1951,3,156,18.0,6.0,12.0,5
1952,5,156,31.41,9.0,22.41,9
1953,6,529,2.5,1.2,1.3,2
1954,2,38,7.2,2.2,5.0,2
1955,3,129,10.8,3.6,7.2,3
1956,1,530,7.5,2.6,4.9,2
1957,2,129,10.8,3.3,7.5,3
1958,2,32,10.8,3.3,7.5,3
1959,3,180,7.2,2.4,4.8,2
1960,3,3,10.8,3.6,7.2,3
1961,5,531,6.98,2.0,4.98,2
1962,1,532,11.25,3.9,7.35,3
1963,1,4,26.25,9.1,17.15,7
1964,3,64,10.8,3.6,7.2,3
1965,4,128,39.0,13.68,25.32,12
1966,4,128,16.25,5.7,10.55,5
1967,4,384,19.5,6.84,12.66,6
1968,3,383,10.8,3.6,7.2,3
1969,5,533,10.47,3.0,7.47,3
1970,1,205,7.5,2.6,4.9,2
1971,5,71,6.98,2.0,4.98,2
1972,2,71,18.0,5.5,12.5,5
1973,4,354,6.5,2.28,4.22,2
1974,5,138,6.98,2.0,4.98,2
1975,3,138,7.2,2.4,4.8,2
1976,5,3,17.45,5.0,12.45,5
1977,1,534,18.75,6.5,12.25,5
1978,2,44,3.6,1.1,2.5,1
1979,6,119,7.5,3.6,3.9,6
1980,5,44,13.96,4.0,9.96,4
1981,3,3,10.8,3.6,7.2,3
1982,5,3,10.47,3.0,7.47,3
1983,1,4,15.0,5.2,9.8,4
1984,5,71,10.47,3.0,7.47,3
1985,3,44,10.8,3.6,7.2,3
1986,3,32,10.8,3.6,7.2,3
1987,5,32,13.96,4.0,9.96,4
1988,2,32,10.8,3.3,7.5,3
1989,1,42,3.75,1.3,2.45,1
1990,5,32,6.98,2.0,4.98,2
1991,4,42,9.75,3.42,6.33,3
1992,2,535,7.2,2.2,5.0,2
1993,1,4,11.25,3.9,7.35,3
1994,2,3,3.6,1.1,2.5,1
1995,1,55,3.75,1.3,2.45,1
1996,2,72,14.4,4.4,10.0,4
1997,2,536,3.6,1.1,2.5,1
1998,1,4,15.0,5.2,9.8,4
1999,5,32,10.47,3.0,7.47,3
2000,1,65,11.25,3.9,7.35,3
2001,2,39,3.6,1.1,2.5,1
2002,3,39,10.8,3.6,7.2,3
2003,1,65,3.75,1.3,2.45,1
2004,4,65,19.5,6.84,12.66,6
2005,4,537,3.25,1.14,2.11,1
2006,2,538,10.8,3.3,7.5,3
2007,5,39,6.98,2.0,4.98,2
2008,1,65,11.25,3.9,7.35,3
2009,1,65,33.75,11.7,22.05,9
2010,5,71,10.47,3.0,7.47,3
2011,5,38,10.47,3.0,7.47,3
2012,3,38,7.2,2.4,4.8,2
2013,2,38,10.8,3.3,7.5,3
2014,3,226,25.2,8.4,16.8,7
2015,1,91,3.75,1.3,2.45,1
2016,4,91,6.5,2.28,4.22,2
2017,5,539,13.96,4.0,9.96,4
2018,3,3,7.2,2.4,4.8,2
2019,2,3,10.8,3.3,7.5,3
2020,4,8,22.75,7.98,14.77,7
2021,3,38,10.8,3.6,7.2,3
2022,4,8,6.5,2.28,4.22,2
2023,4,42,19.5,6.84,12.66,6
2024,3,218,14.4,4.8,9.6,4
2025,1,540,11.25,3.9,7.35,3
2026,1,384,26.25,9.1,17.15,7
2027,2,541,18.0,5.5,12.5,5
2028,2,542,3.6,1.1,2.5,1
2029,3,425,18.0,6.0,12.0,5
2030,5,2,17.45,5.0,12.45,5
2031,4,1,3.25,1.14,2.11,1
2032,1,1,15.0,5.2,9.8,4
2033,2,2,7.2,2.2,5.0,2
2034,1,543,11.25,3.9,7.35,3
2035,9,544,9.75,9.0,0.75,3
2036,4,543,6.5,2.28,4.22,2
2037,4,543,19.5,6.84,12.66,6
2038,2,545,21.6,6.6,15.0,6
2039,4,4,13.0,4.56,8.44,4
2040,1,546,18.75,6.5,12.25,5
2041,1,546,15.0,5.2,9.8,4
2042,4,546,9.75,3.42,6.33,3
2043,2,499,25.2,7.7,17.5,7
2044,3,547,10.8,3.6,7.2,3
2045,1,548,18.75,6.5,12.25,5
2046,2,549,7.2,2.2,5.0,2
2047,1,128,15.0,5.2,9.8,4
2048,2,30,14.4,4.4,10.0,4
2049,5,38,6.98,2.0,4.98,2
2050,2,38,10.8,3.3,7.5,3
2051,4,550,6.5,2.28,4.22,2
2052,5,32,17.45,5.0,12.45,5
2053,5,32,3.49,1.0,2.49,1
2054,3,32,14.4,4.8,9.6,4
2055,1,42,22.5,7.8,14.7,6
2056,2,30,7.2,2.2,5.0,2
2057,3,30,14.4,4.8,9.6,4
2058,1,128,3.75,1.3,2.45,1
2059,2,71,7.2,2.2,5.0,2
2060,5,38,6.98,2.0,4.98,2
2061,1,551,18.75,6.5,12.25,5
2062,3,87,10.8,3.6,7.2,3
2063,4,551,16.25,5.7,10.55,5
2064,4,552,9.75,3.42,6.33,3
2065,3,553,7.2,2.4,4.8,2
2066,5,553,10.47,3.0,7.47,3
2067,4,554,6.5,2.28,4.22,2
2068,2,158,7.2,2.2,5.0,2
2069,5,158,17.45,5.0,12.45,5
2070,1,199,7.5,2.6,4.9,2
2071,1,4,11.25,3.9,7.35,3
2072,3,3,10.8,3.6,7.2,3
2073,3,555,18.0,6.0,12.0,5
2074,3,555,21.6,7.2,14.4,6
2075,1,471,11.25,3.9,7.35,3
2076,3,32,10.8,3.6,7.2,3
2077,2,32,7.2,2.2,5.0,2
2078,5,32,10.47,3.0,7.47,3
2079,3,195,7.2,2.4,4.8,2
2080,3,79,14.4,4.8,9.6,4
2081,5,79,10.47,3.0,7.47,3
2082,1,42,7.5,2.6,4.9,2
2083,4,8,45.5,15.96,29.54,14
2084,3,39,7.2,2.4,4.8,2
2085,5,556,17.45,5.0,12.45,5
2086,3,237,10.8,3.6,7.2,3
2087,3,237,7.2,2.4,4.8,2
2088,4,76,9.75,3.42,6.33,3
2089,2,237,7.2,2.2,5.0,2
2090,4,42,3.25,1.14,2.11,1
2091,4,1,3.25,1.14,2.11,1
2092,1,91,11.25,3.9,7.35,3
2093,2,557,3.6,1.1,2.5,1
2094,2,557,18.0,5.5,12.5,5
2095,1,205,3.75,1.3,2.45,1
2096,4,205,9.75,3.42,6.33,3
2097,5,3,17.45,5.0,12.45,5
2098,1,4,7.5,2.6,4.9,2
2099,2,3,3.6,1.1,2.5,1
2100,3,3,3.6,1.2,2.4,1
2101,5,61,6.98,2.0,4.98,2
2102,4,97,6.5,2.28,4.22,2
2103,8,558,80.0,40.0,40.0,4
2104,8,558,60.0,30.0,30.0,3
2105,3,61,7.2,2.4,4.8,2
2106,4,4,9.75,3.42,6.33,3
2107,4,4,3.25,1.14,2.11,1
2108,1,559,26.25,9.1,17.15,7
2109,5,560,31.41,9.0,22.41,9
2110,2,561,18.0,5.5,12.5,5
2111,2,2,10.8,3.3,7.5,3
2112,5,2,20.94,6.0,14.94,6
2113,1,205,15.0,5.2,9.8,4
2114,5,562,24.43,7.0,17.43,7
2115,3,299,7.2,2.4,4.8,2
2116,5,299,10.47,3.0,7.47,3
2117,1,563,18.75,6.5,12.25,5
2118,3,38,18.0,6.0,12.0,5
2119,4,210,13.0,4.56,8.44,4
2120,5,99,6.98,2.0,4.98,2
2121,2,99,10.8,3.3,7.5,3
2122,4,210,9.75,3.42,6.33,3
2123,1,73,11.25,3.9,7.35,3
2124,4,73,6.5,2.28,4.22,2
2125,1,73,18.75,6.5,12.25,5
2126,5,74,6.98,2.0,4.98,2
2127,2,74,10.8,3.3,7.5,3
2128,2,43,28.8,8.8,20.0,8
2129,4,564,6.5,2.28,4.22,2
2130,5,228,3.49,1.0,2.49,1
2131,3,228,7.2,2.4,4.8,2
2132,4,65,9.75,3.42,6.33,3
2133,5,565,10.47,3.0,7.47,3
2134,4,8,29.25,10.26,18.99,9
2135,3,513,10.8,3.6,7.2,3
2136,4,514,6.5,2.28,4.22,2
2137,1,408,15.0,5.2,9.8,4
2138,1,408,11.25,3.9,7.35,3
2139,3,71,10.8,3.6,7.2,3
2140,2,3,3.6,1.1,2.5,1
2141,4,4,16.25,5.7,10.55,5
2142,2,3,14.4,4.4,10.0,4
2143,5,282,13.96,4.0,9.96,4
2144,2,282,32.4,9.9,22.5,9
2145,4,283,6.5,2.28,4.22,2
2146,1,283,15.0,5.2,9.8,4
2147,4,21,13.0,4.56,8.44,4
2148,3,20,25.2,8.4,16.8,7
2149,1,209,15.0,5.2,9.8,4
2150,5,218,20.94,6.0,14.94,6
2151,9,566,6.5,6.0,0.5,2
2152,3,218,21.6,7.2,14.4,6
2153,3,2,7.2,2.4,4.8,2
2154,1,4,11.25,3.9,7.35,3
2155,1,8,7.5,2.6,4.9,2
2156,2,38,10.8,3.3,7.5,3
2157,4,65,6.5,2.28,4.22,2
2158,4,65,9.75,3.42,6.33,3
2159,8,118,20.0,10.0,10.0,1
2160,2,39,10.8,3.3,7.5,3
2161,2,266,14.4,4.4,10.0,4
2162,4,267,13.0,4.56,8.44,4
2163,3,567,18.0,6.0,12.0,5
2164,5,272,10.47,3.0,7.47,3
2165,3,3,7.2,2.4,4.8,2
2166,2,521,7.2,2.2,5.0,2
2167,5,521,6.98,2.0,4.98,2
2168,2,521,3.6,1.1,2.5,1
2169,3,568,7.2,2.4,4.8,2
2170,2,568,10.8,3.3,7.5,3
2171,2,56,21.6,6.6,15.0,6
2172,6,135,1.25,0.6,0.65,1
2173,3,38,7.2,2.4,4.8,2
2174,5,38,20.94,6.0,14.94,6
2175,4,334,29.25,10.26,18.99,9
2176,4,142,19.5,6.84,12.66,6
2177,4,340,6.5,2.28,4.22,2
2178,5,541,13.96,4.0,9.96,4
2179,5,569,13.96,4.0,9.96,4
2180,5,569,6.98,2.0,4.98,2
2181,4,570,3.25,1.14,2.11,1
2182,5,272,10.47,3.0,7.47,3
2183,1,285,30.0,10.4,19.6,8
2184,1,571,26.25,9.1,17.15,7
2185,2,2,18.0,5.5,12.5,5
2186,2,71,10.8,3.3,7.5,3
2187,4,91,13.0,4.56,8.44,4
2188,3,44,10.8,3.6,7.2,3
2189,5,44,6.98,2.0,4.98,2
2190,3,157,7.2,2.4,4.8,2
2191,4,563,19.5,6.84,12.66,6
2192,4,563,13.0,4.56,8.44,4
2193,2,299,7.2,2.2,5.0,2
2194,3,572,7.2,2.4,4.8,2
2195,3,572,21.6,7.2,14.4,6
2196,1,200,7.5,2.6,4.9,2
2197,5,125,13.96,4.0,9.96,4
2198,4,55,13.0,4.56,8.44,4
2199,2,573,14.4,4.4,10.0,4
2200,5,573,6.98,2.0,4.98,2
2201,1,574,7.5,2.6,4.9,2
2202,1,51,18.75,6.5,12.25,5
2203,4,51,22.75,7.98,14.77,7
2204,9,575,22.75,21.0,1.75,7
2205,1,76,18.75,6.5,12.25,5
2206,1,576,11.25,3.9,7.35,3
2207,1,45,3.75,1.3,2.45,1
2208,4,45,3.25,1.14,2.11,1
2209,5,44,24.43,7.0,17.43,7
2210,3,44,21.6,7.2,14.4,6
2211,3,44,10.8,3.6,7.2,3
2212,1,8,7.5,2.6,4.9,2
2213,5,38,10.47,3.0,7.47,3
2214,2,38,7.2,2.2,5.0,2
2215,4,8,3.25,1.14,2.11,1
2216,4,4,6.5,2.28,4.22,2
2217,5,3,10.47,3.0,7.47,3
2218,4,4,6.5,2.28,4.22,2
2219,4,8,26.0,9.12,16.88,8
2220,3,38,7.2,2.4,4.8,2
2221,2,32,7.2,2.2,5.0,2
2222,2,383,7.2,2.2,5.0,2
2223,2,383,25.2,7.7,17.5,7
2224,5,541,10.47,3.0,7.47,3
2225,4,26,16.25,5.7,10.55,5
2226,5,396,6.98,2.0,4.98,2
2227,2,396,14.4,4.4,10.0,4
2228,4,577,6.5,2.28,4.22,2
2229,5,71,10.47,3.0,7.47,3
2230,1,414,22.5,7.8,14.7,6
2231,5,386,10.47,3.0,7.47,3
2232,5,386,20.94,6.0,14.94,6
2233,1,76,11.25,3.9,7.35,3
2234,2,237,21.6,6.6,15.0,6
2235,2,237,10.8,3.3,7.5,3
2236,1,1,11.25,3.9,7.35,3
2237,5,2,6.98,2.0,4.98,2
2238,5,2,17.45,5.0,12.45,5
2239,5,342,6.98,2.0,4.98,2
2240,5,81,24.43,7.0,17.43,7
2241,1,187,7.5,2.6,4.9,2
2242,6,578,11.25,5.4,5.85,9
2243,4,579,9.75,3.42,6.33,3
2244,3,132,18.0,6.0,12.0,5
2245,2,480,7.2,2.2,5.0,2
2246,1,45,33.75,11.7,22.05,9
2247,1,45,7.5,2.6,4.9,2
2248,3,44,3.6,1.2,2.4,1
2249,1,123,18.75,6.5,12.25,5
2250,1,123,11.25,3.9,7.35,3
2251,2,580,7.2,2.2,5.0,2
2252,2,2,10.8,3.3,7.5,3
2253,3,39,10.8,3.6,7.2,3
2254,1,65,7.5,2.6,4.9,2
2255,1,65,33.75,11.7,22.05,9
2256,2,39,10.8,3.3,7.5,3
2257,2,39,3.6,1.1,2.5,1
2258,1,581,3.75,1.3,2.45,1
2259,4,21,6.5,2.28,4.22,2
2260,3,20,18.0,6.0,12.0,5
2261,3,20,14.4,4.8,9.6,4
2262,4,21,9.75,3.42,6.33,3
2263,4,21,19.5,6.84,12.66,6
2264,4,372,9.75,3.42,6.33,3
2265,4,372,16.25,5.7,10.55,5
2266,3,373,10.8,3.6,7.2,3
2267,1,128,11.25,3.9,7.35,3
2268,9,582,13.0,12.0,1.0,4
2269,3,3,3.6,1.2,2.4,1
2270,5,218,10.47,3.0,7.47,3
2271,1,65,15.0,5.2,9.8,4
2272,4,16,19.5,6.84,12.66,6
2273,8,583,100.0,50.0,50.0,5
2274,4,16,16.25,5.7,10.55,5
2275,1,584,18.75,6.5,12.25,5
2276,5,132,10.47,3.0,7.47,3
2277,5,167,10.47,3.0,7.47,3
2278,3,167,25.2,8.4,16.8,7
2279,1,585,11.25,3.9,7.35,3
2280,1,419,33.75,11.7,22.05,9
2281,4,586,22.75,7.98,14.77,7
2282,2,3,10.8,3.3,7.5,3
2283,2,129,18.0,5.5,12.5,5
2284,5,129,3.49,1.0,2.49,1
2285,3,99,7.2,2.4,4.8,2
2286,2,99,7.2,2.2,5.0,2
2287,1,210,26.25,9.1,17.15,7
2288,4,587,9.75,3.42,6.33,3
2289,2,3,21.6,6.6,15.0,6
2290,4,4,9.75,3.42,6.33,3
2291,4,4,16.25,5.7,10.55,5
2292,2,3,3.6,1.1,2.5,1
2293,2,3,28.8,8.8,20.0,8
2294,2,3,10.8,3.3,7.5,3
2295,5,3,27.92,8.0,19.92,8
2296,4,4,19.5,6.84,12.66,6
2297,1,448,18.75,6.5,12.25,5
2298,1,51,22.5,7.8,14.7,6
2299,2,180,7.2,2.2,5.0,2
2300,3,588,14.4,4.8,9.6,4
2301,2,588,3.6,1.1,2.5,1
2302,1,334,7.5,2.6,4.9,2
2303,5,435,10.47,3.0,7.47,3
2304,4,334,22.75,7.98,14.77,7
2305,9,589,19.5,18.0,1.5,6
2306,2,266,25.2,7.7,17.5,7
2307,5,266,34.9,10.0,24.9,10
2308,3,266,18.0,6.0,12.0,5
2309,4,590,3.25,1.14,2.11,1
2310,5,318,13.96,4.0,9.96,4
2311,4,319,9.75,3.42,6.33,3
2312,1,42,26.25,9.1,17.15,7
2313,2,38,3.6,1.1,2.5,1
2314,2,38,14.4,4.4,10.0,4
2315,1,8,7.5,2.6,4.9,2
2316,5,105,17.45,5.0,12.45,5
2317,3,2,10.8,3.6,7.2,3
2318,1,1,7.5,2.6,4.9,2
2319,1,73,15.0,5.2,9.8,4
2320,1,1,26.25,9.1,17.15,7
2321,1,591,3.75,1.3,2.45,1
2322,2,592,18.0,5.5,12.5,5
2323,3,435,10.8,3.6,7.2,3
2324,4,45,19.5,6.84,12.66,6
2325,2,299,14.4,4.4,10.0,4
2326,5,593,6.98,2.0,4.98,2
2327,5,593,3.49,1.0,2.49,1
2328,5,132,6.98,2.0,4.98,2
2329,5,38,6.98,2.0,4.98,2
2330,2,38,10.8,3.3,7.5,3
2331,4,8,26.0,9.12,16.88,8
2332,4,407,6.5,2.28,4.22,2
2333,3,44,39.6,13.2,26.4,11
2334,4,45,9.75,3.42,6.33,3
2335,3,3,10.8,3.6,7.2,3
2336,5,594,10.47,3.0,7.47,3
2337,1,190,11.25,3.9,7.35,3
2338,2,239,7.2,2.2,5.0,2
2339,4,197,6.5,2.28,4.22,2
2340,2,156,10.8,3.3,7.5,3
2341,3,595,7.2,2.4,4.8,2
2342,2,595,3.6,1.1,2.5,1
2343,2,595,25.2,7.7,17.5,7
2344,3,595,21.6,7.2,14.4,6
2345,5,595,17.45,5.0,12.45,5
2346,5,595,6.98,2.0,4.98,2
2347,4,314,6.5,2.28,4.22,2
2348,5,31,6.98,2.0,4.98,2
2349,3,596,7.2,2.4,4.8,2
2350,1,597,7.5,2.6,4.9,2
2351,3,598,14.4,4.8,9.6,4
2352,4,160,29.25,10.26,18.99,9
2353,1,160,26.25,9.1,17.15,7
2354,5,599,24.43,7.0,17.43,7
2355,3,2,7.2,2.4,4.8,2
2356,4,120,19.5,6.84,12.66,6
2357,4,91,22.75,7.98,14.77,7
2358,5,71,6.98,2.0,4.98,2
2359,2,595,3.6,1.1,2.5,1
2360,3,44,7.2,2.4,4.8,2
2361,5,38,10.47,3.0,7.47,3
2362,1,8,18.75,6.5,12.25,5
2363,3,38,18.0,6.0,12.0,5
2364,3,39,3.6,1.2,2.4,1
2365,2,600,25.2,7.7,17.5,7
2366,1,419,3.75,1.3,2.45,1
2367,2,38,21.6,6.6,15.0,6
2368,4,8,6.5,2.28,4.22,2
2369,3,38,25.2,8.4,16.8,7
2370,1,601,37.5,13.0,24.5,10
2371,2,602,14.4,4.4,10.0,4
2372,3,603,10.8,3.6,7.2,3
2373,9,604,9.75,9.0,0.75,3
2374,2,603,7.2,2.2,5.0,2
2375,3,605,7.2,2.4,4.8,2
2376,1,606,18.75,6.5,12.25,5
2377,2,3,21.6,6.6,15.0,6
2378,1,607,11.25,3.9,7.35,3
2379,4,607,9.75,3.42,6.33,3
2380,1,607,15.0,5.2,9.8,4
2381,1,608,7.5,2.6,4.9,2
2382,1,65,7.5,2.6,4.9,2
2383,9,309,29.25,27.0,2.25,9
2384,3,39,7.2,2.4,4.8,2
2385,5,202,27.92,8.0,19.92,8
2386,2,32,10.8,3.3,7.5,3
2387,3,3,7.2,2.4,4.8,2
2388,3,3,39.6,13.2,26.4,11
2389,3,291,10.8,3.6,7.2,3
2390,1,290,22.5,7.8,14.7,6
2391,1,290,11.25,3.9,7.35,3
2392,2,291,3.6,1.1,2.5,1
2393,1,8,11.25,3.9,7.35,3
2394,2,38,7.2,2.2,5.0,2
2395,2,3,28.8,8.8,20.0,8
2396,3,3,10.8,3.6,7.2,3
2397,2,3,3.6,1.1,2.5,1
2398,4,4,13.0,4.56,8.44,4
2399,4,4,6.5,2.28,4.22,2
2400,1,155,22.5,7.8,14.7,6
2401,2,433,10.8,3.3,7.5,3
2402,2,433,18.0,5.5,12.5,5
2403,4,45,6.5,2.28,4.22,2
2404,1,609,3.75,1.3,2.45,1
2405,2,610,25.2,7.7,17.5,7
2406,1,609,7.5,2.6,4.9,2
2407,2,610,10.8,3.3,7.5,3
2408,2,610,14.4,4.4,10.0,4
2409,4,609,6.5,2.28,4.22,2
2410,5,156,20.94,6.0,14.94,6
2411,2,156,18.0,5.5,12.5,5
2412,5,156,3.49,1.0,2.49,1
2413,3,156,7.2,2.4,4.8,2
2414,3,156,25.2,8.4,16.8,7
2415,5,2,13.96,4.0,9.96,4
2416,3,2,14.4,4.8,9.6,4
2417,2,2,7.2,2.2,5.0,2
2418,2,215,7.2,2.2,5.0,2
2419,1,355,7.5,2.6,4.9,2
2420,1,1,7.5,2.6,4.9,2
2421,2,2,10.8,3.3,7.5,3
2422,3,599,10.8,3.6,7.2,3
2423,1,1,26.25,9.1,17.15,7
2424,2,124,18.0,5.5,12.5,5
2425,3,492,14.4,4.8,9.6,4
2426,1,493,26.25,9.1,17.15,7
2427,4,493,16.25,5.7,10.55,5
2428,1,493,15.0,5.2,9.8,4
2429,5,30,13.96,4.0,9.96,4
2430,1,4,7.5,2.6,4.9,2
2431,3,2,7.2,2.4,4.8,2
2432,2,2,14.4,4.4,10.0,4
2433,1,65,11.25,3.9,7.35,3
2434,3,611,10.8,3.6,7.2,3
2435,5,611,24.43,7.0,17.43,7
2436,5,612,3.49,1.0,2.49,1
2437,2,613,21.6,6.6,15.0,6
2438,1,584,15.0,5.2,9.8,4
2439,5,3,10.47,3.0,7.47,3
2440,1,4,7.5,2.6,4.9,2
2441,2,3,14.4,4.4,10.0,4
2442,4,4,29.25,10.26,18.99,9
2443,3,3,46.8,15.6,31.2,13
2444,3,3,7.2,2.4,4.8,2
2445,5,3,20.94,6.0,14.94,6
2446,3,2,7.2,2.4,4.8,2
2447,4,1,13.0,4.56,8.44,4
2448,1,1,7.5,2.6,4.9,2
2449,4,45,6.5,2.28,4.22,2
2450,5,162,17.45,5.0,12.45,5
2451,5,162,6.98,2.0,4.98,2
2452,1,576,7.5,2.6,4.9,2
2453,1,576,18.75,6.5,12.25,5
2454,2,614,18.0,5.5,12.5,5
2455,5,614,48.86,14.0,34.86,14
2456,2,3,10.8,3.3,7.5,3
2457,1,615,18.75,6.5,12.25,5
2458,2,168,3.6,1.1,2.5,1
2459,2,616,10.8,3.3,7.5,3
2460,2,616,7.2,2.2,5.0,2
2461,8,118,40.0,20.0,20.0,2
2462,4,65,6.5,2.28,4.22,2
2463,2,39,7.2,2.2,5.0,2
2464,5,567,13.96,4.0,9.96,4
2465,5,47,3.49,1.0,2.49,1
2466,1,584,22.5,7.8,14.7,6
2467,5,617,6.98,2.0,4.98,2
2468,2,617,3.6,1.1,2.5,1
2469,4,618,6.5,2.28,4.22,2
2470,2,20,10.8,3.3,7.5,3
2471,3,20,7.2,2.4,4.8,2
2472,4,21,6.5,2.28,4.22,2
2473,2,619,10.8,3.3,7.5,3
2474,4,620,22.75,7.98,14.77,7
2475,3,619,21.6,7.2,14.4,6
2476,3,619,3.6,1.2,2.4,1
2477,4,620,16.25,5.7,10.55,5
2478,2,621,25.2,7.7,17.5,7
2479,2,32,21.6,6.6,15.0,6
2480,2,32,14.4,4.4,10.0,4
2481,1,42,11.25,3.9,7.35,3
2482,1,42,18.75,6.5,12.25,5
2483,4,42,3.25,1.14,2.11,1
2484,4,42,26.0,9.12,16.88,8
2485,5,616,3.49,1.0,2.49,1
2486,4,622,13.0,4.56,8.44,4
2487,3,623,14.4,4.8,9.6,4
2488,1,91,18.75,6.5,12.25,5
2489,5,617,13.96,4.0,9.96,4
2490,2,206,14.4,4.4,10.0,4
2491,4,51,9.75,3.42,6.33,3
2492,5,2,6.98,2.0,4.98,2
2493,1,624,15.0,5.2,9.8,4
2494,2,625,25.2,7.7,17.5,7
2495,4,624,9.75,3.42,6.33,3
2496,2,32,10.8,3.3,7.5,3
2497,3,162,7.2,2.4,4.8,2
2498,5,400,20.94,6.0,14.94,6
2499,3,400,10.8,3.6,7.2,3
2500,2,400,10.8,3.3,7.5,3
2501,2,400,3.6,1.1,2.5,1
2502,2,57,3.6,1.1,2.5,1
2503,1,626,3.75,1.3,2.45,1
2504,1,587,7.5,2.6,4.9,2
2505,5,627,6.98,2.0,4.98,2
2506,2,627,7.2,2.2,5.0,2
2507,4,471,16.25,5.7,10.55,5
2508,2,58,7.2,2.2,5.0,2
2509,5,58,24.43,7.0,17.43,7
2510,5,3,10.47,3.0,7.47,3
2511,5,3,17.45,5.0,12.45,5
2512,4,4,9.75,3.42,6.33,3
2513,3,137,3.6,1.2,2.4,1
2514,5,137,6.98,2.0,4.98,2
2515,4,91,9.75,3.42,6.33,3
2516,3,71,32.4,10.8,21.6,9
2517,3,71,18.0,6.0,12.0,5
2518,1,65,3.75,1.3,2.45,1
2519,2,39,14.4,4.4,10.0,4
2520,5,2,10.47,3.0,7.47,3
2521,2,2,18.0,5.5,12.5,5
2522,4,1,13.0,4.56,8.44,4
2523,3,2,18.0,6.0,12.0,5
2524,4,4,22.75,7.98,14.77,7
2525,8,118,140.0,70.0,70.0,7
2526,4,65,19.5,6.84,12.66,6
2527,5,39,6.98,2.0,4.98,2
2528,4,4,6.5,2.28,4.22,2
2529,4,153,6.5,2.28,4.22,2
2530,4,187,3.25,1.14,2.11,1
2531,5,81,3.49,1.0,2.49,1
2532,1,4,11.25,3.9,7.35,3
2533,1,579,3.75,1.3,2.45,1
2534,1,579,30.0,10.4,19.6,8
2535,1,579,7.5,2.6,4.9,2
2536,4,128,6.5,2.28,4.22,2
2537,3,30,7.2,2.4,4.8,2
2538,4,42,9.75,3.42,6.33,3
2539,5,32,17.45,5.0,12.45,5
2540,5,32,10.47,3.0,7.47,3
2541,1,42,26.25,9.1,17.15,7
2542,3,32,7.2,2.4,4.8,2
2543,1,42,11.25,3.9,7.35,3
2544,2,32,7.2,2.2,5.0,2
2545,4,628,16.25,5.7,10.55,5
2546,5,629,17.45,5.0,12.45,5
2547,3,629,18.0,6.0,12.0,5
2548,1,628,3.75,1.3,2.45,1
2549,3,32,10.8,3.6,7.2,3
2550,5,32,6.98,2.0,4.98,2
2551,4,42,13.0,4.56,8.44,4
2552,2,32,18.0,5.5,12.5,5
2553,1,630,7.5,2.6,4.9,2
2554,4,631,6.5,2.28,4.22,2
2555,4,109,22.75,7.98,14.77,7
2556,5,333,3.49,1.0,2.49,1
2557,4,4,9.75,3.42,6.33,3
2558,3,3,10.8,3.6,7.2,3
2559,4,326,29.25,10.26,18.99,9
2560,5,553,13.96,4.0,9.96,4
2561,5,553,6.98,2.0,4.98,2
2562,3,553,3.6,1.2,2.4,1
2563,3,553,7.2,2.4,4.8,2
2564,2,553,18.0,5.5,12.5,5
2565,3,553,10.8,3.6,7.2,3
2566,4,552,26.0,9.12,16.88,8
2567,5,632,6.98,2.0,4.98,2
2568,1,302,3.75,1.3,2.45,1
2569,4,633,6.5,2.28,4.22,2
2570,4,471,19.5,6.84,12.66,6
2571,2,56,10.8,3.3,7.5,3
2572,3,7,10.8,3.6,7.2,3
2573,4,257,6.5,2.28,4.22,2
2574,4,257,9.75,3.42,6.33,3
2575,3,258,7.2,2.4,4.8,2
2576,2,634,7.2,2.2,5.0,2
2577,2,634,14.4,4.4,10.0,4
2578,1,635,11.25,3.9,7.35,3
2579,3,636,10.8,3.6,7.2,3
2580,1,637,7.5,2.6,4.9,2
2581,1,637,18.75,6.5,12.25,5
2582,1,65,22.5,7.8,14.7,6
2583,3,39,7.2,2.4,4.8,2
2584,1,65,11.25,3.9,7.35,3
2585,2,39,10.8,3.3,7.5,3
2586,5,638,6.98,2.0,4.98,2
2587,4,91,45.5,15.96,29.54,14
2588,1,140,7.5,2.6,4.9,2
2589,5,110,6.98,2.0,4.98,2
2590,3,110,10.8,3.6,7.2,3
2591,2,3,14.4,4.4,10.0,4
2592,1,4,22.5,7.8,14.7,6
2593,1,9,22.5,7.8,14.7,6
2594,1,516,33.75,11.7,22.05,9
2595,2,3,7.2,2.2,5.0,2
2596,5,3,10.47,3.0,7.47,3
2597,1,4,15.0,5.2,9.8,4
2598,4,4,9.75,3.42,6.33,3
2599,2,382,32.4,9.9,22.5,9
2600,4,22,3.25,1.14,2.11,1
2601,1,83,18.75,6.5,12.25,5
2602,2,127,21.6,6.6,15.0,6
2603,5,127,10.47,3.0,7.47,3
2604,3,127,7.2,2.4,4.8,2
2605,5,3,10.47,3.0,7.47,3
2606,2,639,10.8,3.3,7.5,3
2607,4,21,3.25,1.14,2.11,1
2608,1,21,3.75,1.3,2.45,1
2609,2,20,10.8,3.3,7.5,3
2610,2,20,7.2,2.2,5.0,2
2611,2,125,14.4,4.4,10.0,4
2612,2,2,7.2,2.2,5.0,2
2613,1,379,11.25,3.9,7.35,3
2614,9,222,13.0,12.0,1.0,4
2615,1,65,22.5,7.8,14.7,6
2616,4,186,3.25,1.14,2.11,1
2617,1,640,3.75,1.3,2.45,1
2618,5,641,17.45,5.0,12.45,5
2619,2,32,10.8,3.3,7.5,3
2620,3,32,18.0,6.0,12.0,5
2621,3,3,10.8,3.6,7.2,3
2622,8,245,40.0,20.0,20.0,2
2623,1,190,11.25,3.9,7.35,3
2624,5,536,20.94,6.0,14.94,6
2625,5,106,20.94,6.0,14.94,6
2626,3,320,7.2,2.4,4.8,2
2627,4,642,13.0,4.56,8.44,4
2628,3,643,3.6,1.2,2.4,1
2629,4,45,6.5,2.28,4.22,2
2630,4,45,3.25,1.14,2.11,1
2631,1,644,15.0,5.2,9.8,4
2632,4,324,6.5,2.28,4.22,2
2633,3,3,32.4,10.8,21.6,9
2634,4,4,6.5,2.28,4.22,2
2635,2,3,25.2,7.7,17.5,7
2636,1,4,33.75,11.7,22.05,9
2637,2,3,14.4,4.4,10.0,4
2638,4,4,9.75,3.42,6.33,3
2639,5,3,3.49,1.0,2.49,1
2640,2,44,18.0,5.5,12.5,5
2641,1,645,11.25,3.9,7.35,3
2642,2,646,18.0,5.5,12.5,5
2643,4,335,22.75,7.98,14.77,7
2644,2,336,10.8,3.3,7.5,3
2645,1,335,11.25,3.9,7.35,3
2646,3,336,7.2,2.4,4.8,2
2647,4,563,26.0,9.12,16.88,8
2648,3,299,7.2,2.4,4.8,2
2649,4,340,9.75,3.42,6.33,3
2650,1,340,11.25,3.9,7.35,3
2651,1,340,18.75,6.5,12.25,5
2652,5,39,10.47,3.0,7.47,3
2653,4,608,6.5,2.28,4.22,2
2654,3,592,10.8,3.6,7.2,3
2655,2,3,7.2,2.2,5.0,2
2656,4,187,9.75,3.42,6.33,3
2657,2,292,10.8,3.3,7.5,3
2658,1,408,26.25,9.1,17.15,7
2659,4,408,9.75,3.42,6.33,3
2660,4,554,19.5,6.84,12.66,6
2661,3,158,10.8,3.6,7.2,3
2662,1,1,11.25,3.9,7.35,3
2663,1,1,3.75,1.3,2.45,1
2664,4,1,13.0,4.56,8.44,4
2665,4,1,3.25,1.14,2.11,1
2666,1,175,7.5,2.6,4.9,2
2667,3,207,10.8,3.6,7.2,3
2668,9,647,16.25,15.0,1.25,5
2669,2,3,7.2,2.2,5.0,2
2670,3,3,14.4,4.8,9.6,4
2671,8,224,20.0,10.0,10.0,1
2672,5,3,3.49,1.0,2.49,1
2673,3,44,28.8,9.6,19.2,8
2674,2,44,18.0,5.5,12.5,5
2675,1,45,7.5,2.6,4.9,2
2676,4,270,9.75,3.42,6.33,3
2677,2,271,10.8,3.3,7.5,3
2678,2,271,7.2,2.2,5.0,2
2679,2,3,14.4,4.4,10.0,4
2680,3,2,18.0,6.0,12.0,5
2681,2,2,3.6,1.1,2.5,1
2682,3,32,18.0,6.0,12.0,5
2683,2,2,10.8,3.3,7.5,3
2684,2,466,28.8,8.8,20.0,8
2685,3,466,7.2,2.4,4.8,2
2686,1,102,18.75,6.5,12.25,5
2687,1,354,7.5,2.6,4.9,2
2688,2,138,18.0,5.5,12.5,5
2689,2,138,10.8,3.3,7.5,3
2690,1,42,15.0,5.2,9.8,4
2691,3,47,10.8,3.6,7.2,3
2692,2,77,10.8,3.3,7.5,3
2693,2,38,10.8,3.3,7.5,3
2694,5,3,17.45,5.0,12.45,5
2695,1,14,18.75,6.5,12.25,5
2696,2,106,21.6,6.6,15.0,6
2697,4,4,9.75,3.42,6.33,3
2698,4,585,9.75,3.42,6.33,3
2699,4,45,6.5,2.28,4.22,2
2700,5,99,10.47,3.0,7.47,3
2701,4,243,6.5,2.28,4.22,2
2702,2,242,7.2,2.2,5.0,2
2703,1,585,33.75,11.7,22.05,9
2704,4,648,6.5,2.28,4.22,2
2705,5,649,17.45,5.0,12.45,5
2706,1,8,15.0,5.2,9.8,4
2707,4,372,9.75,3.42,6.33,3
2708,1,372,11.25,3.9,7.35,3
2709,2,373,3.6,1.1,2.5,1
2710,4,45,6.5,2.28,4.22,2
2711,4,650,9.75,3.42,6.33,3
2712,1,650,7.5,2.6,4.9,2
2713,3,651,3.6,1.2,2.4,1
2714,3,651,7.2,2.4,4.8,2
2715,3,651,21.6,7.2,14.4,6
2716,2,651,21.6,6.6,15.0,6
2717,5,38,17.45,5.0,12.45,5
2718,3,38,32.4,10.8,21.6,9
2719,5,201,13.96,4.0,9.96,4
2720,4,4,3.25,1.14,2.11,1
2721,4,4,6.5,2.28,4.22,2
2722,2,44,7.2,2.2,5.0,2
2723,5,239,17.45,5.0,12.45,5
2724,1,190,7.5,2.6,4.9,2
2725,4,190,3.25,1.14,2.11,1
2726,3,71,18.0,6.0,12.0,5
2727,5,3,20.94,6.0,14.94,6
2728,3,614,7.2,2.4,4.8,2
2729,2,614,21.6,6.6,15.0,6
2730,1,42,11.25,3.9,7.35,3
2731,5,32,13.96,4.0,9.96,4
2732,4,474,42.25,14.82,27.43,13
2733,1,474,26.25,9.1,17.15,7
2734,2,473,7.2,2.2,5.0,2
2735,1,65,18.75,6.5,12.25,5
2736,1,8,7.5,2.6,4.9,2
2737,4,8,9.75,3.42,6.33,3
2738,2,38,18.0,5.5,12.5,5
2739,5,130,6.98,2.0,4.98,2
2740,2,652,10.8,3.3,7.5,3
2741,4,4,16.25,5.7,10.55,5
2742,2,3,28.8,8.8,20.0,8
2743,2,3,14.4,4.4,10.0,4
2744,4,91,9.75,3.42,6.33,3
2745,2,653,18.0,5.5,12.5,5
2746,5,32,38.39,11.0,27.39,11
2747,5,32,17.45,5.0,12.45,5
2748,4,4,9.75,3.42,6.33,3
2749,9,222,6.5,6.0,0.5,2
2750,4,654,6.5,2.28,4.22,2
2751,3,655,10.8,3.6,7.2,3
2752,4,656,6.5,2.28,4.22,2
2753,6,657,2.5,1.2,1.3,2
2754,1,656,11.25,3.9,7.35,3
2755,2,658,10.8,3.3,7.5,3
2756,4,659,9.75,3.42,6.33,3
2757,1,659,18.75,6.5,12.25,5
2758,3,39,7.2,2.4,4.8,2
2759,4,50,9.75,3.42,6.33,3
2760,4,530,6.5,2.28,4.22,2
2761,14,660,3.98,1.5,2.48,2
2762,2,110,7.2,2.2,5.0,2
2763,4,140,6.5,2.28,4.22,2
2764,4,140,3.25,1.14,2.11,1
2765,3,110,25.2,8.4,16.8,7
2766,2,110,10.8,3.3,7.5,3
2767,2,110,14.4,4.4,10.0,4
2768,5,110,13.96,4.0,9.96,4
2769,3,105,10.8,3.6,7.2,3
2770,1,305,22.5,7.8,14.7,6
2771,1,305,15.0,5.2,9.8,4
2772,4,305,6.5,2.28,4.22,2
2773,1,8,22.5,7.8,14.7,6
2774,5,2,17.45,5.0,12.45,5
2775,3,2,7.2,2.4,4.8,2
2776,4,1,3.25,1.14,2.11,1
2777,2,541,7.2,2.2,5.0,2
2778,2,367,10.8,3.3,7.5,3
2779,4,255,16.25,5.7,10.55,5
2780,2,143,7.2,2.2,5.0,2
2781,3,39,10.8,3.6,7.2,3
2782,2,661,10.8,3.3,7.5,3
2783,1,662,11.25,3.9,7.35,3
2784,1,662,22.5,7.8,14.7,6
2785,1,663,7.5,2.6,4.9,2
2786,2,664,25.2,7.7,17.5,7
2787,2,3,32.4,9.9,22.5,9
2788,1,91,33.75,11.7,22.05,9
2789,4,91,16.25,5.7,10.55,5
2790,2,71,7.2,2.2,5.0,2
2791,4,91,19.5,6.84,12.66,6
2792,4,665,13.0,4.56,8.44,4
2793,1,4,7.5,2.6,4.9,2
2794,2,3,18.0,5.5,12.5,5
2795,1,4,22.5,7.8,14.7,6
2796,4,302,9.75,3.42,6.33,3
2797,1,302,22.5,7.8,14.7,6
2798,3,402,32.4,10.8,21.6,9
2799,6,666,2.5,1.2,1.3,2
2800,3,402,10.8,3.6,7.2,3
2801,5,263,10.47,3.0,7.47,3
2802,1,264,7.5,2.6,4.9,2
2803,1,264,15.0,5.2,9.8,4
2804,4,264,6.5,2.28,4.22,2
2805,3,263,18.0,6.0,12.0,5
2806,2,263,18.0,5.5,12.5,5
2807,2,263,7.2,2.2,5.0,2
2808,5,292,13.96,4.0,9.96,4
2809,3,292,7.2,2.4,4.8,2
2810,6,667,3.75,1.8,1.95,3
2811,2,668,14.4,4.4,10.0,4
2812,4,439,3.25,1.14,2.11,1
2813,3,213,7.2,2.4,4.8,2
2814,3,213,18.0,6.0,12.0,5
2815,1,439,22.5,7.8,14.7,6
2816,2,71,10.8,3.3,7.5,3
2817,2,277,3.6,1.1,2.5,1
2818,7,669,4.5,2.4,2.1,3
2819,1,16,33.75,11.7,22.05,9
2820,3,143,14.4,4.8,9.6,4
2821,4,670,35.75,12.54,23.21,11
2822,6,671,6.25,3.0,3.25,5
2823,3,2,3.6,1.2,2.4,1
2824,3,2,7.2,2.4,4.8,2
2825,1,1,22.5,7.8,14.7,6
2826,1,1,18.75,6.5,12.25,5
2827,14,672,1.99,0.75,1.24,1
2828,4,42,16.25,5.7,10.55,5
2829,4,42,13.0,4.56,8.44,4
2830,3,32,21.6,7.2,14.4,6
2831,1,42,11.25,3.9,7.35,3
2832,3,32,10.8,3.6,7.2,3
2833,2,3,3.6,1.1,2.5,1
2834,8,224,40.0,20.0,20.0,2
2835,4,310,3.25,1.14,2.11,1
2836,3,507,7.2,2.4,4.8,2
2837,1,310,15.0,5.2,9.8,4
2838,4,310,9.75,3.42,6.33,3
2839,4,310,6.5,2.28,4.22,2
2840,2,507,7.2,2.2,5.0,2
2841,2,673,7.2,2.2,5.0,2
2842,1,21,18.75,6.5,12.25,5
2843,1,21,3.75,1.3,2.45,1
2844,8,674,120.0,60.0,60.0,6
2845,1,1,3.75,1.3,2.45,1
2846,5,44,10.47,3.0,7.47,3
2847,3,125,14.4,4.8,9.6,4
2848,5,125,3.49,1.0,2.49,1
2849,2,125,7.2,2.2,5.0,2
2850,2,39,25.2,7.7,17.5,7
2851,5,39,6.98,2.0,4.98,2
2852,1,65,30.0,10.4,19.6,8
2853,2,39,7.2,2.2,5.0,2
2854,2,39,10.8,3.3,7.5,3
2855,1,128,7.5,2.6,4.9,2
2856,4,128,32.5,11.4,21.1,10
2857,3,675,7.2,2.4,4.8,2
2858,4,340,9.75,3.42,6.33,3
2859,2,38,7.2,2.2,5.0,2
2860,1,128,7.5,2.6,4.9,2
2861,2,30,10.8,3.3,7.5,3
2862,1,323,7.5,2.6,4.9,2
2863,3,39,25.2,8.4,16.8,7
2864,2,180,3.6,1.1,2.5,1
2865,4,313,19.5,6.84,12.66,6
2866,5,180,13.96,4.0,9.96,4
2867,2,7,10.8,3.3,7.5,3
2868,1,257,11.25,3.9,7.35,3
2869,2,56,36.0,11.0,25.0,10
2870,4,471,13.0,4.56,8.44,4
2871,1,407,22.5,7.8,14.7,6
2872,2,406,18.0,5.5,12.5,5
2873,2,406,7.2,2.2,5.0,2
2874,5,406,17.45,5.0,12.45,5
2875,1,8,7.5,2.6,4.9,2
2876,1,8,11.25,3.9,7.35,3
2877,5,202,10.47,3.0,7.47,3
2878,2,202,25.2,7.7,17.5,7
2879,1,203,7.5,2.6,4.9,2
2880,2,202,14.4,4.4,10.0,4
2881,3,202,10.8,3.6,7.2,3
2882,5,617,13.96,4.0,9.96,4
2883,3,110,10.8,3.6,7.2,3
2884,3,38,25.2,8.4,16.8,7
2885,4,8,6.5,2.28,4.22,2
2886,4,45,16.25,5.7,10.55,5
2887,5,44,10.47,3.0,7.47,3
2888,2,44,25.2,7.7,17.5,7
2889,1,321,11.25,3.9,7.35,3
2890,2,225,18.0,5.5,12.5,5
2891,2,360,25.2,7.7,17.5,7
2892,4,359,16.25,5.7,10.55,5
2893,6,676,5.0,2.4,2.6,4
2894,1,359,22.5,7.8,14.7,6
2895,4,359,6.5,2.28,4.22,2
2896,4,570,3.25,1.14,2.11,1
2897,4,21,6.5,2.28,4.22,2
2898,1,128,11.25,3.9,7.35,3
2899,3,30,10.8,3.6,7.2,3
2900,3,147,7.2,2.4,4.8,2
2901,3,147,10.8,3.6,7.2,3
2902,5,44,6.98,2.0,4.98,2
2903,1,4,15.0,5.2,9.8,4
2904,1,55,15.0,5.2,9.8,4
2905,1,55,7.5,2.6,4.9,2
2906,3,677,7.2,2.4,4.8,2
2907,1,678,3.75,1.3,2.45,1
2908,4,42,6.5,2.28,4.22,2
2909,1,42,3.75,1.3,2.45,1
2910,1,42,11.25,3.9,7.35,3
2911,2,447,10.8,3.3,7.5,3
2912,4,490,19.5,6.84,12.66,6
2913,1,490,11.25,3.9,7.35,3
2914,3,295,10.8,3.6,7.2,3
2915,1,1,7.5,2.6,4.9,2
2916,8,679,180.0,90.0,90.0,9
2917,3,138,7.2,2.4,4.8,2
2918,5,138,17.45,5.0,12.45,5
2919,6,680,10.0,4.8,5.2,8
2920,5,681,10.47,3.0,7.47,3
2921,2,105,25.2,7.7,17.5,7
2922,1,682,7.5,2.6,4.9,2
2923,6,683,2.5,1.2,1.3,2
2924,5,684,10.47,3.0,7.47,3
2925,3,138,14.4,4.8,9.6,4
2926,1,354,11.25,3.9,7.35,3
2927,8,679,60.0,30.0,30.0,3
2928,1,354,7.5,2.6,4.9,2
2929,6,679,1.25,0.6,0.65,1
2930,5,499,10.47,3.0,7.47,3
2931,4,18,3.25,1.14,2.11,1
2932,4,91,9.75,3.42,6.33,3
2933,6,358,7.5,3.6,3.9,6
2934,5,71,13.96,4.0,9.96,4
2935,1,91,3.75,1.3,2.45,1
2936,4,4,22.75,7.98,14.77,7
2937,3,226,21.6,7.2,14.4,6
2938,4,312,6.5,2.28,4.22,2
2939,1,650,7.5,2.6,4.9,2
2940,5,57,13.96,4.0,9.96,4
2941,5,521,17.45,5.0,12.45,5
2942,2,521,28.8,8.8,20.0,8
2943,8,118,60.0,30.0,30.0,3
2944,1,8,7.5,2.6,4.9,2
2945,1,65,11.25,3.9,7.35,3
2946,4,1,9.75,3.42,6.33,3
2947,4,1,19.5,6.84,12.66,6
2948,4,65,22.75,7.98,14.77,7
2949,2,44,10.8,3.3,7.5,3
2950,1,45,11.25,3.9,7.35,3
2951,3,30,21.6,7.2,14.4,6
2952,1,267,11.25,3.9,7.35,3
2953,2,152,25.2,7.7,17.5,7
2954,5,685,27.92,8.0,19.92,8
2955,2,686,7.2,2.2,5.0,2
2956,8,687,40.0,20.0,20.0,2
2957,2,3,18.0,5.5,12.5,5
2958,4,160,9.75,3.42,6.33,3
2959,4,160,13.0,4.56,8.44,4
2960,2,159,10.8,3.3,7.5,3
2961,4,688,29.25,10.26,18.99,9
2962,2,32,32.4,9.9,22.5,9
2963,2,107,32.4,9.9,22.5,9
2964,5,107,6.98,2.0,4.98,2
2965,6,427,10.0,4.8,5.2,8
2966,2,2,18.0,5.5,12.5,5
2967,4,4,9.75,3.42,6.33,3
2968,2,3,10.8,3.3,7.5,3
2969,3,3,10.8,3.6,7.2,3
2970,5,3,10.47,3.0,7.47,3
2971,2,3,7.2,2.2,5.0,2
2972,2,418,14.4,4.4,10.0,4
2973,2,418,7.2,2.2,5.0,2
2974,3,5,18.0,6.0,12.0,5
2975,3,275,21.6,7.2,14.4,6
2976,1,689,18.75,6.5,12.25,5
2977,2,280,10.8,3.3,7.5,3
2978,6,358,3.75,1.8,1.95,3
2979,4,42,26.0,9.12,16.88,8
2980,5,3,20.94,6.0,14.94,6
2981,4,42,9.75,3.42,6.33,3
2982,5,32,24.43,7.0,17.43,7
2983,3,32,10.8,3.6,7.2,3
2984,4,42,26.0,9.12,16.88,8
2985,1,340,11.25,3.9,7.35,3
2986,4,690,9.75,3.42,6.33,3
2987,1,50,15.0,5.2,9.8,4
2988,4,50,22.75,7.98,14.77,7
2989,1,324,11.25,3.9,7.35,3
2990,2,487,10.8,3.3,7.5,3
2991,2,3,21.6,6.6,15.0,6
2992,3,616,10.8,3.6,7.2,3
2993,5,156,13.96,4.0,9.96,4
2994,5,39,10.47,3.0,7.47,3
2995,1,65,7.5,2.6,4.9,2
2996,4,112,6.5,2.28,4.22,2
2997,1,112,18.75,6.5,12.25,5
2998,4,691,9.75,3.42,6.33,3
2999,1,1,11.25,3.9,7.35,3
3000,3,2,10.8,3.6,7.2,3
3001,3,280,14.4,4.8,9.6,4
3002,4,91,13.0,4.56,8.44,4
3003,4,305,13.0,4.56,8.44,4
3004,3,38,18.0,6.0,12.0,5
3005,2,410,10.8,3.3,7.5,3
3006,1,326,7.5,2.6,4.9,2
3007,1,609,7.5,2.6,4.9,2
3008,5,610,6.98,2.0,4.98,2
3009,5,38,6.98,2.0,4.98,2
3010,2,38,7.2,2.2,5.0,2
3011,3,3,7.2,2.4,4.8,2
3012,4,354,16.25,5.7,10.55,5
3013,1,354,7.5,2.6,4.9,2
3014,5,556,6.98,2.0,4.98,2
3015,5,556,10.47,3.0,7.47,3
3016,2,39,10.8,3.3,7.5,3
3017,4,65,9.75,3.42,6.33,3
3018,4,65,13.0,4.56,8.44,4
3019,3,39,7.2,2.4,4.8,2
3020,2,32,7.2,2.2,5.0,2
3021,1,42,18.75,6.5,12.25,5
3022,3,44,7.2,2.4,4.8,2
3023,4,305,6.5,2.28,4.22,2
3024,4,209,13.0,4.56,8.44,4
3025,2,692,3.6,1.1,2.5,1
3026,1,287,15.0,5.2,9.8,4
3027,4,354,13.0,4.56,8.44,4
3028,4,205,13.0,4.56,8.44,4
3029,1,205,18.75,6.5,12.25,5
3030,1,4,22.5,7.8,14.7,6
3031,4,1,22.75,7.98,14.77,7
3032,4,1,6.5,2.28,4.22,2
3033,2,27,32.4,9.9,22.5,9
3034,4,128,26.0,9.12,16.88,8
3035,3,44,7.2,2.4,4.8,2
3036,3,3,39.6,13.2,26.4,11
3037,4,45,6.5,2.28,4.22,2
3038,1,1,18.75,6.5,12.25,5
3039,1,42,15.0,5.2,9.8,4
3040,3,32,3.6,1.2,2.4,1
3041,5,38,10.47,3.0,7.47,3
3042,4,8,9.75,3.42,6.33,3
3043,2,44,14.4,4.4,10.0,4
3044,3,44,7.2,2.4,4.8,2
3045,4,45,9.75,3.42,6.33,3
3046,1,693,15.0,5.2,9.8,4
3047,3,406,10.8,3.6,7.2,3
3048,4,407,6.5,2.28,4.22,2
3049,2,406,7.2,2.2,5.0,2
3050,2,406,28.8,8.8,20.0,8
3051,2,406,10.8,3.3,7.5,3
3052,1,91,48.75,16.9,31.85,13
3053,3,694,18.0,6.0,12.0,5
3054,1,65,15.0,5.2,9.8,4
3055,5,695,6.98,2.0,4.98,2
3056,3,39,21.6,7.2,14.4,6
3057,3,39,14.4,4.8,9.6,4
3058,2,39,21.6,6.6,15.0,6
3059,5,655,6.98,2.0,4.98,2
3060,2,655,7.2,2.2,5.0,2
3061,5,655,31.41,9.0,22.41,9
3062,8,674,40.0,20.0,20.0,2
3063,5,2,10.47,3.0,7.47,3
3064,3,3,7.2,2.4,4.8,2
3065,1,4,18.75,6.5,12.25,5
3066,1,4,11.25,3.9,7.35,3
3067,2,3,18.0,5.5,12.5,5
3068,4,42,9.75,3.42,6.33,3
3069,4,42,39.0,13.68,25.32,12
3070,3,32,10.8,3.6,7.2,3
3071,1,8,18.75,6.5,12.25,5
3072,2,38,18.0,5.5,12.5,5
3073,2,3,18.0,5.5,12.5,5
3074,3,3,10.8,3.6,7.2,3
3075,8,377,40.0,20.0,20.0,2
3076,2,32,10.8,3.3,7.5,3
3077,9,520,6.5,6.0,0.5,2
3078,1,42,7.5,2.6,4.9,2
3079,9,520,3.25,3.0,0.25,1
3080,2,32,7.2,2.2,5.0,2
3081,1,42,15.0,5.2,9.8,4
3082,4,91,9.75,3.42,6.33,3
3083,1,91,18.75,6.5,12.25,5
3084,1,327,7.5,2.6,4.9,2
3085,5,515,17.45,5.0,12.45,5
3086,2,365,3.6,1.1,2.5,1
3087,2,365,7.2,2.2,5.0,2
3088,2,613,10.8,3.3,7.5,3
3089,1,577,11.25,3.9,7.35,3
3090,1,8,7.5,2.6,4.9,2
3091,2,38,10.8,3.3,7.5,3
3092,5,44,6.98,2.0,4.98,2
3093,1,45,7.5,2.6,4.9,2
3094,3,44,18.0,6.0,12.0,5
3095,4,45,9.75,3.42,6.33,3
3096,5,44,41.88,12.0,29.88,12
3097,3,44,21.6,7.2,14.4,6
3098,1,45,18.75,6.5,12.25,5
3099,3,39,32.4,10.8,21.6,9
3100,1,8,26.25,9.1,17.15,7
3101,3,595,18.0,6.0,12.0,5
3102,2,158,18.0,5.5,12.5,5
3103,1,63,7.5,2.6,4.9,2
3104,4,696,3.25,1.14,2.11,1
3105,3,247,3.6,1.2,2.4,1
3106,2,247,7.2,2.2,5.0,2
3107,4,4,19.5,6.84,12.66,6
3108,2,44,3.6,1.1,2.5,1
3109,1,697,30.0,10.4,19.6,8
3110,3,333,7.2,2.4,4.8,2
3111,1,1,11.25,3.9,7.35,3
3112,5,202,10.47,3.0,7.47,3
3113,5,698,24.43,7.0,17.43,7
3114,1,699,11.25,3.9,7.35,3
3115,1,700,7.5,2.6,4.9,2
3116,1,700,33.75,11.7,22.05,9
3117,6,118,6.25,3.0,3.25,5
3118,4,65,22.75,7.98,14.77,7
3119,1,324,3.75,1.3,2.45,1
3120,3,60,21.6,7.2,14.4,6
3121,1,187,11.25,3.9,7.35,3
3122,4,187,13.0,4.56,8.44,4
3123,1,65,30.0,10.4,19.6,8
3124,3,378,21.6,7.2,14.4,6
3125,5,378,3.49,1.0,2.49,1
3126,2,506,25.2,7.7,17.5,7
3127,9,701,13.0,12.0,1.0,4
3128,4,702,16.25,5.7,10.55,5
3129,5,143,6.98,2.0,4.98,2
3130,5,2,3.49,1.0,2.49,1
3131,3,2,10.8,3.6,7.2,3
3132,2,2,25.2,7.7,17.5,7
3133,4,703,6.5,2.28,4.22,2
3134,1,703,18.75,6.5,12.25,5
3135,5,704,27.92,8.0,19.92,8
3136,5,201,6.98,2.0,4.98,2
3137,3,433,7.2,2.4,4.8,2
3138,5,433,3.49,1.0,2.49,1
3139,4,65,9.75,3.42,6.33,3
3140,2,39,10.8,3.3,7.5,3
3141,4,244,3.25,1.14,2.11,1
3142,5,3,6.98,2.0,4.98,2
3143,3,705,14.4,4.8,9.6,4
3144,3,39,21.6,7.2,14.4,6
3145,5,30,10.47,3.0,7.47,3
3146,1,128,15.0,5.2,9.8,4
3147,2,30,3.6,1.1,2.5,1
3148,4,84,6.5,2.28,4.22,2
3149,1,84,26.25,9.1,17.15,7
3150,1,65,11.25,3.9,7.35,3
3151,2,38,10.8,3.3,7.5,3
3152,5,38,27.92,8.0,19.92,8
3153,4,128,9.75,3.42,6.33,3
3154,4,439,16.25,5.7,10.55,5
3155,4,439,9.75,3.42,6.33,3
3156,1,439,11.25,3.9,7.35,3
3157,5,706,31.41,9.0,22.41,9
3158,4,707,6.5,2.28,4.22,2
3159,4,42,9.75,3.42,6.33,3
3160,3,2,36.0,12.0,24.0,10
3161,3,339,7.2,2.4,4.8,2
3162,2,71,7.2,2.2,5.0,2
3163,5,708,13.96,4.0,9.96,4
3164,5,709,6.98,2.0,4.98,2
3165,4,270,22.75,7.98,14.77,7
3166,1,8,18.75,6.5,12.25,5
3167,1,1,22.5,7.8,14.7,6
3168,5,2,10.47,3.0,7.47,3
3169,2,3,7.2,2.2,5.0,2
3170,1,4,7.5,2.6,4.9,2
3171,1,710,7.5,2.6,4.9,2
3172,2,213,10.8,3.3,7.5,3
3173,3,711,10.8,3.6,7.2,3
3174,4,712,3.25,1.14,2.11,1
3175,1,467,30.0,10.4,19.6,8
3176,4,372,6.5,2.28,4.22,2
3177,1,372,18.75,6.5,12.25,5
3178,1,372,3.75,1.3,2.45,1
3179,9,713,13.0,12.0,1.0,4
3180,4,45,9.75,3.42,6.33,3
3181,2,38,14.4,4.4,10.0,4
3182,5,714,10.47,3.0,7.47,3
3183,5,714,6.98,2.0,4.98,2
3184,1,715,18.75,6.5,12.25,5
3185,2,714,25.2,7.7,17.5,7
3186,2,714,7.2,2.2,5.0,2
3187,3,714,10.8,3.6,7.2,3
3188,4,55,13.0,4.56,8.44,4
3189,2,528,14.4,4.4,10.0,4
3190,5,47,6.98,2.0,4.98,2
3191,1,177,11.25,3.9,7.35,3
3192,2,39,7.2,2.2,5.0,2
3193,1,1,11.25,3.9,7.35,3
3194,3,3,7.2,2.4,4.8,2
3195,1,4,7.5,2.6,4.9,2
3196,4,123,26.0,9.12,16.88,8
3197,5,72,10.47,3.0,7.47,3
3198,2,716,21.6,6.6,15.0,6
3199,2,3,3.6,1.1,2.5,1
3200,1,163,7.5,2.6,4.9,2
3201,6,171,3.75,1.8,1.95,3
3202,5,46,20.94,6.0,14.94,6
3203,9,717,16.25,15.0,1.25,5
3204,1,50,7.5,2.6,4.9,2
3205,5,38,13.96,4.0,9.96,4
3206,3,38,14.4,4.8,9.6,4
3207,2,38,7.2,2.2,5.0,2
3208,5,3,13.96,4.0,9.96,4
3209,3,85,7.2,2.4,4.8,2
3210,4,334,6.5,2.28,4.22,2
3211,4,334,9.75,3.42,6.33,3
3212,2,435,10.8,3.3,7.5,3
3213,4,394,16.25,5.7,10.55,5
3214,3,718,10.8,3.6,7.2,3
3215,5,718,17.45,5.0,12.45,5
3216,4,394,6.5,2.28,4.22,2
3217,1,394,22.5,7.8,14.7,6
3218,5,718,24.43,7.0,17.43,7
3219,1,394,15.0,5.2,9.8,4
3220,4,394,3.25,1.14,2.11,1
3221,4,719,16.25,5.7,10.55,5
3222,5,339,24.43,7.0,17.43,7
3223,5,169,6.98,2.0,4.98,2
3224,2,169,18.0,5.5,12.5,5
3225,1,720,15.0,5.2,9.8,4
3226,2,169,7.2,2.2,5.0,2
3227,4,720,6.5,2.28,4.22,2
3228,2,156,7.2,2.2,5.0,2
3229,1,721,7.5,2.6,4.9,2
3230,4,721,9.75,3.42,6.33,3
3231,4,55,19.5,6.84,12.66,6
3232,1,4,7.5,2.6,4.9,2
3233,4,4,9.75,3.42,6.33,3
3234,3,3,10.8,3.6,7.2,3
3235,2,3,3.6,1.1,2.5,1
3236,4,4,13.0,4.56,8.44,4
3237,4,4,9.75,3.42,6.33,3
3238,5,3,10.47,3.0,7.47,3
3239,2,533,18.0,5.5,12.5,5
3240,4,55,9.75,3.42,6.33,3
3241,2,3,3.6,1.1,2.5,1
3242,5,722,10.47,3.0,7.47,3
3243,1,710,15.0,5.2,9.8,4
3244,4,723,9.75,3.42,6.33,3
3245,4,91,9.75,3.42,6.33,3
3246,4,91,6.5,2.28,4.22,2
3247,1,724,18.75,6.5,12.25,5
3248,4,76,16.25,5.7,10.55,5
3249,1,45,26.25,9.1,17.15,7
3250,2,44,28.8,8.8,20.0,8
3251,3,44,10.8,3.6,7.2,3
3252,1,45,11.25,3.9,7.35,3
3253,4,45,16.25,5.7,10.55,5
3254,4,699,6.5,2.28,4.22,2
3255,1,313,11.25,3.9,7.35,3
3256,2,180,18.0,5.5,12.5,5
3257,2,725,3.6,1.1,2.5,1
3258,1,726,7.5,2.6,4.9,2
3259,1,91,26.25,9.1,17.15,7
3260,2,39,14.4,4.4,10.0,4
3261,5,39,17.45,5.0,12.45,5
3262,3,20,25.2,8.4,16.8,7
3263,4,8,6.5,2.28,4.22,2
3264,1,128,18.75,6.5,12.25,5
3265,1,1,30.0,10.4,19.6,8
3266,2,2,10.8,3.3,7.5,3
3267,1,1,7.5,2.6,4.9,2
3268,5,2,20.94,6.0,14.94,6
3269,2,38,10.8,3.3,7.5,3
3270,2,38,18.0,5.5,12.5,5
3271,5,38,6.98,2.0,4.98,2
3272,2,506,25.2,7.7,17.5,7
3273,5,727,20.94,6.0,14.94,6
3274,1,305,37.5,13.0,24.5,10
3275,4,305,6.5,2.28,4.22,2
3276,3,105,7.2,2.4,4.8,2
3277,1,1,7.5,2.6,4.9,2
3278,1,1,15.0,5.2,9.8,4
3279,3,44,10.8,3.6,7.2,3
3280,3,3,10.8,3.6,7.2,3
3281,1,8,11.25,3.9,7.35,3
3282,2,38,25.2,7.7,17.5,7
3283,3,677,7.2,2.4,4.8,2
3284,8,728,120.0,60.0,60.0,6
3285,5,613,6.98,2.0,4.98,2
3286,4,724,6.5,2.28,4.22,2
3287,5,613,3.49,1.0,2.49,1
3288,4,724,9.75,3.42,6.33,3
3289,1,724,7.5,2.6,4.9,2
3290,9,729,22.75,21.0,1.75,7
3291,4,16,6.5,2.28,4.22,2
3292,1,384,7.5,2.6,4.9,2
3293,8,730,160.0,80.0,80.0,8
3294,5,617,10.47,3.0,7.47,3
3295,3,74,21.6,7.2,14.4,6
3296,4,73,19.5,6.84,12.66,6
3297,1,73,7.5,2.6,4.9,2
3298,4,65,16.25,5.7,10.55,5
3299,1,65,18.75,6.5,12.25,5
3300,6,731,2.5,1.2,1.3,2
3301,1,419,33.75,11.7,22.05,9
3302,2,434,7.2,2.2,5.0,2
3303,2,553,7.2,2.2,5.0,2
3304,5,261,6.98,2.0,4.98,2
3305,1,340,15.0,5.2,9.8,4
3306,2,318,36.0,11.0,25.0,10
3307,2,318,7.2,2.2,5.0,2
3308,5,318,3.49,1.0,2.49,1
3309,4,8,19.5,6.84,12.66,6
3310,9,732,13.0,12.0,1.0,4
3311,2,202,3.6,1.1,2.5,1
3312,6,388,2.5,1.2,1.3,2
3313,2,202,18.0,5.5,12.5,5
3314,5,627,6.98,2.0,4.98,2
3315,3,627,18.0,6.0,12.0,5
3316,5,627,13.96,4.0,9.96,4
3317,6,135,3.75,1.8,1.95,3
3318,5,38,10.47,3.0,7.47,3
3319,4,571,3.25,1.14,2.11,1
3320,1,696,11.25,3.9,7.35,3
3321,3,38,7.2,2.4,4.8,2
3322,4,733,22.75,7.98,14.77,7
3323,5,734,10.47,3.0,7.47,3
3324,2,2,21.6,6.6,15.0,6
3325,2,2,14.4,4.4,10.0,4
3326,1,1,26.25,9.1,17.15,7
3327,1,1,7.5,2.6,4.9,2
3328,3,333,18.0,6.0,12.0,5
3329,2,333,10.8,3.3,7.5,3
3330,4,419,6.5,2.28,4.22,2
3331,1,419,15.0,5.2,9.8,4
3332,3,434,3.6,1.2,2.4,1
3333,6,667,8.75,4.2,4.55,7
3334,4,735,3.25,1.14,2.11,1
3335,5,71,17.45,5.0,12.45,5
3336,1,91,18.75,6.5,12.25,5
3337,1,65,7.5,2.6,4.9,2
3338,3,2,14.4,4.8,9.6,4
3339,5,2,6.98,2.0,4.98,2
3340,1,736,18.75,6.5,12.25,5
3341,5,737,17.45,5.0,12.45,5
3342,2,738,3.6,1.1,2.5,1
3343,3,99,21.6,7.2,14.4,6
3344,4,210,22.75,7.98,14.77,7
3345,4,210,9.75,3.42,6.33,3
3346,3,3,10.8,3.6,7.2,3
3347,1,255,22.5,7.8,14.7,6
3348,5,39,10.47,3.0,7.47,3
3349,8,377,60.0,30.0,30.0,3
3350,4,42,6.5,2.28,4.22,2
3351,7,739,6.0,3.2,2.8,4
3352,2,3,25.2,7.7,17.5,7
3353,3,3,14.4,4.8,9.6,4
3354,4,8,9.75,3.42,6.33,3
3355,1,8,7.5,2.6,4.9,2
3356,2,38,10.8,3.3,7.5,3
3357,2,279,14.4,4.4,10.0,4
3358,2,279,3.6,1.1,2.5,1
3359,2,279,18.0,5.5,12.5,5
3360,4,1,6.5,2.28,4.22,2
3361,2,449,7.2,2.2,5.0,2
3362,5,449,24.43,7.0,17.43,7
3363,3,449,28.8,9.6,19.2,8
3364,4,255,3.25,1.14,2.11,1
3365,5,616,6.98,2.0,4.98,2
3366,1,45,26.25,9.1,17.15,7
3367,9,146,9.75,9.0,0.75,3
3368,1,8,11.25,3.9,7.35,3
3369,2,38,7.2,2.2,5.0,2
3370,1,4,11.25,3.9,7.35,3
3371,3,3,7.2,2.4,4.8,2
3372,5,39,3.49,1.0,2.49,1
3373,5,15,10.47,3.0,7.47,3
3374,4,516,9.75,3.42,6.33,3
3375,1,516,18.75,6.5,12.25,5
3376,3,15,7.2,2.4,4.8,2
3377,2,15,18.0,5.5,12.5,5
3378,2,15,32.4,9.9,22.5,9
3379,5,71,6.98,2.0,4.98,2
3380,3,32,3.6,1.2,2.4,1
3381,2,32,10.8,3.3,7.5,3
3382,3,32,14.4,4.8,9.6,4
3383,2,555,7.2,2.2,5.0,2
3384,5,555,20.94,6.0,14.94,6
3385,2,555,14.4,4.4,10.0,4
3386,3,110,10.8,3.6,7.2,3
3387,1,42,7.5,2.6,4.9,2
3388,8,377,60.0,30.0,30.0,3
3389,1,42,26.25,9.1,17.15,7
3390,2,56,36.0,11.0,25.0,10
3391,1,8,30.0,10.4,19.6,8
3392,4,65,6.5,2.28,4.22,2
3393,3,39,10.8,3.6,7.2,3
3394,2,3,10.8,3.3,7.5,3
3395,8,740,60.0,30.0,30.0,3
3396,1,8,11.25,3.9,7.35,3
3397,3,38,7.2,2.4,4.8,2
3398,1,290,11.25,3.9,7.35,3
3399,3,291,7.2,2.4,4.8,2
3400,5,291,10.47,3.0,7.47,3
3401,4,8,9.75,3.42,6.33,3
3402,4,741,16.25,5.7,10.55,5
3403,5,254,6.98,2.0,4.98,2
3404,2,39,7.2,2.2,5.0,2
3405,1,65,18.75,6.5,12.25,5
3406,1,17,26.25,9.1,17.15,7
3407,5,410,3.49,1.0,2.49,1
3408,5,410,6.98,2.0,4.98,2
3409,4,42,6.5,2.28,4.22,2
3410,3,555,18.0,6.0,12.0,5
3411,5,593,10.47,3.0,7.47,3
3412,4,8,26.0,9.12,16.88,8
3413,5,39,10.47,3.0,7.47,3
3414,5,254,3.49,1.0,2.49,1
3415,1,219,7.5,2.6,4.9,2
3416,3,39,7.2,2.4,4.8,2
3417,11,742,18.75,7.5,11.25,5
3418,5,215,6.98,2.0,4.98,2
3419,5,215,34.9,10.0,24.9,10
3420,2,743,21.6,6.6,15.0,6
3421,4,744,6.5,2.28,4.22,2
3422,2,743,14.4,4.4,10.0,4
3423,1,744,11.25,3.9,7.35,3
3424,6,674,5.0,2.4,2.6,4
3425,3,2,18.0,6.0,12.0,5
3426,4,1,9.75,3.42,6.33,3
3427,9,236,13.0,12.0,1.0,4
3428,5,2,3.49,1.0,2.49,1
3429,4,290,3.25,1.14,2.11,1
3430,2,291,43.2,13.2,30.0,12
3431,4,745,13.0,4.56,8.44,4
3432,4,21,9.75,3.42,6.33,3
3433,4,21,16.25,5.7,10.55,5
3434,3,156,21.6,7.2,14.4,6
3435,2,156,18.0,5.5,12.5,5
3436,2,539,25.2,7.7,17.5,7
3437,4,4,9.75,3.42,6.33,3
3438,3,99,3.6,1.2,2.4,1
3439,3,99,14.4,4.8,9.6,4
3440,1,310,11.25,3.9,7.35,3
3441,3,507,18.0,6.0,12.0,5
3442,3,507,14.4,4.8,9.6,4
3443,5,746,6.98,2.0,4.98,2
3444,5,72,3.49,1.0,2.49,1
3445,2,747,25.2,7.7,17.5,7
3446,4,205,29.25,10.26,18.99,9
3447,4,91,9.75,3.42,6.33,3
3448,4,65,16.25,5.7,10.55,5
3449,3,39,10.8,3.6,7.2,3
3450,4,551,19.5,6.84,12.66,6
3451,1,696,3.75,1.3,2.45,1
3452,5,320,6.98,2.0,4.98,2
3453,5,169,6.98,2.0,4.98,2
3454,1,720,7.5,2.6,4.9,2
3455,4,720,22.75,7.98,14.77,7
3456,1,55,7.5,2.6,4.9,2
3457,5,132,3.49,1.0,2.49,1
3458,3,3,7.2,2.4,4.8,2
3459,4,45,26.0,9.12,16.88,8
3460,5,38,10.47,3.0,7.47,3
3461,3,39,10.8,3.6,7.2,3
3462,1,65,15.0,5.2,9.8,4
3463,5,521,13.96,4.0,9.96,4
3464,5,521,6.98,2.0,4.98,2
3465,3,521,10.8,3.6,7.2,3
3466,4,128,9.75,3.42,6.33,3
3467,1,128,18.75,6.5,12.25,5
3468,3,3,21.6,7.2,14.4,6
3469,2,3,3.6,1.1,2.5,1
3470,4,4,26.0,9.12,16.88,8
3471,1,42,18.75,6.5,12.25,5
3472,2,3,14.4,4.4,10.0,4
3473,1,8,11.25,3.9,7.35,3
3474,5,748,13.96,4.0,9.96,4
3475,1,4,15.0,5.2,9.8,4
3476,4,8,3.25,1.14,2.11,1
3477,1,55,3.75,1.3,2.45,1
3478,5,125,20.94,6.0,14.94,6
3479,1,1,18.75,6.5,12.25,5
3480,3,2,7.2,2.4,4.8,2
3481,2,2,10.8,3.3,7.5,3
3482,4,1,16.25,5.7,10.55,5
3483,2,132,21.6,6.6,15.0,6
3484,2,446,14.4,4.4,10.0,4
3485,1,1,15.0,5.2,9.8,4
3486,4,1,6.5,2.28,4.22,2
3487,1,4,7.5,2.6,4.9,2
3488,2,3,10.8,3.3,7.5,3
3489,4,8,9.75,3.42,6.33,3
3490,1,733,3.75,1.3,2.45,1
3491,1,733,11.25,3.9,7.35,3
3492,5,734,10.47,3.0,7.47,3
3493,2,734,7.2,2.2,5.0,2
3494,2,734,10.8,3.3,7.5,3
3495,1,733,7.5,2.6,4.9,2
3496,4,1,6.5,2.28,4.22,2
3497,4,65,6.5,2.28,4.22,2
3498,5,749,17.45,5.0,12.45,5
3499,2,750,7.2,2.2,5.0,2
3500,2,12,3.6,1.1,2.5,1
3501,4,172,13.0,4.56,8.44,4
3502,3,751,32.4,10.8,21.6,9
3503,3,105,18.0,6.0,12.0,5
3504,2,38,3.6,1.1,2.5,1
3505,2,38,18.0,5.5,12.5,5
3506,2,38,10.8,3.3,7.5,3
3507,5,132,6.98,2.0,4.98,2
3508,4,55,9.75,3.42,6.33,3
3509,4,55,16.25,5.7,10.55,5
3510,4,55,29.25,10.26,18.99,9
3511,4,55,22.75,7.98,14.77,7
3512,5,292,10.47,3.0,7.47,3
3513,5,292,6.98,2.0,4.98,2
3514,2,292,10.8,3.3,7.5,3
3515,5,507,13.96,4.0,9.96,4
3516,1,8,7.5,2.6,4.9,2
3517,5,38,6.98,2.0,4.98,2
3518,3,38,7.2,2.4,4.8,2
3519,2,752,10.8,3.3,7.5,3
3520,4,8,13.0,4.56,8.44,4
3521,1,8,11.25,3.9,7.35,3
3522,4,753,6.5,2.28,4.22,2
3523,2,38,3.6,1.1,2.5,1
3524,8,118,80.0,40.0,40.0,4
3525,9,309,13.0,12.0,1.0,4
3526,4,65,6.5,2.28,4.22,2
3527,3,39,25.2,8.4,16.8,7
3528,2,266,3.6,1.1,2.5,1
3529,2,266,7.2,2.2,5.0,2
3530,2,523,10.8,3.3,7.5,3
3531,2,754,28.8,8.8,20.0,8
3532,5,39,6.98,2.0,4.98,2
3533,5,39,13.96,4.0,9.96,4
3534,3,499,14.4,4.8,9.6,4
3535,2,499,7.2,2.2,5.0,2
3536,1,546,15.0,5.2,9.8,4
3537,3,499,7.2,2.4,4.8,2
3538,1,546,26.25,9.1,17.15,7
3539,5,499,27.92,8.0,19.92,8
3540,4,546,16.25,5.7,10.55,5
3541,4,546,9.75,3.42,6.33,3
3542,1,4,30.0,10.4,19.6,8
3543,4,4,6.5,2.28,4.22,2
3544,5,3,6.98,2.0,4.98,2
3545,2,461,18.0,5.5,12.5,5
3546,1,108,11.25,3.9,7.35,3
3547,1,108,7.5,2.6,4.9,2
3548,3,107,3.6,1.2,2.4,1
3549,5,39,6.98,2.0,4.98,2
3550,2,39,32.4,9.9,22.5,9
3551,1,755,37.5,13.0,24.5,10
3552,3,756,3.6,1.2,2.4,1
3553,5,38,10.47,3.0,7.47,3
3554,1,8,11.25,3.9,7.35,3
3555,4,8,6.5,2.28,4.22,2
3556,3,38,46.8,15.6,31.2,13
3557,1,8,15.0,5.2,9.8,4
3558,2,38,18.0,5.5,12.5,5
3559,2,38,32.4,9.9,22.5,9
3560,4,757,3.25,1.14,2.11,1
3561,3,3,3.6,1.2,2.4,1
3562,4,91,6.5,2.28,4.22,2
3563,1,91,22.5,7.8,14.7,6
3564,5,758,10.47,3.0,7.47,3
3565,1,354,18.75,6.5,12.25,5
3566,3,138,3.6,1.2,2.4,1
3567,4,759,13.0,4.56,8.44,4
3568,3,760,18.0,6.0,12.0,5
3569,2,760,10.8,3.3,7.5,3
3570,1,759,15.0,5.2,9.8,4
3571,8,761,100.0,50.0,50.0,5
3572,2,760,3.6,1.1,2.5,1
3573,2,762,14.4,4.4,10.0,4
3574,1,42,7.5,2.6,4.9,2
3575,4,8,19.5,6.84,12.66,6
3576,2,38,3.6,1.1,2.5,1
3577,4,8,13.0,4.56,8.44,4
3578,5,169,10.47,3.0,7.47,3
3579,4,359,19.5,6.84,12.66,6
3580,3,625,10.8,3.6,7.2,3
3581,1,624,18.75,6.5,12.25,5
3582,5,44,10.47,3.0,7.47,3
3583,4,45,29.25,10.26,18.99,9
3584,5,763,6.98,2.0,4.98,2
3585,4,764,16.25,5.7,10.55,5
3586,5,2,3.49,1.0,2.49,1
3587,2,2,18.0,5.5,12.5,5
3588,5,71,10.47,3.0,7.47,3
3589,4,91,6.5,2.28,4.22,2
3590,5,765,17.45,5.0,12.45,5
3591,4,42,9.75,3.42,6.33,3
3592,3,32,10.8,3.6,7.2,3
3593,2,32,18.0,5.5,12.5,5
3594,1,73,22.5,7.8,14.7,6
3595,2,74,21.6,6.6,15.0,6
3596,5,74,17.45,5.0,12.45,5
3597,5,74,27.92,8.0,19.92,8
3598,4,313,6.5,2.28,4.22,2
3599,4,766,22.75,7.98,14.77,7
3600,5,132,10.47,3.0,7.47,3
3601,1,767,18.75,6.5,12.25,5
3602,3,768,25.2,8.4,16.8,7
3603,3,71,18.0,6.0,12.0,5
3604,4,6,6.5,2.28,4.22,2
3605,2,5,7.2,2.2,5.0,2
3606,2,12,3.6,1.1,2.5,1
3607,1,144,41.25,14.3,26.95,11
3608,9,769,16.25,15.0,1.25,5
3609,1,8,11.25,3.9,7.35,3
3610,3,38,10.8,3.6,7.2,3
3611,4,326,22.75,7.98,14.77,7
3612,9,770,6.5,6.0,0.5,2
3613,2,771,21.6,6.6,15.0,6
3614,4,772,3.25,1.14,2.11,1
3615,3,251,7.2,2.4,4.8,2
3616,4,8,22.75,7.98,14.77,7
3617,3,38,25.2,8.4,16.8,7
3618,1,456,15.0,5.2,9.8,4
3619,5,110,10.47,3.0,7.47,3
3620,1,140,11.25,3.9,7.35,3
3621,3,110,18.0,6.0,12.0,5
3622,1,128,11.25,3.9,7.35,3
3623,4,128,19.5,6.84,12.66,6
3624,3,38,14.4,4.8,9.6,4
3625,4,4,6.5,2.28,4.22,2
3626,5,3,13.96,4.0,9.96,4
3627,5,2,6.98,2.0,4.98,2
3628,2,133,32.4,9.9,22.5,9
3629,3,3,7.2,2.4,4.8,2
3630,5,218,20.94,6.0,14.94,6
3631,2,213,18.0,5.5,12.5,5
3632,9,773,9.75,9.0,0.75,3
3633,4,45,22.75,7.98,14.77,7
3634,1,354,7.5,2.6,4.9,2
3635,3,138,18.0,6.0,12.0,5
3636,4,774,19.5,6.84,12.66,6
3637,4,774,26.0,9.12,16.88,8
3638,6,775,6.25,3.0,3.25,5
3639,8,358,20.0,10.0,10.0,1
3640,3,71,10.8,3.6,7.2,3
3641,2,71,10.8,3.3,7.5,3
3642,2,282,3.6,1.1,2.5,1
3643,4,65,19.5,6.84,12.66,6
3644,3,39,10.8,3.6,7.2,3
3645,1,407,33.75,11.7,22.05,9
3646,1,407,11.25,3.9,7.35,3
3647,1,407,26.25,9.1,17.15,7
3648,1,551,3.75,1.3,2.45,1
3649,5,254,13.96,4.0,9.96,4
3650,5,71,6.98,2.0,4.98,2
3651,2,277,18.0,5.5,12.5,5
3652,2,776,14.4,4.4,10.0,4
3653,3,282,18.0,6.0,12.0,5
3654,5,32,10.47,3.0,7.47,3
3655,3,556,3.6,1.2,2.4,1
3656,1,777,7.5,2.6,4.9,2
3657,2,556,21.6,6.6,15.0,6
3658,5,556,17.45,5.0,12.45,5
3659,4,42,3.25,1.14,2.11,1
3660,1,42,3.75,1.3,2.45,1
3661,1,42,7.5,2.6,4.9,2
3662,5,38,10.47,3.0,7.47,3
3663,4,4,16.25,5.7,10.55,5
3664,5,3,3.49,1.0,2.49,1
3665,1,65,15.0,5.2,9.8,4
3666,2,600,25.2,7.7,17.5,7
3667,1,111,26.25,9.1,17.15,7
3668,5,600,6.98,2.0,4.98,2
3669,5,600,17.45,5.0,12.45,5
3670,5,600,3.49,1.0,2.49,1
3671,5,2,13.96,4.0,9.96,4
3672,2,2,7.2,2.2,5.0,2
3673,1,1,33.75,11.7,22.05,9
3674,1,1,7.5,2.6,4.9,2
3675,3,38,10.8,3.6,7.2,3
3676,3,286,21.6,7.2,14.4,6
3677,4,778,9.75,3.42,6.33,3
3678,3,779,14.4,4.8,9.6,4
3679,9,780,9.75,9.0,0.75,3
3680,4,778,16.25,5.7,10.55,5
3681,2,422,21.6,6.6,15.0,6
3682,1,781,26.25,9.1,17.15,7
3683,1,781,7.5,2.6,4.9,2
3684,1,781,22.5,7.8,14.7,6
3685,6,674,2.5,1.2,1.3,2
3686,5,56,10.47,3.0,7.47,3
3687,3,56,32.4,10.8,21.6,9
3688,4,471,6.5,2.28,4.22,2
3689,4,4,19.5,6.84,12.66,6
3690,5,782,6.98,2.0,4.98,2
3691,6,783,5.0,2.4,2.6,4
3692,5,3,3.49,1.0,2.49,1
3693,3,3,18.0,6.0,12.0,5
3694,1,4,7.5,2.6,4.9,2
3695,2,784,36.0,11.0,25.0,10
3696,3,784,10.8,3.6,7.2,3
3697,3,572,10.8,3.6,7.2,3
3698,4,785,9.75,3.42,6.33,3
3699,2,572,28.8,8.8,20.0,8
3700,2,3,7.2,2.2,5.0,2
3701,3,2,7.2,2.4,4.8,2
3702,1,4,11.25,3.9,7.35,3
3703,3,3,7.2,2.4,4.8,2
3704,3,32,25.2,8.4,16.8,7
3705,5,32,10.47,3.0,7.47,3
3706,5,32,3.49,1.0,2.49,1
3707,5,32,17.45,5.0,12.45,5
3708,4,42,3.25,1.14,2.11,1
3709,3,32,10.8,3.6,7.2,3
3710,1,45,18.75,6.5,12.25,5
3711,4,45,16.25,5.7,10.55,5
3712,3,44,10.8,3.6,7.2,3
3713,2,44,7.2,2.2,5.0,2
3714,1,45,3.75,1.3,2.45,1
3715,2,11,10.8,3.3,7.5,3
3716,4,359,6.5,2.28,4.22,2
3717,1,359,26.25,9.1,17.15,7
3718,5,360,13.96,4.0,9.96,4
3719,5,44,10.47,3.0,7.47,3
3720,2,553,3.6,1.1,2.5,1
3721,5,553,6.98,2.0,4.98,2
3722,1,8,7.5,2.6,4.9,2
3723,5,38,6.98,2.0,4.98,2
3724,1,786,18.75,6.5,12.25,5
3725,5,787,10.47,3.0,7.47,3
3726,5,621,27.92,8.0,19.92,8
3727,2,44,10.8,3.3,7.5,3
3728,3,2,7.2,2.4,4.8,2
3729,3,3,50.4,16.8,33.6,14
3730,1,51,15.0,5.2,9.8,4
3731,2,206,3.6,1.1,2.5,1
3732,5,677,31.41,9.0,22.41,9
3733,2,32,10.8,3.3,7.5,3
3734,4,65,13.0,4.56,8.44,4
3735,3,788,7.2,2.4,4.8,2
3736,5,2,6.98,2.0,4.98,2
3737,1,789,11.25,3.9,7.35,3
3738,4,789,13.0,4.56,8.44,4
3739,3,790,7.2,2.4,4.8,2
3740,5,790,3.49,1.0,2.49,1
3741,5,271,17.45,5.0,12.45,5
3742,4,270,9.75,3.42,6.33,3
3743,3,271,18.0,6.0,12.0,5
3744,1,514,15.0,5.2,9.8,4
3745,1,108,22.5,7.8,14.7,6
3746,3,251,10.8,3.6,7.2,3
3747,3,251,14.4,4.8,9.6,4
3748,4,1,13.0,4.56,8.44,4
3749,3,99,10.8,3.6,7.2,3
3750,1,8,26.25,9.1,17.15,7
3751,8,791,140.0,70.0,70.0,7
3752,5,38,10.47,3.0,7.47,3
3753,4,8,16.25,5.7,10.55,5
3754,3,3,25.2,8.4,16.8,7
3755,4,439,16.25,5.7,10.55,5
3756,3,71,32.4,10.8,21.6,9
3757,5,556,10.47,3.0,7.47,3
3758,4,777,6.5,2.28,4.22,2
3759,1,4,18.75,6.5,12.25,5
3760,2,603,14.4,4.4,10.0,4
3761,4,571,6.5,2.28,4.22,2
3762,5,208,13.96,4.0,9.96,4
3763,5,226,6.98,2.0,4.98,2
3764,1,312,15.0,5.2,9.8,4
3765,3,2,7.2,2.4,4.8,2
3766,5,2,10.47,3.0,7.47,3
3767,2,2,10.8,3.3,7.5,3
3768,2,2,25.2,7.7,17.5,7
3769,1,312,26.25,9.1,17.15,7
3770,2,306,14.4,4.4,10.0,4
3771,1,452,33.75,11.7,22.05,9
3772,2,306,7.2,2.2,5.0,2
3773,1,792,18.75,6.5,12.25,5
3774,3,692,3.6,1.2,2.4,1
3775,2,692,25.2,7.7,17.5,7
3776,4,792,6.5,2.28,4.22,2
3777,3,692,10.8,3.6,7.2,3
3778,3,71,14.4,4.8,9.6,4
3779,3,71,21.6,7.2,14.4,6
3780,4,65,3.25,1.14,2.11,1
3781,5,71,31.41,9.0,22.41,9
3782,8,358,60.0,30.0,30.0,3
3783,4,65,9.75,3.42,6.33,3
3784,3,39,14.4,4.8,9.6,4
3785,5,39,17.45,5.0,12.45,5
3786,1,793,15.0,5.2,9.8,4
3787,3,794,10.8,3.6,7.2,3
3788,3,71,14.4,4.8,9.6,4
3789,5,435,3.49,1.0,2.49,1
3790,2,435,25.2,7.7,17.5,7
3791,4,334,3.25,1.14,2.11,1
3792,5,435,6.98,2.0,4.98,2
3793,3,435,14.4,4.8,9.6,4
3794,1,334,26.25,9.1,17.15,7
3795,1,334,18.75,6.5,12.25,5
3796,3,435,18.0,6.0,12.0,5
3797,5,124,17.45,5.0,12.45,5
3798,1,351,11.25,3.9,7.35,3
3799,1,8,7.5,2.6,4.9,2
3800,5,2,10.47,3.0,7.47,3
3801,3,2,7.2,2.4,4.8,2
3802,2,2,18.0,5.5,12.5,5
3803,1,1,33.75,11.7,22.05,9
3804,1,1,11.25,3.9,7.35,3
3805,4,1,6.5,2.28,4.22,2
3806,2,38,18.0,5.5,12.5,5
3807,2,595,10.8,3.3,7.5,3
3808,4,323,6.5,2.28,4.22,2
3809,1,323,3.75,1.3,2.45,1
3810,2,176,10.8,3.3,7.5,3
3811,2,176,7.2,2.2,5.0,2
3812,4,177,6.5,2.28,4.22,2
3813,2,176,28.8,8.8,20.0,8
3814,3,201,25.2,8.4,16.8,7
3815,5,201,3.49,1.0,2.49,1
3816,2,43,18.0,5.5,12.5,5
3817,4,670,6.5,2.28,4.22,2
3818,5,795,10.47,3.0,7.47,3
3819,5,39,3.49,1.0,2.49,1
3820,3,44,7.2,2.4,4.8,2
3821,3,44,25.2,8.4,16.8,7
3822,4,4,9.75,3.42,6.33,3
3823,2,3,10.8,3.3,7.5,3
3824,3,3,21.6,7.2,14.4,6
3825,3,3,7.2,2.4,4.8,2
3826,3,132,7.2,2.4,4.8,2
3827,1,128,7.5,2.6,4.9,2
3828,4,796,3.25,1.14,2.11,1
3829,4,65,6.5,2.28,4.22,2
3830,3,508,43.2,14.4,28.8,12
3831,5,508,10.47,3.0,7.47,3
3832,4,1,9.75,3.42,6.33,3
3833,4,1,6.5,2.28,4.22,2
3834,3,506,10.8,3.6,7.2,3
3835,1,136,15.0,5.2,9.8,4
3836,1,8,7.5,2.6,4.9,2
3837,5,38,27.92,8.0,19.92,8
3838,1,8,22.5,7.8,14.7,6
3839,3,38,18.0,6.0,12.0,5
3840,1,8,11.25,3.9,7.35,3
3841,3,299,10.8,3.6,7.2,3
3842,4,563,13.0,4.56,8.44,4
3843,1,91,18.75,6.5,12.25,5
3844,1,267,15.0,5.2,9.8,4
3845,3,266,18.0,6.0,12.0,5
3846,1,8,15.0,5.2,9.8,4
3847,3,797,7.2,2.4,4.8,2
3848,5,797,6.98,2.0,4.98,2
3849,3,675,3.6,1.2,2.4,1
3850,3,675,10.8,3.6,7.2,3
3851,4,579,6.5,2.28,4.22,2
3852,1,359,37.5,13.0,24.5,10
3853,1,407,7.5,2.6,4.9,2
3854,1,407,11.25,3.9,7.35,3
3855,1,1,7.5,2.6,4.9,2
3856,8,674,40.0,20.0,20.0,2
3857,4,1,6.5,2.28,4.22,2
3858,2,2,7.2,2.2,5.0,2
3859,4,1,32.5,11.4,21.1,10
3860,1,14,22.5,7.8,14.7,6
3861,2,106,10.8,3.3,7.5,3
3862,8,377,40.0,20.0,20.0,2
3863,1,1,18.75,6.5,12.25,5
3864,4,313,3.25,1.14,2.11,1
3865,2,20,14.4,4.4,10.0,4
3866,3,20,18.0,6.0,12.0,5
3867,3,435,18.0,6.0,12.0,5
3868,4,334,3.25,1.14,2.11,1
3869,2,798,7.2,2.2,5.0,2
3870,2,798,10.8,3.3,7.5,3
3871,1,305,18.75,6.5,12.25,5
3872,5,71,24.43,7.0,17.43,7
3873,4,91,9.75,3.42,6.33,3
3874,1,45,30.0,10.4,19.6,8
3875,1,45,11.25,3.9,7.35,3
3876,2,44,10.8,3.3,7.5,3
3877,5,44,17.45,5.0,12.45,5
3878,4,45,16.25,5.7,10.55,5
3879,1,799,26.25,9.1,17.15,7
3880,2,614,7.2,2.2,5.0,2
3881,1,699,11.25,3.9,7.35,3
3882,4,699,13.0,4.56,8.44,4
3883,1,699,26.25,9.1,17.15,7
3884,2,698,10.8,3.3,7.5,3
3885,3,698,10.8,3.6,7.2,3
3886,3,698,25.2,8.4,16.8,7
3887,4,351,22.75,7.98,14.77,7
3888,5,800,31.41,9.0,22.41,9
3889,2,44,7.2,2.2,5.0,2
3890,2,81,7.2,2.2,5.0,2
3891,5,435,10.47,3.0,7.47,3
3892,4,55,16.25,5.7,10.55,5
3893,9,770,9.75,9.0,0.75,3
3894,6,801,1.25,0.6,0.65,1
3895,3,132,18.0,6.0,12.0,5
3896,6,135,6.25,3.0,3.25,5
3897,2,38,10.8,3.3,7.5,3
3898,1,8,11.25,3.9,7.35,3
3899,9,802,6.5,6.0,0.5,2
3900,5,19,24.43,7.0,17.43,7
3901,2,3,10.8,3.3,7.5,3
3902,5,3,13.96,4.0,9.96,4
3903,1,84,26.25,9.1,17.15,7
3904,5,251,17.45,5.0,12.45,5
3905,5,57,10.47,3.0,7.47,3
3906,1,803,3.75,1.3,2.45,1
3907,6,804,2.5,1.2,1.3,2
3908,1,65,26.25,9.1,17.15,7
3909,2,39,14.4,4.4,10.0,4
3910,1,65,15.0,5.2,9.8,4
3911,1,42,7.5,2.6,4.9,2
3912,5,38,10.47,3.0,7.47,3
3913,2,38,14.4,4.4,10.0,4
3914,4,8,16.25,5.7,10.55,5
3915,5,3,3.49,1.0,2.49,1
3916,2,782,28.8,8.8,20.0,8
3917,2,782,3.6,1.1,2.5,1
3918,1,42,26.25,9.1,17.15,7
3919,4,8,26.0,9.12,16.88,8
3920,4,721,16.25,5.7,10.55,5
3921,2,216,14.4,4.4,10.0,4
3922,3,266,18.0,6.0,12.0,5
3923,2,266,10.8,3.3,7.5,3
3924,9,805,22.75,21.0,1.75,7
3925,2,74,7.2,2.2,5.0,2
3926,3,74,7.2,2.4,4.8,2
3927,4,4,16.25,5.7,10.55,5
3928,2,3,10.8,3.3,7.5,3
3929,2,3,10.8,3.3,7.5,3
3930,1,351,18.75,6.5,12.25,5
3931,4,806,6.5,2.28,4.22,2
3932,2,800,7.2,2.2,5.0,2
3933,4,806,3.25,1.14,2.11,1
3934,4,806,16.25,5.7,10.55,5
3935,2,800,14.4,4.4,10.0,4
3936,4,806,13.0,4.56,8.44,4
3937,3,800,14.4,4.8,9.6,4
3938,5,180,6.98,2.0,4.98,2
3939,3,180,7.2,2.4,4.8,2
3940,2,38,7.2,2.2,5.0,2
3941,3,32,25.2,8.4,16.8,7
3942,5,32,13.96,4.0,9.96,4
3943,4,42,6.5,2.28,4.22,2
3944,3,32,21.6,7.2,14.4,6
3945,1,4,7.5,2.6,4.9,2
3946,2,3,3.6,1.1,2.5,1
3947,4,302,13.0,4.56,8.44,4
3948,2,39,25.2,7.7,17.5,7
3949,4,65,6.5,2.28,4.22,2
3950,4,390,13.0,4.56,8.44,4
3951,1,4,11.25,3.9,7.35,3
3952,2,3,10.8,3.3,7.5,3
3953,1,4,3.75,1.3,2.45,1
3954,1,807,18.75,6.5,12.25,5
3955,2,20,18.0,5.5,12.5,5
3956,5,20,13.96,4.0,9.96,4
3957,5,3,31.41,9.0,22.41,9
3958,4,102,9.75,3.42,6.33,3
3959,1,102,11.25,3.9,7.35,3
3960,5,54,10.47,3.0,7.47,3
3961,2,54,7.2,2.2,5.0,2
3962,2,30,3.6,1.1,2.5,1
3963,4,128,6.5,2.28,4.22,2
3964,9,520,22.75,21.0,1.75,7
3965,5,43,20.94,6.0,14.94,6
3966,4,564,26.0,9.12,16.88,8
3967,2,43,7.2,2.2,5.0,2
3968,2,43,3.6,1.1,2.5,1
3969,2,43,10.8,3.3,7.5,3
3970,5,32,6.98,2.0,4.98,2
3971,1,42,33.75,11.7,22.05,9
3972,8,358,180.0,90.0,90.0,9
3973,1,91,11.25,3.9,7.35,3
3974,2,71,10.8,3.3,7.5,3
3975,5,138,17.45,5.0,12.45,5
3976,4,45,13.0,4.56,8.44,4
3977,1,4,7.5,2.6,4.9,2
3978,5,44,10.47,3.0,7.47,3
3979,3,201,18.0,6.0,12.0,5
3980,2,32,3.6,1.1,2.5,1
3981,1,42,7.5,2.6,4.9,2
3982,3,808,10.8,3.6,7.2,3
3983,2,30,7.2,2.2,5.0,2
3984,4,493,13.0,4.56,8.44,4
3985,3,492,18.0,6.0,12.0,5
3986,2,492,7.2,2.2,5.0,2
3987,2,2,10.8,3.3,7.5,3
3988,3,422,14.4,4.8,9.6,4
3989,4,781,29.25,10.26,18.99,9
3990,2,422,7.2,2.2,5.0,2
3991,1,354,15.0,5.2,9.8,4
3992,2,661,10.8,3.3,7.5,3
3993,4,662,3.25,1.14,2.11,1
3994,5,661,17.45,5.0,12.45,5
3995,1,45,30.0,10.4,19.6,8
3996,3,44,10.8,3.6,7.2,3
3997,1,45,3.75,1.3,2.45,1
3998,5,308,6.98,2.0,4.98,2
3999,2,308,21.6,6.6,15.0,6
4000,4,307,29.25,10.26,18.99,9
4001,3,191,21.6,7.2,14.4,6
4002,1,1,11.25,3.9,7.35,3
4003,5,2,17.45,5.0,12.45,5
4004,3,168,18.0,6.0,12.0,5
4005,4,197,45.5,15.96,29.54,14
4006,4,197,19.5,6.84,12.66,6
4007,3,809,3.6,1.2,2.4,1
4008,4,351,13.0,4.56,8.44,4
4009,2,39,7.2,2.2,5.0,2
4010,5,506,13.96,4.0,9.96,4
4011,1,505,18.75,6.5,12.25,5
4012,3,506,32.4,10.8,21.6,9
4013,2,506,18.0,5.5,12.5,5
4014,4,505,16.25,5.7,10.55,5
4015,5,506,10.47,3.0,7.47,3
4016,3,506,10.8,3.6,7.2,3
4017,1,505,11.25,3.9,7.35,3
4018,1,505,15.0,5.2,9.8,4
4019,1,4,7.5,2.6,4.9,2
4020,1,4,18.75,6.5,12.25,5
4021,5,3,13.96,4.0,9.96,4
4022,1,4,11.25,3.9,7.35,3
4023,4,128,9.75,3.42,6.33,3
4024,2,32,10.8,3.3,7.5,3
4025,5,617,10.47,3.0,7.47,3
4026,4,618,6.5,2.28,4.22,2
4027,3,617,18.0,6.0,12.0,5
4028,5,617,20.94,6.0,14.94,6
4029,3,617,36.0,12.0,24.0,10
4030,3,38,10.8,3.6,7.2,3
4031,3,38,7.2,2.4,4.8,2
4032,5,20,13.96,4.0,9.96,4
4033,5,20,6.98,2.0,4.98,2
4034,2,20,14.4,4.4,10.0,4
4035,4,21,16.25,5.7,10.55,5
4036,2,20,18.0,5.5,12.5,5
4037,1,21,3.75,1.3,2.45,1
4038,5,436,13.96,4.0,9.96,4
4039,1,50,7.5,2.6,4.9,2
4040,4,50,9.75,3.42,6.33,3
4041,2,46,3.6,1.1,2.5,1
4042,1,766,7.5,2.6,4.9,2
4043,5,39,3.49,1.0,2.49,1
4044,5,39,24.43,7.0,17.43,7
4045,1,65,7.5,2.6,4.9,2
4046,3,810,10.8,3.6,7.2,3
4047,5,810,17.45,5.0,12.45,5
4048,3,71,7.2,2.4,4.8,2
4049,2,71,14.4,4.4,10.0,4
4050,4,8,9.75,3.42,6.33,3
4051,3,249,7.2,2.4,4.8,2
4052,2,3,3.6,1.1,2.5,1
4053,5,249,3.49,1.0,2.49,1
4054,6,135,2.5,1.2,1.3,2
4055,2,237,7.2,2.2,5.0,2
4056,1,76,7.5,2.6,4.9,2
4057,1,76,3.75,1.3,2.45,1
4058,1,210,3.75,1.3,2.45,1
4059,5,124,20.94,6.0,14.94,6
4060,4,351,16.25,5.7,10.55,5
4061,3,811,10.8,3.6,7.2,3
4062,1,607,15.0,5.2,9.8,4
4063,8,812,80.0,40.0,40.0,4
4064,2,38,21.6,6.6,15.0,6
4065,2,218,14.4,4.4,10.0,4
4066,1,590,15.0,5.2,9.8,4
4067,2,555,7.2,2.2,5.0,2
4068,3,555,7.2,2.4,4.8,2
4069,5,555,20.94,6.0,14.94,6
4070,5,555,13.96,4.0,9.96,4
4071,4,813,16.25,5.7,10.55,5
4072,3,39,28.8,9.6,19.2,8
4073,5,271,10.47,3.0,7.47,3
4074,4,814,6.5,2.28,4.22,2
4075,3,38,32.4,10.8,21.6,9
4076,5,815,10.47,3.0,7.47,3
4077,2,511,7.2,2.2,5.0,2
4078,1,816,22.5,7.8,14.7,6
4079,5,39,3.49,1.0,2.49,1
4080,4,65,9.75,3.42,6.33,3
4081,1,65,7.5,2.6,4.9,2
4082,8,817,80.0,40.0,40.0,4
4083,2,125,7.2,2.2,5.0,2
4084,2,125,32.4,9.9,22.5,9
4085,1,354,11.25,3.9,7.35,3
4086,1,818,7.5,2.6,4.9,2
4087,4,4,3.25,1.14,2.11,1
4088,3,39,18.0,6.0,12.0,5
4089,1,586,11.25,3.9,7.35,3
4090,1,8,11.25,3.9,7.35,3
4091,1,166,7.5,2.6,4.9,2
4092,5,819,6.98,2.0,4.98,2
4093,3,819,28.8,9.6,19.2,8
4094,2,819,7.2,2.2,5.0,2
4095,4,820,16.25,5.7,10.55,5
4096,3,821,7.2,2.4,4.8,2
4097,5,435,20.94,6.0,14.94,6
4098,1,42,11.25,3.9,7.35,3
4099,3,32,10.8,3.6,7.2,3
4100,3,32,7.2,2.4,4.8,2
4101,4,822,22.75,7.98,14.77,7
4102,5,261,10.47,3.0,7.47,3
4103,2,3,32.4,9.9,22.5,9
4104,1,516,15.0,5.2,9.8,4
4105,4,8,9.75,3.42,6.33,3
4106,3,39,14.4,4.8,9.6,4
4107,2,39,3.6,1.1,2.5,1
4108,5,39,13.96,4.0,9.96,4
4109,1,65,18.75,6.5,12.25,5
4110,4,65,9.75,3.42,6.33,3
4111,3,7,18.0,6.0,12.0,5
4112,1,8,22.5,7.8,14.7,6
4113,4,8,3.25,1.14,2.11,1
4114,5,457,24.43,7.0,17.43,7
4115,4,187,35.75,12.54,23.21,11
4116,2,81,18.0,5.5,12.5,5
4117,8,823,40.0,20.0,20.0,2
4118,1,187,11.25,3.9,7.35,3
4119,1,516,11.25,3.9,7.35,3
4120,4,8,9.75,3.42,6.33,3
4121,1,313,22.5,7.8,14.7,6
4122,4,824,6.5,2.28,4.22,2
4123,2,44,7.2,2.2,5.0,2
4124,1,825,18.75,6.5,12.25,5
4125,2,826,25.2,7.7,17.5,7
4126,5,826,3.49,1.0,2.49,1
4127,4,8,9.75,3.42,6.33,3
4128,4,65,13.0,4.56,8.44,4
4129,2,39,36.0,11.0,25.0,10
4130,8,118,260.0,130.0,130.0,13
4131,2,39,43.2,13.2,30.0,12
4132,4,586,13.0,4.56,8.44,4
4133,4,586,6.5,2.28,4.22,2
4134,3,827,10.8,3.6,7.2,3
4135,5,827,6.98,2.0,4.98,2
4136,1,100,18.75,6.5,12.25,5
4137,3,191,7.2,2.4,4.8,2
4138,5,3,3.49,1.0,2.49,1
4139,4,4,9.75,3.42,6.33,3
4140,3,3,18.0,6.0,12.0,5
4141,4,4,22.75,7.98,14.77,7
4142,2,3,7.2,2.2,5.0,2
4143,3,3,14.4,4.8,9.6,4
4144,1,546,11.25,3.9,7.35,3
4145,2,499,7.2,2.2,5.0,2
4146,2,499,18.0,5.5,12.5,5
4147,1,546,18.75,6.5,12.25,5
4148,4,546,29.25,10.26,18.99,9
4149,9,828,6.5,6.0,0.5,2
4150,3,39,7.2,2.4,4.8,2
4151,4,824,13.0,4.56,8.44,4
4152,4,824,3.25,1.14,2.11,1
4153,3,829,18.0,6.0,12.0,5
4154,1,824,11.25,3.9,7.35,3
4155,3,829,28.8,9.6,19.2,8
4156,1,8,26.25,9.1,17.15,7
4157,4,120,22.75,7.98,14.77,7
4158,3,280,18.0,6.0,12.0,5
4159,3,32,14.4,4.8,9.6,4
4160,3,39,18.0,6.0,12.0,5
4161,2,71,14.4,4.4,10.0,4
4162,4,91,6.5,2.28,4.22,2
4163,1,91,11.25,3.9,7.35,3
4164,3,71,7.2,2.4,4.8,2
4165,2,71,7.2,2.2,5.0,2
4166,4,4,19.5,6.84,12.66,6
4167,3,61,7.2,2.4,4.8,2
4168,3,61,10.8,3.6,7.2,3
4169,5,61,20.94,6.0,14.94,6
4170,1,1,15.0,5.2,9.8,4
4171,1,45,7.5,2.6,4.9,2
4172,4,514,6.5,2.28,4.22,2
4173,1,514,11.25,3.9,7.35,3
4174,4,514,13.0,4.56,8.44,4
4175,2,38,10.8,3.3,7.5,3
4176,5,38,10.47,3.0,7.47,3
4177,2,38,14.4,4.4,10.0,4
4178,5,30,6.98,2.0,4.98,2
4179,3,30,14.4,4.8,9.6,4
4180,3,30,10.8,3.6,7.2,3
4181,1,334,11.25,3.9,7.35,3
4182,2,435,10.8,3.3,7.5,3
4183,3,39,14.4,4.8,9.6,4
4184,4,830,9.75,3.42,6.33,3
4185,2,831,14.4,4.4,10.0,4
4186,3,7,10.8,3.6,7.2,3
4187,5,124,3.49,1.0,2.49,1
4188,5,124,10.47,3.0,7.47,3
4189,4,351,22.75,7.98,14.77,7
4190,5,3,24.43,7.0,17.43,7
4191,4,4,9.75,3.42,6.33,3
4192,3,32,7.2,2.4,4.8,2
4193,4,4,9.75,3.42,6.33,3
4194,5,133,10.47,3.0,7.47,3
4195,4,45,29.25,10.26,18.99,9
4196,2,44,21.6,6.6,15.0,6
4197,4,45,3.25,1.14,2.11,1
4198,2,44,7.2,2.2,5.0,2
4199,3,30,14.4,4.8,9.6,4
4200,4,128,6.5,2.28,4.22,2
4201,3,30,10.8,3.6,7.2,3
4202,4,832,9.75,3.42,6.33,3
4203,3,833,18.0,6.0,12.0,5
4204,2,37,14.4,4.4,10.0,4
4205,1,774,18.75,6.5,12.25,5
4206,1,559,18.75,6.5,12.25,5
4207,1,559,11.25,3.9,7.35,3
4208,4,559,6.5,2.28,4.22,2
4209,2,535,7.2,2.2,5.0,2
4210,2,535,18.0,5.5,12.5,5
4211,1,559,15.0,5.2,9.8,4
4212,1,559,7.5,2.6,4.9,2
4213,3,38,7.2,2.4,4.8,2
4214,4,516,13.0,4.56,8.44,4
4215,2,15,3.6,1.1,2.5,1
4216,1,516,18.75,6.5,12.25,5
4217,4,351,26.0,9.12,16.88,8
4218,8,409,80.0,40.0,40.0,4
4219,5,124,20.94,6.0,14.94,6
4220,5,124,10.47,3.0,7.47,3
4221,4,128,9.75,3.42,6.33,3
4222,4,8,13.0,4.56,8.44,4
4223,4,45,9.75,3.42,6.33,3
4224,5,44,10.47,3.0,7.47,3
4225,4,834,13.0,4.56,8.44,4
4226,3,44,25.2,8.4,16.8,7
4227,3,44,7.2,2.4,4.8,2
4228,4,835,9.75,3.42,6.33,3
4229,1,835,15.0,5.2,9.8,4
4230,4,835,6.5,2.28,4.22,2
4231,4,835,22.75,7.98,14.77,7
4232,2,105,10.8,3.3,7.5,3
4233,4,305,29.25,10.26,18.99,9
4234,3,105,14.4,4.8,9.6,4
4235,1,305,26.25,9.1,17.15,7
4236,5,105,17.45,5.0,12.45,5
4237,5,105,10.47,3.0,7.47,3
4238,2,32,10.8,3.3,7.5,3
4239,1,4,30.0,10.4,19.6,8
4240,3,32,18.0,6.0,12.0,5
4241,4,836,6.5,2.28,4.22,2
4242,2,752,10.8,3.3,7.5,3
4243,2,239,7.2,2.2,5.0,2
4244,5,38,27.92,8.0,19.92,8
4245,1,59,22.5,7.8,14.7,6
4246,4,45,16.25,5.7,10.55,5
4247,4,323,26.0,9.12,16.88,8
4248,5,595,6.98,2.0,4.98,2
4249,4,323,3.25,1.14,2.11,1
4250,5,399,27.92,8.0,19.92,8
4251,1,745,18.75,6.5,12.25,5
4252,1,745,11.25,3.9,7.35,3
4253,1,403,26.25,9.1,17.15,7
4254,1,403,18.75,6.5,12.25,5
4255,1,8,7.5,2.6,4.9,2
4256,2,30,10.8,3.3,7.5,3
4257,2,837,7.2,2.2,5.0,2
4258,5,837,10.47,3.0,7.47,3
4259,4,777,3.25,1.14,2.11,1
4260,2,556,14.4,4.4,10.0,4
4261,5,508,6.98,2.0,4.98,2
4262,5,508,10.47,3.0,7.47,3
4263,4,838,6.5,2.28,4.22,2
4264,5,508,3.49,1.0,2.49,1
4265,1,839,15.0,5.2,9.8,4
4266,3,588,18.0,6.0,12.0,5
4267,5,258,27.92,8.0,19.92,8
4268,3,840,28.8,9.6,19.2,8
4269,2,840,18.0,5.5,12.5,5
4270,3,840,39.6,13.2,26.4,11
4271,3,840,10.8,3.6,7.2,3
4272,9,841,13.0,12.0,1.0,4
4273,5,842,3.49,1.0,2.49,1
4274,2,843,7.2,2.2,5.0,2
4275,5,336,6.98,2.0,4.98,2
4276,2,336,10.8,3.3,7.5,3
4277,5,336,13.96,4.0,9.96,4
4278,3,3,3.6,1.2,2.4,1
4279,5,3,10.47,3.0,7.47,3
4280,1,4,11.25,3.9,7.35,3
4281,1,4,3.75,1.3,2.45,1
4282,3,553,3.6,1.2,2.4,1
4283,3,553,39.6,13.2,26.4,11
4284,2,553,10.8,3.3,7.5,3
4285,4,552,22.75,7.98,14.77,7
4286,4,8,9.75,3.42,6.33,3
4287,5,844,20.94,6.0,14.94,6
4288,2,844,18.0,5.5,12.5,5
4289,2,844,14.4,4.4,10.0,4
4290,1,845,7.5,2.6,4.9,2
4291,1,65,11.25,3.9,7.35,3
4292,3,39,18.0,6.0,12.0,5
4293,5,39,17.45,5.0,12.45,5
4294,5,846,13.96,4.0,9.96,4
4295,5,846,6.98,2.0,4.98,2
4296,1,847,3.75,1.3,2.45,1
4297,3,846,7.2,2.4,4.8,2
4298,4,847,39.0,13.68,25.32,12
4299,2,38,10.8,3.3,7.5,3
4300,3,38,10.8,3.6,7.2,3
4301,1,8,11.25,3.9,7.35,3
4302,1,848,7.5,2.6,4.9,2
4303,2,32,7.2,2.2,5.0,2
4304,4,42,3.25,1.14,2.11,1
4305,3,849,14.4,4.8,9.6,4
4306,5,849,3.49,1.0,2.49,1
4307,1,128,11.25,3.9,7.35,3
4308,5,30,3.49,1.0,2.49,1
4309,2,30,25.2,7.7,17.5,7
4310,2,30,14.4,4.4,10.0,4
4311,2,30,7.2,2.2,5.0,2
4312,3,30,32.4,10.8,21.6,9
4313,1,546,7.5,2.6,4.9,2
4314,3,499,7.2,2.4,4.8,2
4315,2,81,10.8,3.3,7.5,3
4316,4,312,22.75,7.98,14.77,7
4317,4,312,6.5,2.28,4.22,2
4318,2,226,21.6,6.6,15.0,6
4319,1,177,18.75,6.5,12.25,5
4320,1,209,7.5,2.6,4.9,2
4321,2,218,3.6,1.1,2.5,1
4322,1,91,7.5,2.6,4.9,2
4323,4,850,6.5,2.28,4.22,2
4324,3,412,28.8,9.6,19.2,8
4325,1,379,22.5,7.8,14.7,6
4326,2,851,14.4,4.4,10.0,4
4327,2,32,7.2,2.2,5.0,2
4328,5,32,17.45,5.0,12.45,5
4329,4,42,9.75,3.42,6.33,3
4330,1,42,41.25,14.3,26.95,11
4331,2,32,18.0,5.5,12.5,5
4332,2,3,25.2,7.7,17.5,7
4333,3,3,14.4,4.8,9.6,4
4334,1,4,26.25,9.1,17.15,7
4335,2,3,10.8,3.3,7.5,3
4336,5,38,10.47,3.0,7.47,3
4337,5,2,10.47,3.0,7.47,3
4338,3,2,10.8,3.6,7.2,3
4339,1,584,3.75,1.3,2.45,1
4340,5,47,13.96,4.0,9.96,4
4341,4,4,6.5,2.28,4.22,2
4342,1,42,7.5,2.6,4.9,2
4343,2,32,3.6,1.1,2.5,1
4344,1,1,7.5,2.6,4.9,2
4345,1,852,11.25,3.9,7.35,3
4346,5,129,6.98,2.0,4.98,2
4347,3,138,7.2,2.4,4.8,2
4348,3,71,14.4,4.8,9.6,4
4349,3,613,10.8,3.6,7.2,3
4350,2,613,3.6,1.1,2.5,1
4351,3,39,10.8,3.6,7.2,3
4352,1,65,7.5,2.6,4.9,2
4353,4,381,19.5,6.84,12.66,6
4354,4,1,16.25,5.7,10.55,5
4355,2,3,10.8,3.3,7.5,3
4356,3,132,14.4,4.8,9.6,4
4357,3,132,10.8,3.6,7.2,3
4358,5,279,3.49,1.0,2.49,1
4359,3,279,28.8,9.6,19.2,8
4360,4,340,19.5,6.84,12.66,6
4361,4,452,6.5,2.28,4.22,2
4362,5,306,10.47,3.0,7.47,3
4363,5,306,27.92,8.0,19.92,8
4364,5,306,20.94,6.0,14.94,6
4365,1,452,15.0,5.2,9.8,4
4366,4,34,9.75,3.42,6.33,3
4367,4,34,6.5,2.28,4.22,2
4368,1,305,11.25,3.9,7.35,3
4369,3,72,10.8,3.6,7.2,3
4370,1,123,7.5,2.6,4.9,2
4371,1,123,18.75,6.5,12.25,5
4372,2,72,7.2,2.2,5.0,2
4373,4,4,13.0,4.56,8.44,4
4374,1,471,11.25,3.9,7.35,3
4375,4,45,13.0,4.56,8.44,4
4376,2,44,25.2,7.7,17.5,7
4377,1,45,22.5,7.8,14.7,6
4378,5,38,10.47,3.0,7.47,3
4379,3,38,18.0,6.0,12.0,5
4380,5,79,17.45,5.0,12.45,5
4381,4,516,9.75,3.42,6.33,3
4382,2,853,10.8,3.3,7.5,3
4383,1,4,11.25,3.9,7.35,3
4384,3,854,14.4,4.8,9.6,4
4385,4,855,16.25,5.7,10.55,5
4386,1,855,11.25,3.9,7.35,3
4387,1,856,7.5,2.6,4.9,2
4388,5,38,13.96,4.0,9.96,4
4389,1,8,11.25,3.9,7.35,3
4390,2,857,18.0,5.5,12.5,5
4391,2,857,25.2,7.7,17.5,7
4392,3,38,28.8,9.6,19.2,8
4393,1,403,7.5,2.6,4.9,2
4394,4,403,22.75,7.98,14.77,7
4395,4,403,3.25,1.14,2.11,1
4396,3,857,3.6,1.2,2.4,1
4397,1,16,3.75,1.3,2.45,1
4398,3,277,21.6,7.2,14.4,6
4399,2,553,21.6,6.6,15.0,6
4400,5,58,13.96,4.0,9.96,4
4401,2,58,14.4,4.4,10.0,4
4402,1,55,37.5,13.0,24.5,10
4403,3,235,25.2,8.4,16.8,7
4404,2,30,10.8,3.3,7.5,3
4405,5,3,17.45,5.0,12.45,5
4406,2,3,18.0,5.5,12.5,5
4407,5,754,17.45,5.0,12.45,5
4408,8,858,60.0,30.0,30.0,3
4409,3,462,10.8,3.6,7.2,3
4410,4,859,13.0,4.56,8.44,4
4411,2,239,25.2,7.7,17.5,7
4412,1,860,26.25,9.1,17.15,7
4413,4,860,9.75,3.42,6.33,3
4414,3,333,10.8,3.6,7.2,3
4415,3,333,7.2,2.4,4.8,2
4416,2,861,32.4,9.9,22.5,9
4417,4,4,9.75,3.42,6.33,3
4418,2,862,7.2,2.2,5.0,2
4419,1,836,3.75,1.3,2.45,1
4420,1,863,11.25,3.9,7.35,3
4421,3,864,10.8,3.6,7.2,3
4422,5,864,10.47,3.0,7.47,3
4423,2,71,18.0,5.5,12.5,5
4424,1,534,7.5,2.6,4.9,2
4425,5,15,10.47,3.0,7.47,3
4426,2,15,25.2,7.7,17.5,7
4427,5,54,17.45,5.0,12.45,5
4428,4,8,19.5,6.84,12.66,6
4429,1,8,11.25,3.9,7.35,3
4430,5,328,6.98,2.0,4.98,2
4431,5,44,13.96,4.0,9.96,4
4432,1,91,11.25,3.9,7.35,3
4433,5,32,24.43,7.0,17.43,7
4434,3,382,46.8,15.6,31.2,13
4435,3,32,14.4,4.8,9.6,4
4436,4,42,9.75,3.42,6.33,3
4437,5,32,31.41,9.0,22.41,9
4438,2,238,7.2,2.2,5.0,2
4439,5,238,6.98,2.0,4.98,2
4440,4,1,6.5,2.28,4.22,2
4441,2,865,14.4,4.4,10.0,4
4442,5,865,31.41,9.0,22.41,9
4443,3,865,14.4,4.8,9.6,4
4444,4,866,3.25,1.14,2.11,1
4445,2,865,7.2,2.2,5.0,2
4446,2,867,46.8,14.3,32.5,13
4447,5,3,13.96,4.0,9.96,4
4448,2,39,14.4,4.4,10.0,4
4449,1,65,11.25,3.9,7.35,3
4450,5,500,13.96,4.0,9.96,4
4451,4,91,19.5,6.84,12.66,6
4452,3,38,10.8,3.6,7.2,3
4453,1,4,22.5,7.8,14.7,6
4454,4,4,6.5,2.28,4.22,2
4455,4,334,9.75,3.42,6.33,3
4456,2,868,18.0,5.5,12.5,5
4457,4,163,6.5,2.28,4.22,2
4458,4,163,13.0,4.56,8.44,4
4459,5,44,17.45,5.0,12.45,5
4460,1,869,11.25,3.9,7.35,3
4461,4,108,16.25,5.7,10.55,5
4462,1,108,45.0,15.6,29.4,12
4463,2,870,7.2,2.2,5.0,2
4464,1,579,11.25,3.9,7.35,3
4465,4,697,26.0,9.12,16.88,8
4466,2,333,14.4,4.4,10.0,4
4467,3,2,3.6,1.2,2.4,1
4468,3,2,50.4,16.8,33.6,14
4469,4,1,16.25,5.7,10.55,5
4470,3,2,21.6,7.2,14.4,6
4471,3,2,7.2,2.4,4.8,2
4472,5,2,6.98,2.0,4.98,2
4473,1,55,3.75,1.3,2.45,1
4474,3,132,18.0,6.0,12.0,5
4475,2,871,7.2,2.2,5.0,2
4476,5,38,24.43,7.0,17.43,7
4477,2,156,10.8,3.3,7.5,3
4478,1,302,7.5,2.6,4.9,2
4479,3,156,25.2,8.4,16.8,7
4480,1,302,11.25,3.9,7.35,3
4481,2,553,10.8,3.3,7.5,3
4482,5,39,10.47,3.0,7.47,3
4483,5,39,6.98,2.0,4.98,2
4484,4,65,13.0,4.56,8.44,4
4485,5,3,24.43,7.0,17.43,7
4486,1,872,26.25,9.1,17.15,7
4487,1,128,7.5,2.6,4.9,2
4488,3,30,18.0,6.0,12.0,5
4489,4,1,22.75,7.98,14.77,7
4490,1,1,11.25,3.9,7.35,3
4491,4,1,13.0,4.56,8.44,4
4492,5,282,24.43,7.0,17.43,7
4493,4,67,9.75,3.42,6.33,3
4494,3,539,10.8,3.6,7.2,3
4495,4,4,9.75,3.42,6.33,3
4496,3,138,7.2,2.4,4.8,2
4497,1,873,18.75,6.5,12.25,5
4498,2,874,7.2,2.2,5.0,2
4499,5,39,34.9,10.0,24.9,10
4500,1,4,7.5,2.6,4.9,2
4501,5,3,6.98,2.0,4.98,2
4502,1,42,7.5,2.6,4.9,2
4503,5,32,6.98,2.0,4.98,2
4504,4,42,26.0,9.12,16.88,8
4505,3,2,10.8,3.6,7.2,3
4506,8,875,180.0,90.0,90.0,9
4507,4,4,9.75,3.42,6.33,3
4508,1,65,7.5,2.6,4.9,2
4509,1,337,15.0,5.2,9.8,4
4510,1,4,3.75,1.3,2.45,1
4511,4,190,13.0,4.56,8.44,4
4512,14,391,3.98,1.5,2.48,2
4513,5,32,13.96,4.0,9.96,4
4514,2,32,7.2,2.2,5.0,2
4515,5,32,20.94,6.0,14.94,6
4516,2,32,3.6,1.1,2.5,1
4517,2,194,21.6,6.6,15.0,6
4518,5,194,6.98,2.0,4.98,2
4519,1,876,15.0,5.2,9.8,4
4520,2,194,10.8,3.3,7.5,3
4521,4,876,16.25,5.7,10.55,5
4522,5,138,20.94,6.0,14.94,6
4523,4,354,6.5,2.28,4.22,2
4524,3,138,25.2,8.4,16.8,7
4525,2,138,7.2,2.2,5.0,2
4526,2,57,7.2,2.2,5.0,2
4527,1,650,33.75,11.7,22.05,9
4528,3,72,10.8,3.6,7.2,3
4529,5,592,17.45,5.0,12.45,5
4530,1,877,33.75,11.7,22.05,9
4531,3,878,10.8,3.6,7.2,3
4532,5,878,10.47,3.0,7.47,3
4533,1,91,11.25,3.9,7.35,3
4534,3,223,7.2,2.4,4.8,2
4535,4,879,22.75,7.98,14.77,7
4536,2,44,18.0,5.5,12.5,5
4537,1,96,7.5,2.6,4.9,2
4538,1,96,11.25,3.9,7.35,3
4539,3,147,18.0,6.0,12.0,5
4540,1,618,22.5,7.8,14.7,6
4541,3,617,25.2,8.4,16.8,7
4542,3,617,21.6,7.2,14.4,6
4543,3,11,14.4,4.8,9.6,4
4544,2,201,36.0,11.0,25.0,10
4545,4,637,9.75,3.42,6.33,3
4546,3,636,14.4,4.8,9.6,4
4547,1,637,3.75,1.3,2.45,1
4548,5,39,10.47,3.0,7.47,3
4549,4,65,13.0,4.56,8.44,4
4550,9,582,9.75,9.0,0.75,3
4551,1,255,11.25,3.9,7.35,3
4552,3,3,7.2,2.4,4.8,2
4553,3,3,14.4,4.8,9.6,4
4554,2,71,10.8,3.3,7.5,3
4555,1,91,3.75,1.3,2.45,1
4556,5,218,3.49,1.0,2.49,1
4557,4,209,6.5,2.28,4.22,2
4558,3,218,7.2,2.4,4.8,2
4559,6,880,2.5,1.2,1.3,2
4560,4,881,3.25,1.14,2.11,1
4561,1,832,7.5,2.6,4.9,2
4562,1,45,11.25,3.9,7.35,3
4563,5,44,20.94,6.0,14.94,6
4564,3,827,3.6,1.2,2.4,1
4565,1,563,7.5,2.6,4.9,2
4566,5,299,6.98,2.0,4.98,2
4567,3,184,10.8,3.6,7.2,3
4568,4,678,19.5,6.84,12.66,6
4569,2,677,18.0,5.5,12.5,5
4570,1,678,26.25,9.1,17.15,7
4571,2,677,10.8,3.3,7.5,3
4572,5,677,6.98,2.0,4.98,2
4573,3,882,25.2,8.4,16.8,7
4574,4,1,19.5,6.84,12.66,6
4575,5,2,20.94,6.0,14.94,6
4576,13,883,1.5,0.9,0.6,1
4577,5,541,6.98,2.0,4.98,2
4578,4,186,9.75,3.42,6.33,3
4579,4,186,13.0,4.56,8.44,4
4580,4,91,6.5,2.28,4.22,2
4581,5,71,6.98,2.0,4.98,2
4582,4,4,39.0,13.68,25.32,12
4583,1,4,26.25,9.1,17.15,7
4584,4,334,6.5,2.28,4.22,2
4585,4,334,9.75,3.42,6.33,3
4586,1,884,7.5,2.6,4.9,2
4587,2,38,7.2,2.2,5.0,2
4588,4,8,16.25,5.7,10.55,5
4589,4,885,13.0,4.56,8.44,4
4590,2,861,10.8,3.3,7.5,3
4591,3,810,14.4,4.8,9.6,4
4592,2,3,21.6,6.6,15.0,6
4593,4,4,13.0,4.56,8.44,4
4594,2,3,7.2,2.2,5.0,2
4595,1,4,18.75,6.5,12.25,5
4596,4,45,9.75,3.42,6.33,3
4597,5,450,3.49,1.0,2.49,1
4598,3,450,3.6,1.2,2.4,1
4599,5,450,17.45,5.0,12.45,5
4600,5,450,10.47,3.0,7.47,3
4601,3,450,10.8,3.6,7.2,3
4602,5,450,6.98,2.0,4.98,2
4603,1,886,15.0,5.2,9.8,4
4604,4,886,9.75,3.42,6.33,3
4605,2,887,10.8,3.3,7.5,3
4606,1,8,18.75,6.5,12.25,5
4607,1,8,15.0,5.2,9.8,4
4608,5,38,6.98,2.0,4.98,2
4609,5,39,6.98,2.0,4.98,2
4610,3,39,7.2,2.4,4.8,2
4611,1,305,22.5,7.8,14.7,6
4612,2,105,10.8,3.3,7.5,3
4613,4,21,29.25,10.26,18.99,9
4614,5,20,10.47,3.0,7.47,3
4615,5,20,6.98,2.0,4.98,2
4616,4,21,9.75,3.42,6.33,3
4617,2,20,14.4,4.4,10.0,4
4618,3,3,7.2,2.4,4.8,2
4619,3,38,7.2,2.4,4.8,2
4620,3,38,14.4,4.8,9.6,4
4621,2,3,18.0,5.5,12.5,5
4622,1,354,18.75,6.5,12.25,5
4623,1,354,7.5,2.6,4.9,2
4624,4,354,22.75,7.98,14.77,7
4625,2,138,18.0,5.5,12.5,5
4626,2,138,32.4,9.9,22.5,9
4627,1,888,26.25,9.1,17.15,7
4628,1,888,7.5,2.6,4.9,2
4629,4,1,45.5,15.96,29.54,14
4630,4,290,16.25,5.7,10.55,5
4631,2,291,14.4,4.4,10.0,4
4632,5,291,6.98,2.0,4.98,2
4633,3,291,3.6,1.2,2.4,1
4634,5,291,17.45,5.0,12.45,5
4635,2,291,7.2,2.2,5.0,2
4636,4,45,3.25,1.14,2.11,1
4637,3,2,25.2,8.4,16.8,7
4638,5,2,6.98,2.0,4.98,2
4639,2,106,18.0,5.5,12.5,5
4640,3,3,10.8,3.6,7.2,3
4641,2,32,18.0,5.5,12.5,5
4642,1,42,18.75,6.5,12.25,5
4643,4,42,9.75,3.42,6.33,3
4644,2,39,7.2,2.2,5.0,2
4645,2,39,10.8,3.3,7.5,3
4646,3,3,28.8,9.6,19.2,8
4647,2,3,25.2,7.7,17.5,7
4648,1,4,18.75,6.5,12.25,5
4649,4,4,6.5,2.28,4.22,2
4650,2,521,14.4,4.4,10.0,4
4651,4,84,16.25,5.7,10.55,5
4652,1,84,7.5,2.6,4.9,2
4653,5,521,17.45,5.0,12.45,5
4654,4,84,45.5,15.96,29.54,14
4655,2,521,18.0,5.5,12.5,5
4656,1,177,33.75,11.7,22.05,9
4657,4,8,9.75,3.42,6.33,3
4658,4,452,9.75,3.42,6.33,3
4659,3,306,10.8,3.6,7.2,3
4660,4,452,6.5,2.28,4.22,2
4661,2,105,3.6,1.1,2.5,1
4662,2,105,28.8,8.8,20.0,8
4663,1,305,3.75,1.3,2.45,1
4664,4,8,3.25,1.14,2.11,1
4665,4,8,13.0,4.56,8.44,4
4666,1,8,15.0,5.2,9.8,4
4667,4,8,16.25,5.7,10.55,5
4668,4,91,6.5,2.28,4.22,2
4669,1,91,11.25,3.9,7.35,3
4670,5,71,6.98,2.0,4.98,2
4671,4,91,22.75,7.98,14.77,7
4672,1,42,7.5,2.6,4.9,2
4673,5,3,24.43,7.0,17.43,7
4674,5,3,17.45,5.0,12.45,5
4675,1,889,7.5,2.6,4.9,2
4676,5,890,27.92,8.0,19.92,8
4677,5,39,10.47,3.0,7.47,3
4678,4,65,16.25,5.7,10.55,5
4679,5,3,10.47,3.0,7.47,3
4680,1,4,48.75,16.9,31.85,13
4681,5,3,3.49,1.0,2.49,1
4682,2,254,7.2,2.2,5.0,2
4683,1,454,11.25,3.9,7.35,3
4684,3,3,32.4,10.8,21.6,9
4685,5,38,6.98,2.0,4.98,2
4686,4,4,16.25,5.7,10.55,5
4687,4,177,6.5,2.28,4.22,2
4688,1,42,18.75,6.5,12.25,5
4689,4,8,9.75,3.42,6.33,3
4690,3,38,21.6,7.2,14.4,6
4691,3,752,10.8,3.6,7.2,3
4692,4,836,13.0,4.56,8.44,4
4693,2,891,10.8,3.3,7.5,3
4694,4,720,6.5,2.28,4.22,2
4695,2,169,10.8,3.3,7.5,3
4696,1,892,11.25,3.9,7.35,3
4697,4,892,9.75,3.42,6.33,3
4698,3,68,10.8,3.6,7.2,3
4699,1,172,22.5,7.8,14.7,6
4700,2,38,3.6,1.1,2.5,1
4701,1,8,18.75,6.5,12.25,5
4702,2,70,10.8,3.3,7.5,3
4703,3,70,18.0,6.0,12.0,5
4704,1,69,11.25,3.9,7.35,3
4705,4,69,13.0,4.56,8.44,4
4706,3,673,25.2,8.4,16.8,7
4707,5,46,3.49,1.0,2.49,1
4708,4,50,6.5,2.28,4.22,2
4709,1,50,30.0,10.4,19.6,8
4710,1,50,18.75,6.5,12.25,5
4711,4,100,13.0,4.56,8.44,4
4712,5,191,13.96,4.0,9.96,4
4713,2,107,10.8,3.3,7.5,3
4714,2,893,18.0,5.5,12.5,5
4715,5,893,6.98,2.0,4.98,2
4716,4,894,13.0,4.56,8.44,4
4717,1,246,7.5,2.6,4.9,2
4718,1,8,11.25,3.9,7.35,3
4719,1,96,18.75,6.5,12.25,5
4720,4,327,3.25,1.14,2.11,1
4721,3,515,3.6,1.2,2.4,1
4722,1,8,22.5,7.8,14.7,6
4723,4,8,16.25,5.7,10.55,5
4724,3,38,18.0,6.0,12.0,5
4725,3,38,10.8,3.6,7.2,3
4726,2,38,7.2,2.2,5.0,2
4727,2,507,25.2,7.7,17.5,7
4728,3,2,14.4,4.8,9.6,4
4729,2,895,18.0,5.5,12.5,5
4730,2,435,14.4,4.4,10.0,4
4731,5,435,17.45,5.0,12.45,5
4732,1,574,15.0,5.2,9.8,4
4733,5,573,10.47,3.0,7.47,3
4734,1,896,7.5,2.6,4.9,2
4735,5,897,13.96,4.0,9.96,4
4736,1,287,11.25,3.9,7.35,3
4737,4,852,9.75,3.42,6.33,3
4738,4,896,22.75,7.98,14.77,7
4739,2,291,10.8,3.3,7.5,3
4740,3,291,7.2,2.4,4.8,2
4741,2,784,18.0,5.5,12.5,5
4742,1,663,22.5,7.8,14.7,6
4743,4,663,22.75,7.98,14.77,7
4744,1,65,7.5,2.6,4.9,2
4745,2,38,14.4,4.4,10.0,4
4746,5,38,24.43,7.0,17.43,7
4747,4,1,16.25,5.7,10.55,5
4748,3,2,14.4,4.8,9.6,4
4749,2,32,14.4,4.4,10.0,4
4750,5,39,3.49,1.0,2.49,1
4751,2,30,7.2,2.2,5.0,2
4752,4,8,16.25,5.7,10.55,5
4753,5,898,6.98,2.0,4.98,2
4754,3,38,10.8,3.6,7.2,3
4755,5,38,17.45,5.0,12.45,5
4756,2,38,3.6,1.1,2.5,1
4757,5,38,10.47,3.0,7.47,3
4758,3,38,14.4,4.8,9.6,4
4759,4,8,16.25,5.7,10.55,5
4760,5,595,17.45,5.0,12.45,5
4761,2,32,10.8,3.3,7.5,3
4762,4,24,3.25,1.14,2.11,1
4763,2,23,28.8,8.8,20.0,8
4764,3,23,7.2,2.4,4.8,2
4765,2,23,10.8,3.3,7.5,3
4766,5,23,24.43,7.0,17.43,7
4767,2,23,14.4,4.4,10.0,4
4768,5,23,13.96,4.0,9.96,4
4769,4,615,6.5,2.28,4.22,2
4770,2,2,10.8,3.3,7.5,3
4771,3,11,18.0,6.0,12.0,5
4772,3,406,7.2,2.4,4.8,2
4773,4,407,9.75,3.42,6.33,3
4774,3,383,14.4,4.8,9.6,4
4775,1,384,18.75,6.5,12.25,5
4776,1,384,3.75,1.3,2.45,1
4777,3,169,18.0,6.0,12.0,5
4778,5,3,17.45,5.0,12.45,5
4779,5,3,20.94,6.0,14.94,6
4780,4,4,16.25,5.7,10.55,5
4781,1,45,11.25,3.9,7.35,3
4782,3,3,10.8,3.6,7.2,3
4783,3,132,3.6,1.2,2.4,1
4784,3,132,7.2,2.4,4.8,2
4785,3,132,25.2,8.4,16.8,7
4786,1,55,7.5,2.6,4.9,2
4787,1,899,11.25,3.9,7.35,3
4788,2,2,7.2,2.2,5.0,2
4789,3,2,25.2,8.4,16.8,7
4790,2,2,18.0,5.5,12.5,5
4791,3,2,21.6,7.2,14.4,6
4792,2,2,10.8,3.3,7.5,3
4793,3,2,14.4,4.8,9.6,4
4794,2,44,21.6,6.6,15.0,6
4795,4,900,16.25,5.7,10.55,5
4796,4,699,16.25,5.7,10.55,5
4797,2,901,14.4,4.4,10.0,4
4798,5,901,10.47,3.0,7.47,3
4799,5,901,6.98,2.0,4.98,2
4800,1,902,15.0,5.2,9.8,4
4801,2,901,10.8,3.3,7.5,3
4802,2,903,3.6,1.1,2.5,1
4803,5,3,13.96,4.0,9.96,4
4804,4,128,6.5,2.28,4.22,2
4805,5,125,13.96,4.0,9.96,4
4806,2,125,14.4,4.4,10.0,4
4807,5,39,24.43,7.0,17.43,7
4808,1,65,3.75,1.3,2.45,1
4809,2,138,25.2,7.7,17.5,7
4810,4,8,3.25,1.14,2.11,1
4811,2,38,14.4,4.4,10.0,4
4812,4,904,9.75,3.42,6.33,3
4813,1,904,7.5,2.6,4.9,2
4814,5,603,10.47,3.0,7.47,3
4815,3,125,18.0,6.0,12.0,5
4816,1,505,26.25,9.1,17.15,7
4817,4,505,9.75,3.42,6.33,3
4818,1,17,15.0,5.2,9.8,4
4819,1,313,11.25,3.9,7.35,3
4820,5,180,31.41,9.0,22.41,9
4821,2,2,10.8,3.3,7.5,3
4822,2,2,7.2,2.2,5.0,2
4823,3,603,7.2,2.4,4.8,2
4824,1,618,7.5,2.6,4.9,2
4825,4,618,26.0,9.12,16.88,8
4826,4,618,9.75,3.42,6.33,3
4827,2,617,10.8,3.3,7.5,3
4828,1,307,11.25,3.9,7.35,3
4829,4,307,19.5,6.84,12.66,6
4830,1,354,18.75,6.5,12.25,5
4831,2,138,10.8,3.3,7.5,3
4832,5,138,27.92,8.0,19.92,8
4833,4,8,9.75,3.42,6.33,3
4834,5,156,17.45,5.0,12.45,5
4835,5,71,6.98,2.0,4.98,2
4836,1,91,15.0,5.2,9.8,4
4837,1,91,18.75,6.5,12.25,5
4838,1,65,7.5,2.6,4.9,2
4839,3,38,10.8,3.6,7.2,3
4840,4,8,3.25,1.14,2.11,1
4841,4,8,6.5,2.28,4.22,2
4842,2,3,10.8,3.3,7.5,3
4843,1,4,7.5,2.6,4.9,2
4844,3,623,14.4,4.8,9.6,4
4845,3,623,28.8,9.6,19.2,8
4846,6,905,10.0,4.8,5.2,8
4847,6,905,5.0,2.4,2.6,4
4848,2,623,18.0,5.5,12.5,5
4849,5,61,3.49,1.0,2.49,1
4850,1,42,48.75,16.9,31.85,13
4851,5,32,3.49,1.0,2.49,1
4852,2,15,14.4,4.4,10.0,4
4853,3,15,21.6,7.2,14.4,6
4854,1,786,18.75,6.5,12.25,5
4855,3,787,25.2,8.4,16.8,7
4856,5,787,3.49,1.0,2.49,1
4857,2,228,18.0,5.5,12.5,5
4858,4,300,22.75,7.98,14.77,7
4859,5,906,6.98,2.0,4.98,2
4860,3,907,25.2,8.4,16.8,7
4861,1,65,11.25,3.9,7.35,3
4862,2,39,14.4,4.4,10.0,4
4863,3,299,14.4,4.8,9.6,4
4864,4,563,22.75,7.98,14.77,7
4865,5,299,10.47,3.0,7.47,3
4866,3,138,14.4,4.8,9.6,4
4867,2,908,18.0,5.5,12.5,5
4868,4,211,19.5,6.84,12.66,6
4869,1,211,3.75,1.3,2.45,1
4870,5,908,6.98,2.0,4.98,2
4871,1,211,22.5,7.8,14.7,6
4872,1,211,15.0,5.2,9.8,4
4873,2,212,25.2,7.7,17.5,7
4874,4,909,19.5,6.84,12.66,6
4875,4,909,6.5,2.28,4.22,2
4876,2,58,10.8,3.3,7.5,3
4877,5,58,3.49,1.0,2.49,1
4878,1,381,22.5,7.8,14.7,6
4879,1,381,7.5,2.6,4.9,2
4880,3,58,10.8,3.6,7.2,3
4881,4,1,9.75,3.42,6.33,3
4882,5,44,13.96,4.0,9.96,4
4883,5,44,17.45,5.0,12.45,5
4884,3,99,18.0,6.0,12.0,5
4885,4,210,3.25,1.14,2.11,1
4886,1,210,18.75,6.5,12.25,5
4887,3,99,3.6,1.2,2.4,1
4888,4,210,32.5,11.4,21.1,10
4889,5,30,6.98,2.0,4.98,2
4890,5,30,31.41,9.0,22.41,9
4891,1,128,33.75,11.7,22.05,9
4892,8,232,40.0,20.0,20.0,2
4893,5,320,17.45,5.0,12.45,5
4894,2,320,21.6,6.6,15.0,6
4895,5,320,6.98,2.0,4.98,2
4896,4,219,6.5,2.28,4.22,2
4897,3,434,25.2,8.4,16.8,7
4898,1,65,11.25,3.9,7.35,3
4899,1,65,26.25,9.1,17.15,7
4900,1,96,3.75,1.3,2.45,1
4901,3,32,10.8,3.6,7.2,3
4902,1,42,3.75,1.3,2.45,1
4903,1,319,15.0,5.2,9.8,4
4904,5,56,6.98,2.0,4.98,2
4905,2,56,36.0,11.0,25.0,10
4906,4,570,6.5,2.28,4.22,2
4907,1,96,18.75,6.5,12.25,5
4908,3,147,10.8,3.6,7.2,3
4909,4,123,13.0,4.56,8.44,4
4910,5,72,10.47,3.0,7.47,3
4911,1,123,52.5,18.2,34.3,14
4912,1,91,26.25,9.1,17.15,7
4913,2,39,18.0,5.5,12.5,5
4914,2,39,3.6,1.1,2.5,1
4915,5,2,13.96,4.0,9.96,4
4916,5,3,48.86,14.0,34.86,14
4917,1,764,26.25,9.1,17.15,7
4918,3,32,7.2,2.4,4.8,2
4919,5,32,6.98,2.0,4.98,2
4920,5,143,20.94,6.0,14.94,6
4921,4,128,19.5,6.84,12.66,6
4922,1,910,18.75,6.5,12.25,5
4923,1,4,7.5,2.6,4.9,2
4924,2,3,32.4,9.9,22.5,9
4925,3,3,7.2,2.4,4.8,2
4926,1,302,3.75,1.3,2.45,1
4927,1,8,3.75,1.3,2.45,1
4928,3,39,7.2,2.4,4.8,2
4929,3,425,14.4,4.8,9.6,4
4930,3,38,18.0,6.0,12.0,5
4931,5,911,13.96,4.0,9.96,4
4932,5,911,17.45,5.0,12.45,5
4933,2,911,14.4,4.4,10.0,4
4934,2,857,10.8,3.3,7.5,3
4935,4,334,13.0,4.56,8.44,4
4936,2,435,10.8,3.3,7.5,3
4937,1,334,3.75,1.3,2.45,1
4938,3,239,10.8,3.6,7.2,3
4939,4,190,6.5,2.28,4.22,2
4940,4,257,9.75,3.42,6.33,3
4941,1,257,7.5,2.6,4.9,2
4942,5,686,10.47,3.0,7.47,3
4943,5,686,6.98,2.0,4.98,2
4944,2,686,7.2,2.2,5.0,2
4945,3,686,10.8,3.6,7.2,3
4946,5,538,10.47,3.0,7.47,3
4947,4,537,16.25,5.7,10.55,5
4948,1,564,11.25,3.9,7.35,3
4949,4,551,9.75,3.42,6.33,3
4950,5,912,10.47,3.0,7.47,3
4951,2,562,7.2,2.2,5.0,2
4952,3,562,10.8,3.6,7.2,3
4953,1,8,18.75,6.5,12.25,5
4954,4,8,6.5,2.28,4.22,2
4955,2,32,10.8,3.3,7.5,3
4956,3,32,21.6,7.2,14.4,6
4957,2,32,7.2,2.2,5.0,2
4958,5,3,3.49,1.0,2.49,1
4959,1,4,7.5,2.6,4.9,2
4960,3,3,7.2,2.4,4.8,2
4961,3,3,14.4,4.8,9.6,4
4962,5,182,6.98,2.0,4.98,2
4963,1,181,11.25,3.9,7.35,3
4964,3,79,7.2,2.4,4.8,2
4965,5,79,10.47,3.0,7.47,3
4966,6,913,6.25,3.0,3.25,5
4967,1,293,7.5,2.6,4.9,2
4968,4,45,9.75,3.42,6.33,3
4969,1,697,33.75,11.7,22.05,9
4970,4,697,6.5,2.28,4.22,2
4971,4,401,19.5,6.84,12.66,6
4972,4,1,9.75,3.42,6.33,3
4973,2,2,18.0,5.5,12.5,5
4974,2,462,7.2,2.2,5.0,2
4975,5,617,17.45,5.0,12.45,5
4976,9,914,9.75,9.0,0.75,3
4977,2,617,14.4,4.4,10.0,4
4978,2,32,14.4,4.4,10.0,4
4979,2,32,7.2,2.2,5.0,2
4980,2,132,7.2,2.2,5.0,2
4981,4,55,16.25,5.7,10.55,5
4982,5,567,24.43,7.0,17.43,7
4983,2,567,25.2,7.7,17.5,7
4984,4,26,22.75,7.98,14.77,7
4985,4,42,29.25,10.26,18.99,9
4986,1,42,18.75,6.5,12.25,5
4987,3,185,10.8,3.6,7.2,3
4988,4,307,9.75,3.42,6.33,3
4989,3,32,21.6,7.2,14.4,6
4990,1,91,3.75,1.3,2.45,1
4991,1,4,18.75,6.5,12.25,5
4992,1,45,11.25,3.9,7.35,3
4993,2,44,10.8,3.3,7.5,3
4994,3,44,10.8,3.6,7.2,3
4995,1,915,7.5,2.6,4.9,2
4996,5,821,13.96,4.0,9.96,4
4997,4,820,9.75,3.42,6.33,3
4998,5,3,6.98,2.0,4.98,2
4999,2,206,43.2,13.2,30.0,12
5000,3,206,14.4,4.8,9.6,4
5001,3,206,18.0,6.0,12.0,5
5002,3,206,10.8,3.6,7.2,3
5003,1,65,3.75,1.3,2.45,1
5004,9,236,6.5,6.0,0.5,2
5005,4,872,13.0,4.56,8.44,4
5006,2,32,32.4,9.9,22.5,9
5007,5,30,3.49,1.0,2.49,1
5008,3,30,46.8,15.6,31.2,13
5009,2,44,7.2,2.2,5.0,2
5010,1,403,11.25,3.9,7.35,3
5011,5,206,10.47,3.0,7.47,3
5012,5,916,27.92,8.0,19.92,8
5013,2,916,46.8,14.3,32.5,13
5014,9,917,9.75,9.0,0.75,3
5015,1,96,7.5,2.6,4.9,2
5016,1,42,15.0,5.2,9.8,4
5017,4,42,22.75,7.98,14.77,7
5018,3,44,10.8,3.6,7.2,3
5019,2,44,3.6,1.1,2.5,1
5020,3,44,18.0,6.0,12.0,5
5021,1,45,30.0,10.4,19.6,8
5022,1,45,18.75,6.5,12.25,5
5023,5,44,6.98,2.0,4.98,2
5024,5,44,10.47,3.0,7.47,3
5025,2,38,25.2,7.7,17.5,7
5026,1,8,22.5,7.8,14.7,6
5027,4,52,26.0,9.12,16.88,8
5028,3,53,3.6,1.2,2.4,1
5029,1,52,7.5,2.6,4.9,2
5030,2,53,25.2,7.7,17.5,7
5031,5,162,6.98,2.0,4.98,2
5032,5,3,6.98,2.0,4.98,2
5033,2,3,7.2,2.2,5.0,2
5034,4,4,16.25,5.7,10.55,5
5035,4,4,9.75,3.42,6.33,3
5036,2,38,21.6,6.6,15.0,6
5037,2,3,7.2,2.2,5.0,2
5038,3,3,14.4,4.8,9.6,4
5039,4,91,9.75,3.42,6.33,3
5040,2,71,14.4,4.4,10.0,4
5041,3,71,7.2,2.4,4.8,2
5042,4,1,9.75,3.42,6.33,3
5043,2,450,14.4,4.4,10.0,4
5044,2,306,28.8,8.8,20.0,8
5045,3,306,7.2,2.4,4.8,2
5046,5,3,6.98,2.0,4.98,2
5047,4,4,9.75,3.42,6.33,3
5048,3,3,18.0,6.0,12.0,5
5049,9,222,13.0,12.0,1.0,4
5050,4,4,6.5,2.28,4.22,2
5051,3,170,14.4,4.8,9.6,4
5052,4,217,6.5,2.28,4.22,2
5053,3,216,7.2,2.4,4.8,2
5054,1,217,7.5,2.6,4.9,2
5055,3,216,3.6,1.2,2.4,1
5056,2,539,7.2,2.2,5.0,2
5057,3,539,7.2,2.4,4.8,2
5058,4,777,6.5,2.28,4.22,2
5059,1,777,15.0,5.2,9.8,4
5060,9,918,9.75,9.0,0.75,3
5061,3,556,10.8,3.6,7.2,3
5062,4,777,9.75,3.42,6.33,3
5063,5,556,6.98,2.0,4.98,2
5064,9,222,6.5,6.0,0.5,2
5065,5,919,20.94,6.0,14.94,6
5066,5,556,10.47,3.0,7.47,3
5067,1,777,7.5,2.6,4.9,2
5068,1,777,11.25,3.9,7.35,3
5069,2,39,10.8,3.3,7.5,3
5070,4,8,9.75,3.42,6.33,3
5071,5,152,10.47,3.0,7.47,3
5072,8,920,100.0,50.0,50.0,5
5073,3,152,25.2,8.4,16.8,7
5074,3,152,10.8,3.6,7.2,3
5075,1,153,7.5,2.6,4.9,2
5076,1,178,26.25,9.1,17.15,7
5077,3,3,28.8,9.6,19.2,8
5078,3,38,7.2,2.4,4.8,2
5079,4,8,9.75,3.42,6.33,3
5080,5,38,17.45,5.0,12.45,5
5081,5,38,20.94,6.0,14.94,6
5082,1,8,7.5,2.6,4.9,2
5083,4,8,6.5,2.28,4.22,2
5084,2,38,7.2,2.2,5.0,2
5085,4,8,9.75,3.42,6.33,3
5086,2,921,10.8,3.3,7.5,3
5087,5,507,6.98,2.0,4.98,2
5088,1,310,15.0,5.2,9.8,4
5089,3,261,28.8,9.6,19.2,8
5090,4,340,32.5,11.4,21.1,10
5091,3,3,10.8,3.6,7.2,3
5092,3,3,36.0,12.0,24.0,10
5093,2,922,3.6,1.1,2.5,1
5094,4,923,29.25,10.26,18.99,9
5095,1,55,11.25,3.9,7.35,3
5096,4,55,13.0,4.56,8.44,4
5097,4,65,9.75,3.42,6.33,3
5098,3,30,10.8,3.6,7.2,3
5099,5,30,10.47,3.0,7.47,3
5100,2,38,18.0,5.5,12.5,5
5101,3,38,28.8,9.6,19.2,8
5102,1,924,11.25,3.9,7.35,3
5103,2,365,18.0,5.5,12.5,5
5104,4,856,13.0,4.56,8.44,4
5105,2,43,3.6,1.1,2.5,1
5106,4,564,13.0,4.56,8.44,4
5107,5,43,13.96,4.0,9.96,4
5108,3,553,28.8,9.6,19.2,8
5109,5,553,6.98,2.0,4.98,2
5110,3,711,10.8,3.6,7.2,3
5111,5,711,13.96,4.0,9.96,4
5112,2,711,18.0,5.5,12.5,5
5113,5,711,3.49,1.0,2.49,1
5114,5,711,6.98,2.0,4.98,2
5115,4,654,6.5,2.28,4.22,2
5116,2,655,14.4,4.4,10.0,4
5117,4,925,6.5,2.28,4.22,2
5118,3,3,10.8,3.6,7.2,3
5119,5,3,10.47,3.0,7.47,3
5120,3,3,14.4,4.8,9.6,4
5121,4,4,19.5,6.84,12.66,6
5122,1,926,11.25,3.9,7.35,3
5123,2,927,25.2,7.7,17.5,7
5124,1,289,3.75,1.3,2.45,1
5125,2,292,21.6,6.6,15.0,6
5126,5,292,10.47,3.0,7.47,3
5127,2,292,32.4,9.9,22.5,9
5128,2,477,25.2,7.7,17.5,7
5129,2,477,10.8,3.3,7.5,3
5130,2,3,10.8,3.3,7.5,3
5131,1,4,11.25,3.9,7.35,3
5132,1,4,3.75,1.3,2.45,1
5133,2,928,7.2,2.2,5.0,2
5134,1,45,7.5,2.6,4.9,2
5135,2,44,10.8,3.3,7.5,3
5136,2,44,21.6,6.6,15.0,6
5137,5,44,3.49,1.0,2.49,1
5138,4,108,6.5,2.28,4.22,2
5139,2,71,14.4,4.4,10.0,4
5140,4,91,6.5,2.28,4.22,2
5141,3,39,14.4,4.8,9.6,4
5142,2,147,10.8,3.3,7.5,3
5143,1,96,30.0,10.4,19.6,8
5144,5,147,3.49,1.0,2.49,1
5145,4,96,3.25,1.14,2.11,1
5146,2,132,28.8,8.8,20.0,8
5147,2,561,7.2,2.2,5.0,2
5148,3,32,10.8,3.6,7.2,3
5149,1,108,11.25,3.9,7.35,3
5150,1,108,7.5,2.6,4.9,2
5151,4,108,6.5,2.28,4.22,2
5152,3,107,7.2,2.4,4.8,2
5153,1,337,15.0,5.2,9.8,4
5154,2,338,7.2,2.2,5.0,2
5155,1,337,26.25,9.1,17.15,7
5156,4,45,9.75,3.42,6.33,3
5157,4,45,6.5,2.28,4.22,2
5158,5,44,6.98,2.0,4.98,2
5159,1,1,48.75,16.9,31.85,13
5160,1,1,7.5,2.6,4.9,2
5161,1,1,26.25,9.1,17.15,7
5162,2,2,32.4,9.9,22.5,9
5163,5,2,3.49,1.0,2.49,1
5164,2,2,3.6,1.1,2.5,1
5165,1,1,18.75,6.5,12.25,5
5166,5,2,17.45,5.0,12.45,5
5167,4,1,9.75,3.42,6.33,3
5168,4,305,9.75,3.42,6.33,3
5169,1,305,18.75,6.5,12.25,5
5170,3,105,43.2,14.4,28.8,12
5171,3,105,32.4,10.8,21.6,9
5172,1,929,11.25,3.9,7.35,3
5173,2,400,14.4,4.4,10.0,4
5174,4,401,22.75,7.98,14.77,7
5175,5,400,6.98,2.0,4.98,2
5176,9,930,3.25,3.0,0.25,1
5177,1,45,15.0,5.2,9.8,4
5178,4,931,13.0,4.56,8.44,4
5179,2,686,10.8,3.3,7.5,3
5180,5,339,10.47,3.0,7.47,3
5181,4,707,19.5,6.84,12.66,6
5182,2,261,21.6,6.6,15.0,6
5183,2,32,18.0,5.5,12.5,5
5184,4,163,13.0,4.56,8.44,4
5185,4,163,9.75,3.42,6.33,3
5186,5,162,17.45,5.0,12.45,5
5187,3,162,10.8,3.6,7.2,3
5188,9,281,22.75,21.0,1.75,7
5189,2,611,10.8,3.3,7.5,3
5190,3,617,18.0,6.0,12.0,5
5191,5,617,24.43,7.0,17.43,7
5192,3,617,21.6,7.2,14.4,6
5193,2,617,10.8,3.3,7.5,3
5194,1,618,37.5,13.0,24.5,10
5195,2,827,7.2,2.2,5.0,2
5196,4,8,19.5,6.84,12.66,6
5197,1,8,3.75,1.3,2.45,1
5198,1,1,15.0,5.2,9.8,4
5199,3,261,14.4,4.8,9.6,4
5200,5,261,6.98,2.0,4.98,2
5201,4,340,9.75,3.42,6.33,3
5202,1,505,11.25,3.9,7.35,3
5203,3,506,10.8,3.6,7.2,3
5204,5,506,27.92,8.0,19.92,8
5205,2,506,18.0,5.5,12.5,5
5206,1,95,22.5,7.8,14.7,6
5207,3,536,7.2,2.4,4.8,2
5208,4,313,6.5,2.28,4.22,2
5209,2,180,7.2,2.2,5.0,2
5210,3,180,7.2,2.4,4.8,2
5211,1,313,7.5,2.6,4.9,2
5212,2,882,7.2,2.2,5.0,2
5213,2,882,25.2,7.7,17.5,7
5214,3,143,14.4,4.8,9.6,4
5215,3,143,25.2,8.4,16.8,7
5216,3,410,10.8,3.6,7.2,3
5217,4,326,16.25,5.7,10.55,5
5218,5,588,17.45,5.0,12.45,5
5219,4,839,13.0,4.56,8.44,4
5220,1,1,30.0,10.4,19.6,8
5221,1,1,15.0,5.2,9.8,4
5222,5,2,17.45,5.0,12.45,5
5223,1,4,3.75,1.3,2.45,1
5224,4,932,13.0,4.56,8.44,4
5225,1,42,11.25,3.9,7.35,3
5226,1,334,11.25,3.9,7.35,3
5227,5,435,24.43,7.0,17.43,7
5228,4,334,6.5,2.28,4.22,2
5229,4,334,9.75,3.42,6.33,3
5230,4,91,29.25,10.26,18.99,9
5231,5,71,17.45,5.0,12.45,5
5232,1,91,11.25,3.9,7.35,3
5233,2,71,18.0,5.5,12.5,5
5234,4,91,6.5,2.28,4.22,2
5235,3,71,7.2,2.4,4.8,2
5236,3,20,10.8,3.6,7.2,3
5237,1,21,15.0,5.2,9.8,4
5238,1,21,3.75,1.3,2.45,1
5239,4,21,13.0,4.56,8.44,4
5240,5,617,10.47,3.0,7.47,3
5241,3,20,28.8,9.6,19.2,8
5242,1,45,18.75,6.5,12.25,5
5243,2,44,3.6,1.1,2.5,1
5244,4,45,6.5,2.28,4.22,2
5245,2,44,10.8,3.3,7.5,3
5246,1,933,18.75,6.5,12.25,5
5247,4,4,9.75,3.42,6.33,3
5248,3,3,7.2,2.4,4.8,2
5249,2,3,18.0,5.5,12.5,5
5250,2,176,10.8,3.3,7.5,3
5251,2,176,32.4,9.9,22.5,9
5252,3,176,18.0,6.0,12.0,5
5253,2,176,3.6,1.1,2.5,1
5254,2,19,7.2,2.2,5.0,2
5255,4,18,6.5,2.28,4.22,2
5256,4,934,19.5,6.84,12.66,6
5257,5,935,10.47,3.0,7.47,3
5258,1,65,3.75,1.3,2.45,1
5259,8,936,100.0,50.0,50.0,5
5260,2,811,7.2,2.2,5.0,2
5261,4,937,9.75,3.42,6.33,3
5262,2,811,18.0,5.5,12.5,5
5263,9,938,16.25,15.0,1.25,5
5264,1,55,7.5,2.6,4.9,2
5265,4,55,16.25,5.7,10.55,5
5266,4,55,9.75,3.42,6.33,3
5267,2,277,7.2,2.2,5.0,2
5268,1,16,22.5,7.8,14.7,6
5269,5,277,10.47,3.0,7.47,3
5270,4,16,13.0,4.56,8.44,4
5271,5,277,13.96,4.0,9.96,4
5272,2,44,18.0,5.5,12.5,5
5273,4,640,16.25,5.7,10.55,5
5274,5,107,3.49,1.0,2.49,1
5275,3,195,10.8,3.6,7.2,3
5276,1,122,7.5,2.6,4.9,2
5277,1,390,7.5,2.6,4.9,2
5278,3,569,32.4,10.8,21.6,9
5279,8,389,100.0,50.0,50.0,5
5280,3,569,7.2,2.4,4.8,2
5281,5,569,3.49,1.0,2.49,1
5282,4,390,9.75,3.42,6.33,3
5283,1,939,7.5,2.6,4.9,2
5284,5,556,13.96,4.0,9.96,4
5285,2,158,3.6,1.1,2.5,1
5286,2,158,14.4,4.4,10.0,4
5287,2,158,21.6,6.6,15.0,6
5288,2,38,10.8,3.3,7.5,3
5289,4,65,6.5,2.28,4.22,2
5290,2,263,14.4,4.4,10.0,4
5291,5,263,10.47,3.0,7.47,3
5292,3,263,10.8,3.6,7.2,3
5293,4,471,16.25,5.7,10.55,5
5294,5,605,13.96,4.0,9.96,4
5295,2,605,7.2,2.2,5.0,2
5296,1,45,11.25,3.9,7.35,3
5297,4,45,6.5,2.28,4.22,2
5298,5,44,10.47,3.0,7.47,3
5299,3,44,10.8,3.6,7.2,3
5300,1,662,11.25,3.9,7.35,3
5301,5,661,31.41,9.0,22.41,9
5302,3,661,10.8,3.6,7.2,3
5303,1,662,7.5,2.6,4.9,2
5304,2,75,25.2,7.7,17.5,7
5305,1,940,7.5,2.6,4.9,2
5306,4,940,6.5,2.28,4.22,2
5307,1,8,15.0,5.2,9.8,4
5308,4,8,19.5,6.84,12.66,6
5309,3,38,10.8,3.6,7.2,3
5310,3,38,7.2,2.4,4.8,2
5311,2,3,7.2,2.2,5.0,2
5312,5,3,6.98,2.0,4.98,2
5313,4,4,6.5,2.28,4.22,2
5314,5,3,13.96,4.0,9.96,4
5315,2,3,18.0,5.5,12.5,5
5316,1,4,7.5,2.6,4.9,2
5317,3,25,25.2,8.4,16.8,7
5318,3,25,7.2,2.4,4.8,2
5319,3,25,18.0,6.0,12.0,5
5320,3,138,18.0,6.0,12.0,5
5321,5,39,10.47,3.0,7.47,3
5322,4,65,3.25,1.14,2.11,1
5323,5,39,24.43,7.0,17.43,7
5324,3,603,10.8,3.6,7.2,3
5325,2,603,3.6,1.1,2.5,1
5326,4,571,6.5,2.28,4.22,2
5327,4,941,9.75,3.42,6.33,3
5328,6,942,3.75,1.8,1.95,3
5329,4,45,13.0,4.56,8.44,4
5330,5,44,10.47,3.0,7.47,3
5331,2,3,7.2,2.2,5.0,2
5332,4,4,13.0,4.56,8.44,4
5333,8,224,120.0,60.0,60.0,6
5334,6,135,3.75,1.8,1.95,3
5335,5,400,10.47,3.0,7.47,3
5336,4,510,9.75,3.42,6.33,3
5337,4,943,9.75,3.42,6.33,3
5338,2,238,25.2,7.7,17.5,7
5339,3,238,14.4,4.8,9.6,4
5340,4,943,45.5,15.96,29.54,14
5341,5,180,3.49,1.0,2.49,1
5342,3,132,7.2,2.4,4.8,2
5343,5,944,27.92,8.0,19.92,8
5344,5,176,34.9,10.0,24.9,10
5345,4,4,6.5,2.28,4.22,2
5346,5,3,17.45,5.0,12.45,5
5347,4,319,6.5,2.28,4.22,2
5348,4,832,16.25,5.7,10.55,5
5349,4,832,13.0,4.56,8.44,4
5350,4,832,6.5,2.28,4.22,2
5351,4,481,19.5,6.84,12.66,6
5352,1,481,11.25,3.9,7.35,3
5353,2,851,18.0,5.5,12.5,5
5354,2,193,7.2,2.2,5.0,2
5355,2,32,18.0,5.5,12.5,5
5356,1,42,7.5,2.6,4.9,2
5357,5,32,17.45,5.0,12.45,5
5358,8,377,80.0,40.0,40.0,4
5359,5,208,10.47,3.0,7.47,3
5360,5,125,6.98,2.0,4.98,2
5361,4,719,9.75,3.42,6.33,3
5362,1,319,3.75,1.3,2.45,1
5363,1,319,15.0,5.2,9.8,4
5364,4,45,16.25,5.7,10.55,5
5365,5,44,20.94,6.0,14.94,6
5366,2,44,7.2,2.2,5.0,2
5367,5,318,3.49,1.0,2.49,1
5368,5,318,6.98,2.0,4.98,2
5369,5,38,6.98,2.0,4.98,2
5370,1,8,15.0,5.2,9.8,4
5371,5,71,17.45,5.0,12.45,5
5372,4,91,9.75,3.42,6.33,3
5373,1,91,7.5,2.6,4.9,2
5374,5,169,13.96,4.0,9.96,4
5375,1,720,15.0,5.2,9.8,4
5376,1,1,3.75,1.3,2.45,1
5377,3,202,14.4,4.8,9.6,4
5378,5,202,10.47,3.0,7.47,3
5379,1,65,18.75,6.5,12.25,5
5380,4,439,9.75,3.42,6.33,3
5381,2,784,7.2,2.2,5.0,2
5382,3,784,7.2,2.4,4.8,2
5383,2,44,18.0,5.5,12.5,5
5384,4,45,16.25,5.7,10.55,5
5385,3,945,3.6,1.2,2.4,1
5386,3,132,3.6,1.2,2.4,1
5387,2,2,3.6,1.1,2.5,1
5388,4,8,13.0,4.56,8.44,4
5389,1,205,3.75,1.3,2.45,1
5390,5,508,13.96,4.0,9.96,4
5391,4,838,22.75,7.98,14.77,7
5392,2,508,10.8,3.3,7.5,3
5393,2,218,25.2,7.7,17.5,7
5394,5,946,17.45,5.0,12.45,5
5395,1,91,3.75,1.3,2.45,1
5396,2,3,10.8,3.3,7.5,3
5397,5,3,27.92,8.0,19.92,8
5398,4,4,6.5,2.28,4.22,2
5399,4,947,19.5,6.84,12.66,6
5400,4,285,19.5,6.84,12.66,6
5401,5,948,10.47,3.0,7.47,3
5402,1,949,15.0,5.2,9.8,4
5403,5,2,10.47,3.0,7.47,3
5404,4,323,6.5,2.28,4.22,2
5405,4,323,16.25,5.7,10.55,5
5406,3,950,10.8,3.6,7.2,3
5407,2,950,32.4,9.9,22.5,9
5408,2,950,18.0,5.5,12.5,5
5409,3,950,18.0,6.0,12.0,5
5410,2,950,10.8,3.3,7.5,3
5411,3,951,25.2,8.4,16.8,7
5412,3,185,7.2,2.4,4.8,2
5413,5,282,17.45,5.0,12.45,5
5414,4,283,29.25,10.26,18.99,9
5415,1,21,18.75,6.5,12.25,5
5416,1,21,11.25,3.9,7.35,3
5417,3,20,10.8,3.6,7.2,3
5418,2,952,7.2,2.2,5.0,2
5419,5,952,10.47,3.0,7.47,3
5420,4,8,16.25,5.7,10.55,5
5421,3,38,7.2,2.4,4.8,2
5422,4,177,13.0,4.56,8.44,4
5423,5,44,6.98,2.0,4.98,2
5424,6,119,11.25,5.4,5.85,9
5425,5,44,10.47,3.0,7.47,3
5426,2,44,10.8,3.3,7.5,3
5427,1,45,11.25,3.9,7.35,3
5428,4,209,6.5,2.28,4.22,2
5429,1,209,3.75,1.3,2.45,1
5430,2,38,21.6,6.6,15.0,6
5431,4,267,3.25,1.14,2.11,1
5432,2,916,18.0,5.5,12.5,5
5433,3,138,7.2,2.4,4.8,2
5434,3,138,14.4,4.8,9.6,4
5435,4,354,26.0,9.12,16.88,8
5436,3,137,3.6,1.2,2.4,1
5437,4,735,13.0,4.56,8.44,4
5438,5,867,13.96,4.0,9.96,4
5439,2,867,18.0,5.5,12.5,5
5440,10,953,60.0,12.0,48.0,6
5441,2,475,10.8,3.3,7.5,3
5442,1,476,7.5,2.6,4.9,2
5443,1,926,7.5,2.6,4.9,2
5444,1,369,7.5,2.6,4.9,2
5445,2,368,10.8,3.3,7.5,3
5446,4,369,3.25,1.14,2.11,1
5447,9,954,9.75,9.0,0.75,3
5448,6,377,1.25,0.6,0.65,1
5449,1,42,18.75,6.5,12.25,5
5450,3,32,10.8,3.6,7.2,3
5451,2,32,14.4,4.4,10.0,4
5452,2,32,7.2,2.2,5.0,2
5453,5,422,10.47,3.0,7.47,3
5454,2,422,18.0,5.5,12.5,5
5455,1,781,3.75,1.3,2.45,1
5456,2,2,10.8,3.3,7.5,3
5457,3,2,7.2,2.4,4.8,2
5458,5,2,6.98,2.0,4.98,2
5459,1,1,15.0,5.2,9.8,4
5460,2,507,10.8,3.3,7.5,3
5461,1,310,11.25,3.9,7.35,3
5462,2,507,21.6,6.6,15.0,6
5463,5,292,24.43,7.0,17.43,7
5464,1,91,18.75,6.5,12.25,5
5465,2,71,7.2,2.2,5.0,2
5466,1,91,11.25,3.9,7.35,3
5467,3,71,14.4,4.8,9.6,4
5468,1,408,3.75,1.3,2.45,1
5469,1,120,7.5,2.6,4.9,2
5470,2,280,7.2,2.2,5.0,2
5471,5,280,6.98,2.0,4.98,2
5472,1,120,15.0,5.2,9.8,4
5473,5,280,10.47,3.0,7.47,3
5474,2,280,18.0,5.5,12.5,5
5475,1,91,22.5,7.8,14.7,6
5476,5,71,13.96,4.0,9.96,4
5477,2,71,7.2,2.2,5.0,2
5478,5,955,3.49,1.0,2.49,1
5479,5,955,17.45,5.0,12.45,5
5480,1,956,11.25,3.9,7.35,3
5481,1,956,22.5,7.8,14.7,6
5482,1,956,7.5,2.6,4.9,2
5483,3,955,25.2,8.4,16.8,7
5484,4,956,19.5,6.84,12.66,6
5485,4,956,26.0,9.12,16.88,8
5486,2,184,10.8,3.3,7.5,3
5487,3,2,3.6,1.2,2.4,1
5488,3,2,43.2,14.4,28.8,12
5489,5,3,10.47,3.0,7.47,3
5490,3,3,7.2,2.4,4.8,2
5491,1,570,11.25,3.9,7.35,3
5492,1,570,26.25,9.1,17.15,7
5493,3,957,18.0,6.0,12.0,5
5494,5,378,10.47,3.0,7.47,3
5495,2,233,14.4,4.4,10.0,4
5496,1,958,11.25,3.9,7.35,3
5497,3,168,50.4,16.8,33.6,14
5498,1,615,15.0,5.2,9.8,4
5499,1,615,11.25,3.9,7.35,3
5500,3,168,7.2,2.4,4.8,2
5501,3,168,3.6,1.2,2.4,1
5502,3,168,10.8,3.6,7.2,3
5503,2,168,21.6,6.6,15.0,6
5504,3,3,7.2,2.4,4.8,2
5505,5,113,6.98,2.0,4.98,2
5506,4,8,9.75,3.42,6.33,3
5507,2,38,10.8,3.3,7.5,3
5508,2,849,14.4,4.4,10.0,4
5509,4,806,13.0,4.56,8.44,4
5510,4,806,9.75,3.42,6.33,3
5511,8,959,200.0,100.0,100.0,10
5512,4,696,9.75,3.42,6.33,3
5513,1,696,7.5,2.6,4.9,2
5514,2,311,21.6,6.6,15.0,6
5515,5,311,6.98,2.0,4.98,2
5516,2,46,7.2,2.2,5.0,2
5517,1,50,15.0,5.2,9.8,4
5518,4,4,16.25,5.7,10.55,5
5519,4,960,13.0,4.56,8.44,4
5520,4,894,6.5,2.28,4.22,2
5521,2,3,21.6,6.6,15.0,6
5522,5,3,6.98,2.0,4.98,2
5523,5,30,31.41,9.0,22.41,9
5524,5,237,6.98,2.0,4.98,2
5525,1,76,11.25,3.9,7.35,3
5526,4,76,9.75,3.42,6.33,3
5527,4,108,16.25,5.7,10.55,5
5528,4,888,6.5,2.28,4.22,2
5529,4,961,9.75,3.42,6.33,3
5530,4,961,19.5,6.84,12.66,6
5531,1,961,26.25,9.1,17.15,7
5532,5,291,13.96,4.0,9.96,4
5533,5,38,17.45,5.0,12.45,5
5534,3,38,7.2,2.4,4.8,2
5535,3,38,32.4,10.8,21.6,9
5536,4,55,16.25,5.7,10.55,5
5537,3,39,10.8,3.6,7.2,3
5538,1,65,11.25,3.9,7.35,3
5539,3,39,21.6,7.2,14.4,6
5540,3,39,3.6,1.2,2.4,1
5541,4,42,6.5,2.28,4.22,2
5542,4,8,6.5,2.28,4.22,2
5543,2,38,10.8,3.3,7.5,3
5544,1,8,7.5,2.6,4.9,2
5545,1,45,7.5,2.6,4.9,2
5546,4,45,6.5,2.28,4.22,2
5547,1,163,22.5,7.8,14.7,6
5548,1,163,11.25,3.9,7.35,3
5549,3,239,7.2,2.4,4.8,2
5550,5,239,17.45,5.0,12.45,5
5551,4,4,3.25,1.14,2.11,1
5552,3,3,32.4,10.8,21.6,9
5553,5,132,6.98,2.0,4.98,2
5554,4,1,16.25,5.7,10.55,5
5555,1,1,11.25,3.9,7.35,3
5556,2,71,10.8,3.3,7.5,3
5557,3,3,14.4,4.8,9.6,4
5558,3,3,10.8,3.6,7.2,3
5559,5,3,6.98,2.0,4.98,2
5560,1,4,33.75,11.7,22.05,9
5561,4,1,9.75,3.42,6.33,3
5562,5,2,6.98,2.0,4.98,2
5563,1,21,7.5,2.6,4.9,2
5564,3,71,21.6,7.2,14.4,6
5565,3,162,21.6,7.2,14.4,6
5566,1,163,7.5,2.6,4.9,2
5567,4,334,16.25,5.7,10.55,5
5568,5,107,6.98,2.0,4.98,2
5569,4,91,6.5,2.28,4.22,2
5570,2,71,7.2,2.2,5.0,2
5571,5,71,10.47,3.0,7.47,3
5572,3,962,14.4,4.8,9.6,4
5573,3,261,10.8,3.6,7.2,3
5574,2,261,7.2,2.2,5.0,2
5575,5,261,13.96,4.0,9.96,4
5576,2,261,18.0,5.5,12.5,5
5577,3,261,28.8,9.6,19.2,8
5578,2,261,32.4,9.9,22.5,9
5579,1,45,11.25,3.9,7.35,3
5580,3,156,7.2,2.4,4.8,2
5581,1,4,26.25,9.1,17.15,7
5582,2,3,10.8,3.3,7.5,3
5583,2,3,14.4,4.4,10.0,4
5584,3,292,10.8,3.6,7.2,3
5585,2,3,7.2,2.2,5.0,2
5586,4,264,6.5,2.28,4.22,2
5587,2,263,32.4,9.9,22.5,9
5588,3,263,10.8,3.6,7.2,3
5589,2,39,10.8,3.3,7.5,3
5590,2,963,14.4,4.4,10.0,4
5591,3,105,18.0,6.0,12.0,5
5592,4,699,29.25,10.26,18.99,9
5593,3,3,7.2,2.4,4.8,2
5594,3,3,10.8,3.6,7.2,3
5595,3,138,10.8,3.6,7.2,3
5596,4,1,22.75,7.98,14.77,7
5597,5,125,20.94,6.0,14.94,6
5598,3,125,18.0,6.0,12.0,5
5599,4,753,9.75,3.42,6.33,3
5600,1,753,7.5,2.6,4.9,2
5601,3,964,10.8,3.6,7.2,3
5602,4,633,9.75,3.42,6.33,3
5603,1,633,7.5,2.6,4.9,2
5604,5,965,6.98,2.0,4.98,2
5605,2,965,18.0,5.5,12.5,5
5606,2,907,32.4,9.9,22.5,9
5607,4,464,13.0,4.56,8.44,4
5608,5,138,10.47,3.0,7.47,3
5609,5,2,24.43,7.0,17.43,7
5610,1,59,11.25,3.9,7.35,3
5611,2,370,28.8,8.8,20.0,8
5612,2,370,32.4,9.9,22.5,9
5613,3,272,10.8,3.6,7.2,3
5614,5,272,10.47,3.0,7.47,3
5615,2,272,10.8,3.3,7.5,3
5616,3,38,7.2,2.4,4.8,2
5617,5,38,10.47,3.0,7.47,3
5618,5,38,3.49,1.0,2.49,1
5619,1,109,3.75,1.3,2.45,1
5620,3,38,7.2,2.4,4.8,2
5621,5,38,10.47,3.0,7.47,3
5622,4,55,13.0,4.56,8.44,4
5623,2,132,10.8,3.3,7.5,3
5624,5,38,3.49,1.0,2.49,1
5625,5,556,6.98,2.0,4.98,2
5626,1,777,11.25,3.9,7.35,3
5627,2,556,14.4,4.4,10.0,4
5628,3,216,3.6,1.2,2.4,1
5629,5,216,6.98,2.0,4.98,2
5630,1,217,3.75,1.3,2.45,1
5631,3,2,7.2,2.4,4.8,2
5632,2,81,7.2,2.2,5.0,2
5633,4,966,9.75,3.42,6.33,3
5634,5,967,45.37,13.0,32.37,13
5635,1,35,33.75,11.7,22.05,9
5636,3,36,25.2,8.4,16.8,7
5637,4,35,3.25,1.14,2.11,1
5638,4,35,6.5,2.28,4.22,2
5639,4,42,6.5,2.28,4.22,2
5640,5,32,6.98,2.0,4.98,2
5641,5,79,10.47,3.0,7.47,3
5642,4,8,9.75,3.42,6.33,3
5643,3,443,3.6,1.2,2.4,1
5644,4,444,16.25,5.7,10.55,5
5645,5,443,13.96,4.0,9.96,4
5646,3,488,3.6,1.2,2.4,1
5647,1,571,33.75,11.7,22.05,9
5648,4,4,29.25,10.26,18.99,9
5649,5,754,10.47,3.0,7.47,3
5650,4,968,16.25,5.7,10.55,5
5651,2,969,10.8,3.3,7.5,3
5652,2,970,14.4,4.4,10.0,4
5653,4,774,26.0,9.12,16.88,8
5654,2,3,7.2,2.2,5.0,2
5655,1,971,7.5,2.6,4.9,2
5656,3,367,10.8,3.6,7.2,3
5657,2,367,18.0,5.5,12.5,5
5658,4,73,6.5,2.28,4.22,2
5659,4,1,9.75,3.42,6.33,3
5660,3,2,7.2,2.4,4.8,2
5661,3,2,39.6,13.2,26.4,11
5662,2,32,7.2,2.2,5.0,2
5663,1,42,11.25,3.9,7.35,3
5664,4,42,19.5,6.84,12.66,6
5665,1,1,11.25,3.9,7.35,3
5666,3,2,25.2,8.4,16.8,7
5667,5,536,10.47,3.0,7.47,3
5668,1,95,7.5,2.6,4.9,2
5669,1,972,7.5,2.6,4.9,2
5670,1,972,30.0,10.4,19.6,8
5671,2,944,7.2,2.2,5.0,2
5672,1,50,22.5,7.8,14.7,6
5673,5,143,3.49,1.0,2.49,1
5674,5,143,6.98,2.0,4.98,2
5675,1,255,15.0,5.2,9.8,4
5676,4,255,13.0,4.56,8.44,4
5677,4,973,16.25,5.7,10.55,5
5678,3,110,18.0,6.0,12.0,5
5679,5,110,10.47,3.0,7.47,3
5680,2,110,14.4,4.4,10.0,4
5681,1,974,3.75,1.3,2.45,1
5682,4,128,26.0,9.12,16.88,8
5683,1,128,7.5,2.6,4.9,2
5684,4,128,9.75,3.42,6.33,3
5685,3,30,18.0,6.0,12.0,5
5686,5,457,6.98,2.0,4.98,2
5687,3,457,10.8,3.6,7.2,3
5688,4,975,22.75,7.98,14.77,7
5689,2,38,7.2,2.2,5.0,2
5690,1,8,33.75,11.7,22.05,9
5691,2,38,10.8,3.3,7.5,3
5692,4,8,22.75,7.98,14.77,7
5693,1,8,3.75,1.3,2.45,1
5694,3,38,10.8,3.6,7.2,3
5695,5,38,13.96,4.0,9.96,4
5696,4,92,9.75,3.42,6.33,3
5697,4,324,6.5,2.28,4.22,2
5698,2,480,18.0,5.5,12.5,5
5699,4,479,6.5,2.28,4.22,2
5700,4,479,13.0,4.56,8.44,4
5701,3,39,10.8,3.6,7.2,3
5702,1,65,3.75,1.3,2.45,1
5703,3,39,21.6,7.2,14.4,6
5704,4,45,16.25,5.7,10.55,5
5705,2,44,7.2,2.2,5.0,2
5706,4,471,13.0,4.56,8.44,4
5707,3,2,21.6,7.2,14.4,6
5708,1,1,11.25,3.9,7.35,3
5709,5,2,10.47,3.0,7.47,3
5710,1,8,7.5,2.6,4.9,2
5711,1,203,11.25,3.9,7.35,3
5712,2,202,10.8,3.3,7.5,3
5713,3,202,10.8,3.6,7.2,3
5714,9,732,6.5,6.0,0.5,2
5715,2,39,14.4,4.4,10.0,4
5716,2,2,3.6,1.1,2.5,1
5717,2,277,7.2,2.2,5.0,2
5718,2,132,32.4,9.9,22.5,9
5719,3,132,3.6,1.2,2.4,1
5720,1,55,11.25,3.9,7.35,3
5721,3,132,21.6,7.2,14.4,6
5722,4,91,3.25,1.14,2.11,1
5723,5,71,3.49,1.0,2.49,1
5724,4,91,9.75,3.42,6.33,3
5725,3,71,14.4,4.8,9.6,4
5726,1,1,7.5,2.6,4.9,2
5727,6,224,2.5,1.2,1.3,2
5728,2,132,36.0,11.0,25.0,10
5729,4,55,3.25,1.14,2.11,1
5730,5,44,10.47,3.0,7.47,3
5731,1,8,7.5,2.6,4.9,2
5732,1,8,11.25,3.9,7.35,3
5733,2,132,10.8,3.3,7.5,3
5734,4,55,16.25,5.7,10.55,5
5735,2,132,7.2,2.2,5.0,2
5736,1,55,11.25,3.9,7.35,3
5737,3,132,3.6,1.2,2.4,1
5738,5,176,17.45,5.0,12.45,5
5739,5,176,3.49,1.0,2.49,1
5740,2,11,10.8,3.3,7.5,3
5741,5,976,20.94,6.0,14.94,6
5742,5,282,6.98,2.0,4.98,2
5743,1,283,3.75,1.3,2.45,1
5744,1,283,11.25,3.9,7.35,3
5745,5,282,10.47,3.0,7.47,3
5746,3,39,7.2,2.4,4.8,2
5747,6,118,8.75,4.2,4.55,7
5748,4,65,16.25,5.7,10.55,5
5749,4,414,13.0,4.56,8.44,4
5750,5,386,13.96,4.0,9.96,4
5751,2,386,7.2,2.2,5.0,2
5752,3,124,21.6,7.2,14.4,6
5753,4,351,13.0,4.56,8.44,4
5754,1,977,18.75,6.5,12.25,5
5755,4,8,9.75,3.42,6.33,3
5756,4,189,6.5,2.28,4.22,2
5757,3,978,10.8,3.6,7.2,3
5758,4,189,9.75,3.42,6.33,3
5759,3,928,10.8,3.6,7.2,3
5760,4,753,6.5,2.28,4.22,2
5761,5,2,10.47,3.0,7.47,3
5762,3,2,10.8,3.6,7.2,3
5763,2,512,14.4,4.4,10.0,4
5764,4,979,9.75,3.42,6.33,3
5765,4,979,29.25,10.26,18.99,9
5766,5,512,13.96,4.0,9.96,4
5767,5,72,10.47,3.0,7.47,3
5768,2,38,7.2,2.2,5.0,2
5769,4,45,22.75,7.98,14.77,7
5770,1,980,11.25,3.9,7.35,3
5771,4,980,6.5,2.28,4.22,2
5772,2,708,10.8,3.3,7.5,3
5773,4,59,6.5,2.28,4.22,2
5774,3,536,10.8,3.6,7.2,3
5775,1,493,22.5,7.8,14.7,6
5776,1,493,26.25,9.1,17.15,7
5777,5,762,13.96,4.0,9.96,4
5778,1,128,11.25,3.9,7.35,3
5779,5,30,20.94,6.0,14.94,6
5780,5,30,24.43,7.0,17.43,7
5781,3,30,10.8,3.6,7.2,3
5782,4,504,6.5,2.28,4.22,2
5783,5,261,17.45,5.0,12.45,5
5784,1,340,7.5,2.6,4.9,2
5785,3,261,18.0,6.0,12.0,5
5786,4,123,6.5,2.28,4.22,2
5787,4,608,9.75,3.42,6.33,3
5788,1,354,30.0,10.4,19.6,8
5789,1,4,11.25,3.9,7.35,3
5790,3,3,7.2,2.4,4.8,2
5791,2,3,14.4,4.4,10.0,4
5792,5,3,17.45,5.0,12.45,5
5793,4,723,19.5,6.84,12.66,6
5794,1,723,7.5,2.6,4.9,2
5795,3,167,10.8,3.6,7.2,3
5796,4,150,19.5,6.84,12.66,6
5797,2,167,14.4,4.4,10.0,4
5798,4,50,6.5,2.28,4.22,2
5799,2,46,3.6,1.1,2.5,1
5800,5,46,10.47,3.0,7.47,3
5801,5,46,6.98,2.0,4.98,2
5802,5,311,17.45,5.0,12.45,5
5803,1,981,22.5,7.8,14.7,6
5804,3,982,7.2,2.4,4.8,2
5805,4,1,6.5,2.28,4.22,2
5806,4,1,3.25,1.14,2.11,1
5807,2,2,10.8,3.3,7.5,3
5808,1,1,18.75,6.5,12.25,5
5809,5,752,6.98,2.0,4.98,2
5810,4,836,6.5,2.28,4.22,2
5811,3,2,7.2,2.4,4.8,2
5812,1,1,18.75,6.5,12.25,5
5813,4,1,26.0,9.12,16.88,8
5814,2,368,10.8,3.3,7.5,3
5815,3,157,18.0,6.0,12.0,5
5816,4,721,6.5,2.28,4.22,2
5817,2,157,10.8,3.3,7.5,3
5818,2,808,7.2,2.2,5.0,2
5819,1,4,22.5,7.8,14.7,6
5820,3,71,10.8,3.6,7.2,3
5821,2,71,3.6,1.1,2.5,1
5822,2,71,28.8,8.8,20.0,8
5823,5,3,17.45,5.0,12.45,5
5824,1,187,7.5,2.6,4.9,2
5825,4,187,6.5,2.28,4.22,2
5826,2,81,10.8,3.3,7.5,3
5827,1,187,15.0,5.2,9.8,4
5828,5,81,10.47,3.0,7.47,3
5829,5,226,24.43,7.0,17.43,7
5830,1,312,18.75,6.5,12.25,5
5831,3,208,7.2,2.4,4.8,2
5832,1,915,18.75,6.5,12.25,5
5833,3,212,21.6,7.2,14.4,6
5834,8,983,60.0,30.0,30.0,3
5835,3,212,10.8,3.6,7.2,3
5836,2,212,3.6,1.1,2.5,1
5837,4,909,6.5,2.28,4.22,2
5838,6,118,11.25,5.4,5.85,9
5839,5,39,10.47,3.0,7.47,3
5840,1,8,7.5,2.6,4.9,2
5841,2,38,14.4,4.4,10.0,4
5842,2,38,32.4,9.9,22.5,9
5843,2,483,3.6,1.1,2.5,1
5844,2,483,10.8,3.3,7.5,3
5845,5,483,13.96,4.0,9.96,4
5846,2,483,21.6,6.6,15.0,6
5847,2,483,18.0,5.5,12.5,5
5848,3,483,7.2,2.4,4.8,2
5849,3,216,7.2,2.4,4.8,2
5850,4,217,6.5,2.28,4.22,2
5851,7,984,4.5,2.4,2.1,3
5852,2,3,3.6,1.1,2.5,1
5853,1,4,26.25,9.1,17.15,7
5854,1,4,22.5,7.8,14.7,6
5855,3,3,7.2,2.4,4.8,2
5856,2,44,14.4,4.4,10.0,4
5857,3,44,10.8,3.6,7.2,3
5858,6,985,5.0,2.4,2.6,4
5859,3,986,10.8,3.6,7.2,3
5860,4,987,3.25,1.14,2.11,1
5861,1,987,7.5,2.6,4.9,2
5862,4,45,9.75,3.42,6.33,3
5863,5,39,10.47,3.0,7.47,3
5864,5,71,10.47,3.0,7.47,3
5865,5,71,6.98,2.0,4.98,2
5866,9,161,13.0,12.0,1.0,4
5867,3,38,10.8,3.6,7.2,3
5868,1,120,11.25,3.9,7.35,3
5869,2,280,18.0,5.5,12.5,5
5870,8,988,80.0,40.0,40.0,4
5871,3,280,7.2,2.4,4.8,2
5872,5,639,6.98,2.0,4.98,2
5873,5,127,6.98,2.0,4.98,2
5874,3,127,18.0,6.0,12.0,5
5875,6,989,6.25,3.0,3.25,5
5876,5,990,13.96,4.0,9.96,4
5877,2,515,10.8,3.3,7.5,3
5878,5,169,13.96,4.0,9.96,4
5879,1,720,11.25,3.9,7.35,3
5880,5,138,17.45,5.0,12.45,5
5881,2,138,21.6,6.6,15.0,6
5882,5,138,6.98,2.0,4.98,2
5883,5,138,3.49,1.0,2.49,1
5884,4,354,6.5,2.28,4.22,2
5885,4,109,9.75,3.42,6.33,3
5886,4,1,16.25,5.7,10.55,5
5887,4,324,13.0,4.56,8.44,4
5888,5,151,6.98,2.0,4.98,2
5889,2,3,7.2,2.2,5.0,2
5890,4,4,9.75,3.42,6.33,3
5891,1,246,11.25,3.9,7.35,3
5892,2,991,10.8,3.3,7.5,3
5893,2,992,10.8,3.3,7.5,3
5894,2,992,25.2,7.7,17.5,7
5895,1,813,7.5,2.6,4.9,2
5896,5,993,10.47,3.0,7.47,3
5897,1,65,11.25,3.9,7.35,3
5898,4,269,6.5,2.28,4.22,2
5899,1,45,7.5,2.6,4.9,2
5900,4,18,6.5,2.28,4.22,2
5901,5,19,17.45,5.0,12.45,5
5902,1,8,7.5,2.6,4.9,2
5903,3,105,39.6,13.2,26.4,11
5904,5,105,17.45,5.0,12.45,5
5905,3,105,14.4,4.8,9.6,4
5906,5,168,10.47,3.0,7.47,3
5907,3,994,18.0,6.0,12.0,5
5908,4,995,26.0,9.12,16.88,8
5909,5,994,6.98,2.0,4.98,2
5910,1,995,22.5,7.8,14.7,6
5911,1,42,7.5,2.6,4.9,2
5912,4,4,9.75,3.42,6.33,3
5913,5,3,6.98,2.0,4.98,2
5914,2,79,21.6,6.6,15.0,6
5915,2,595,7.2,2.2,5.0,2
5916,1,323,22.5,7.8,14.7,6
5917,2,32,7.2,2.2,5.0,2
5918,4,42,22.75,7.98,14.77,7
5919,5,437,10.47,3.0,7.47,3
5920,2,71,10.8,3.3,7.5,3
5921,1,4,11.25,3.9,7.35,3
5922,3,3,28.8,9.6,19.2,8
5923,5,47,10.47,3.0,7.47,3
5924,4,584,16.25,5.7,10.55,5
5925,3,44,10.8,3.6,7.2,3
5926,4,877,9.75,3.42,6.33,3
5927,4,877,16.25,5.7,10.55,5
5928,3,878,25.2,8.4,16.8,7
5929,6,996,10.0,4.8,5.2,8
5930,4,91,3.25,1.14,2.11,1
5931,5,39,10.47,3.0,7.47,3
5932,1,42,22.5,7.8,14.7,6
5933,3,38,7.2,2.4,4.8,2
5934,1,626,18.75,6.5,12.25,5
5935,4,109,9.75,3.42,6.33,3
5936,3,328,7.2,2.4,4.8,2
5937,1,777,18.75,6.5,12.25,5
5938,2,306,10.8,3.3,7.5,3
5939,3,306,21.6,7.2,14.4,6
5940,2,306,14.4,4.4,10.0,4
5941,9,997,9.75,9.0,0.75,3
5942,2,998,7.2,2.2,5.0,2
5943,2,998,18.0,5.5,12.5,5
5944,4,314,9.75,3.42,6.33,3
5945,2,31,18.0,5.5,12.5,5
5946,1,314,7.5,2.6,4.9,2
5947,2,31,3.6,1.1,2.5,1
5948,3,31,10.8,3.6,7.2,3
5949,2,763,7.2,2.2,5.0,2
5950,1,764,3.75,1.3,2.45,1
5951,1,764,11.25,3.9,7.35,3
5952,4,979,6.5,2.28,4.22,2
5953,3,533,25.2,8.4,16.8,7
5954,3,999,7.2,2.4,4.8,2
5955,2,999,3.6,1.1,2.5,1
5956,9,1000,9.75,9.0,0.75,3
5957,4,559,9.75,3.42,6.33,3
5958,5,535,17.45,5.0,12.45,5
5959,5,535,13.96,4.0,9.96,4
5960,2,535,10.8,3.3,7.5,3
5961,4,559,6.5,2.28,4.22,2
5962,5,44,10.47,3.0,7.47,3
5963,2,71,7.2,2.2,5.0,2
5964,1,91,11.25,3.9,7.35,3
5965,4,8,39.0,13.68,25.32,12
5966,1,21,7.5,2.6,4.9,2
5967,1,65,7.5,2.6,4.9,2
5968,1,65,3.75,1.3,2.45,1
5969,2,72,10.8,3.3,7.5,3
5970,1,123,11.25,3.9,7.35,3
5971,5,38,13.96,4.0,9.96,4
5972,1,806,22.5,7.8,14.7,6
5973,3,1001,14.4,4.8,9.6,4
5974,4,8,13.0,4.56,8.44,4
5975,4,8,22.75,7.98,14.77,7
5976,1,8,18.75,6.5,12.25,5
5977,2,38,3.6,1.1,2.5,1
5978,5,58,10.47,3.0,7.47,3
5979,1,381,11.25,3.9,7.35,3
5980,5,539,6.98,2.0,4.98,2
5981,4,67,9.75,3.42,6.33,3
5982,5,539,10.47,3.0,7.47,3
5983,4,8,6.5,2.28,4.22,2
5984,1,8,3.75,1.3,2.45,1
5985,5,38,17.45,5.0,12.45,5
5986,5,38,6.98,2.0,4.98,2
5987,2,132,18.0,5.5,12.5,5
5988,2,132,10.8,3.3,7.5,3
5989,4,67,19.5,6.84,12.66,6
5990,1,995,18.75,6.5,12.25,5
5991,5,994,3.49,1.0,2.49,1
5992,1,662,15.0,5.2,9.8,4
5993,3,3,10.8,3.6,7.2,3
5994,3,38,18.0,6.0,12.0,5
5995,4,371,16.25,5.7,10.55,5
5996,3,446,10.8,3.6,7.2,3
5997,4,4,9.75,3.42,6.33,3
5998,1,45,7.5,2.6,4.9,2
5999,4,45,16.25,5.7,10.55,5
6000,4,45,3.25,1.14,2.11,1
6001,4,49,6.5,2.28,4.22,2
6002,3,762,18.0,6.0,12.0,5
6003,3,762,3.6,1.2,2.4,1
6004,2,1002,3.6,1.1,2.5,1
6005,4,1003,39.0,13.68,25.32,12
6006,5,71,10.47,3.0,7.47,3
6007,4,65,6.5,2.28,4.22,2
6008,5,39,13.96,4.0,9.96,4
6009,5,39,6.98,2.0,4.98,2
6010,2,39,25.2,7.7,17.5,7
6011,2,38,3.6,1.1,2.5,1
6012,5,38,31.41,9.0,22.41,9
6013,3,32,21.6,7.2,14.4,6
6014,3,38,7.2,2.4,4.8,2
6015,5,435,24.43,7.0,17.43,7
6016,9,589,6.5,6.0,0.5,2
6017,2,284,7.2,2.2,5.0,2
6018,1,8,11.25,3.9,7.35,3
6019,4,8,9.75,3.42,6.33,3
6020,1,8,7.5,2.6,4.9,2
6021,3,38,10.8,3.6,7.2,3
6022,8,135,40.0,20.0,20.0,2
6023,3,39,7.2,2.4,4.8,2
6024,4,65,6.5,2.28,4.22,2
6025,3,39,21.6,7.2,14.4,6
6026,4,65,16.25,5.7,10.55,5
6027,2,39,7.2,2.2,5.0,2
6028,5,152,31.41,9.0,22.41,9
6029,3,152,18.0,6.0,12.0,5
6030,1,839,7.5,2.6,4.9,2
6031,5,299,6.98,2.0,4.98,2
6032,5,299,20.94,6.0,14.94,6
6033,4,55,13.0,4.56,8.44,4
6034,2,138,7.2,2.2,5.0,2
6035,3,686,14.4,4.8,9.6,4
6036,1,246,7.5,2.6,4.9,2
6037,1,246,18.75,6.5,12.25,5
6038,4,1004,16.25,5.7,10.55,5
6039,1,1004,18.75,6.5,12.25,5
6040,5,1005,24.43,7.0,17.43,7
6041,1,1006,7.5,2.6,4.9,2
6042,2,1007,10.8,3.3,7.5,3
6043,5,39,24.43,7.0,17.43,7
6044,2,43,28.8,8.8,20.0,8
6045,1,591,30.0,10.4,19.6,8
6046,2,206,32.4,9.9,22.5,9
6047,1,51,7.5,2.6,4.9,2
6048,5,206,6.98,2.0,4.98,2
6049,4,51,13.0,4.56,8.44,4
6050,4,51,3.25,1.14,2.11,1
6051,2,206,14.4,4.4,10.0,4
6052,3,206,7.2,2.4,4.8,2
6053,5,132,6.98,2.0,4.98,2
6054,3,71,21.6,7.2,14.4,6
6055,1,91,11.25,3.9,7.35,3
6056,2,71,28.8,8.8,20.0,8
6057,4,163,9.75,3.42,6.33,3
6058,3,162,10.8,3.6,7.2,3
6059,3,342,7.2,2.4,4.8,2
6060,4,941,29.25,10.26,18.99,9
6061,1,941,11.25,3.9,7.35,3
6062,6,817,1.25,0.6,0.65,1
6063,5,125,10.47,3.0,7.47,3
6064,2,125,10.8,3.3,7.5,3
6065,4,8,6.5,2.28,4.22,2
6066,4,45,19.5,6.84,12.66,6
6067,3,865,14.4,4.8,9.6,4
6068,1,91,33.75,11.7,22.05,9
6069,3,71,14.4,4.8,9.6,4
6070,2,147,10.8,3.3,7.5,3
6071,2,32,7.2,2.2,5.0,2
6072,1,42,11.25,3.9,7.35,3
6073,3,507,10.8,3.6,7.2,3
6074,5,32,10.47,3.0,7.47,3
6075,1,55,11.25,3.9,7.35,3
6076,4,55,6.5,2.28,4.22,2
6077,3,435,21.6,7.2,14.4,6
6078,1,122,7.5,2.6,4.9,2
6079,5,2,6.98,2.0,4.98,2
6080,9,236,3.25,3.0,0.25,1
6081,3,2,18.0,6.0,12.0,5
6082,3,416,3.6,1.2,2.4,1
6083,3,32,14.4,4.8,9.6,4
6084,3,870,7.2,2.4,4.8,2
6085,5,46,17.45,5.0,12.45,5
6086,4,97,6.5,2.28,4.22,2
6087,5,271,10.47,3.0,7.47,3
6088,2,271,7.2,2.2,5.0,2
6089,1,270,11.25,3.9,7.35,3
6090,5,271,27.92,8.0,19.92,8
6091,9,1008,22.75,21.0,1.75,7
6092,1,302,22.5,7.8,14.7,6
6093,3,39,14.4,4.8,9.6,4
6094,2,38,3.6,1.1,2.5,1
6095,2,3,10.8,3.3,7.5,3
6096,4,4,9.75,3.42,6.33,3
6097,3,44,25.2,8.4,16.8,7
6098,5,44,10.47,3.0,7.47,3
6099,3,44,3.6,1.2,2.4,1
6100,2,492,10.8,3.3,7.5,3
6101,3,492,7.2,2.4,4.8,2
6102,4,493,13.0,4.56,8.44,4
6103,6,1009,3.75,1.8,1.95,3
6104,5,32,6.98,2.0,4.98,2
6105,5,32,13.96,4.0,9.96,4
6106,9,309,9.75,9.0,0.75,3
6107,4,217,13.0,4.56,8.44,4
6108,4,217,16.25,5.7,10.55,5
6109,3,216,7.2,2.4,4.8,2
6110,3,216,25.2,8.4,16.8,7
6111,5,434,27.92,8.0,19.92,8
6112,1,351,18.75,6.5,12.25,5
6113,3,124,10.8,3.6,7.2,3
6114,5,132,6.98,2.0,4.98,2
6115,1,55,11.25,3.9,7.35,3
6116,5,132,24.43,7.0,17.43,7
6117,4,579,6.5,2.28,4.22,2
6118,3,292,14.4,4.8,9.6,4
6119,14,742,3.98,1.5,2.48,2
6120,2,38,7.2,2.2,5.0,2
6121,5,38,6.98,2.0,4.98,2
6122,4,1010,3.25,1.14,2.11,1
6123,3,1011,14.4,4.8,9.6,4
6124,5,1011,6.98,2.0,4.98,2
6125,4,1010,6.5,2.28,4.22,2
6126,5,1011,10.47,3.0,7.47,3
6127,4,65,6.5,2.28,4.22,2
6128,3,39,7.2,2.4,4.8,2
6129,5,39,10.47,3.0,7.47,3
6130,3,39,14.4,4.8,9.6,4
6131,5,71,6.98,2.0,4.98,2
6132,1,91,11.25,3.9,7.35,3
6133,2,784,25.2,7.7,17.5,7
6134,2,446,10.8,3.3,7.5,3
6135,6,1012,3.75,1.8,1.95,3
6136,5,143,24.43,7.0,17.43,7
6137,1,108,7.5,2.6,4.9,2
6138,3,107,18.0,6.0,12.0,5
6139,14,391,1.99,0.75,1.24,1
6140,4,200,6.5,2.28,4.22,2
6141,6,1013,3.75,1.8,1.95,3
6142,2,176,3.6,1.1,2.5,1
6143,3,176,32.4,10.8,21.6,9
6144,2,176,14.4,4.4,10.0,4
6145,3,30,3.6,1.2,2.4,1
6146,5,282,6.98,2.0,4.98,2
6147,5,400,10.47,3.0,7.47,3
6148,1,941,3.75,1.3,2.45,1
6149,2,922,3.6,1.1,2.5,1
6150,4,923,6.5,2.28,4.22,2
6151,4,144,6.5,2.28,4.22,2
6152,4,774,16.25,5.7,10.55,5
6153,4,456,9.75,3.42,6.33,3
6154,3,39,21.6,7.2,14.4,6
6155,3,39,10.8,3.6,7.2,3
6156,5,39,3.49,1.0,2.49,1
6157,5,180,10.47,3.0,7.47,3
6158,5,38,31.41,9.0,22.41,9
6159,2,38,36.0,11.0,25.0,10
6160,5,38,24.43,7.0,17.43,7
6161,2,180,18.0,5.5,12.5,5
6162,2,180,10.8,3.3,7.5,3
6163,5,38,17.45,5.0,12.45,5
6164,2,38,7.2,2.2,5.0,2
6165,5,1014,17.45,5.0,12.45,5
6166,3,38,18.0,6.0,12.0,5
6167,3,156,21.6,7.2,14.4,6
6168,4,302,22.75,7.98,14.77,7
6169,2,39,10.8,3.3,7.5,3
6170,1,65,3.75,1.3,2.45,1
6171,12,742,1.5,0.8,0.7,1
6172,4,65,16.25,5.7,10.55,5
6173,3,38,18.0,6.0,12.0,5
6174,5,38,17.45,5.0,12.45,5
6175,1,8,18.75,6.5,12.25,5
6176,3,708,7.2,2.4,4.8,2
6177,2,539,10.8,3.3,7.5,3
6178,4,67,6.5,2.28,4.22,2
6179,4,67,9.75,3.42,6.33,3
6180,8,1015,80.0,40.0,40.0,4
6181,5,539,6.98,2.0,4.98,2
6182,2,44,14.4,4.4,10.0,4
6183,5,3,6.98,2.0,4.98,2
6184,5,3,10.47,3.0,7.47,3
6185,4,4,16.25,5.7,10.55,5
6186,5,3,13.96,4.0,9.96,4
6187,1,428,11.25,3.9,7.35,3
6188,2,72,10.8,3.3,7.5,3
6189,1,8,11.25,3.9,7.35,3
6190,3,1016,18.0,6.0,12.0,5
6191,5,7,27.92,8.0,19.92,8
6192,2,39,32.4,9.9,22.5,9
6193,2,39,3.6,1.1,2.5,1
6194,4,91,6.5,2.28,4.22,2
6195,1,91,7.5,2.6,4.9,2
6196,2,30,7.2,2.2,5.0,2
6197,1,109,22.5,7.8,14.7,6
6198,1,45,7.5,2.6,4.9,2
6199,4,1,13.0,4.56,8.44,4
6200,5,2,3.49,1.0,2.49,1
6201,5,2,13.96,4.0,9.96,4
6202,2,30,36.0,11.0,25.0,10
6203,1,128,15.0,5.2,9.8,4
6204,4,4,9.75,3.42,6.33,3
6205,3,32,7.2,2.4,4.8,2
6206,3,32,14.4,4.8,9.6,4
6207,2,3,21.6,6.6,15.0,6
6208,5,3,20.94,6.0,14.94,6
6209,4,4,9.75,3.42,6.33,3
6210,1,1017,3.75,1.3,2.45,1
6211,2,169,3.6,1.1,2.5,1
6212,4,1018,6.5,2.28,4.22,2
6213,2,784,3.6,1.1,2.5,1
6214,2,32,18.0,5.5,12.5,5
6215,1,42,7.5,2.6,4.9,2
6216,3,32,7.2,2.4,4.8,2
6217,4,42,6.5,2.28,4.22,2
6218,1,91,11.25,3.9,7.35,3
6219,4,293,13.0,4.56,8.44,4
6220,1,293,11.25,3.9,7.35,3
6221,5,79,13.96,4.0,9.96,4
6222,2,110,18.0,5.5,12.5,5
6223,3,776,10.8,3.6,7.2,3
6224,2,776,28.8,8.8,20.0,8
6225,3,776,25.2,8.4,16.8,7
6226,4,217,16.25,5.7,10.55,5
6227,5,216,13.96,4.0,9.96,4
6228,5,216,17.45,5.0,12.45,5
6229,11,984,11.25,4.5,6.75,3
6230,6,298,1.25,0.6,0.65,1
6231,5,23,6.98,2.0,4.98,2
6232,4,24,3.25,1.14,2.11,1
6233,6,1019,2.5,1.2,1.3,2
6234,4,24,9.75,3.42,6.33,3
6235,5,1020,20.94,6.0,14.94,6
6236,2,1020,10.8,3.3,7.5,3
6237,3,39,18.0,6.0,12.0,5
6238,5,125,6.98,2.0,4.98,2
6239,3,299,10.8,3.6,7.2,3
6240,8,1021,80.0,40.0,40.0,4
6241,4,872,6.5,2.28,4.22,2
6242,1,872,22.5,7.8,14.7,6
6243,5,748,6.98,2.0,4.98,2
6244,1,872,7.5,2.6,4.9,2
6245,4,302,9.75,3.42,6.33,3
6246,1,302,18.75,6.5,12.25,5
6247,3,299,21.6,7.2,14.4,6
6248,1,563,7.5,2.6,4.9,2
6249,3,299,18.0,6.0,12.0,5
6250,1,128,11.25,3.9,7.35,3
6251,3,30,3.6,1.2,2.4,1
6252,1,128,15.0,5.2,9.8,4
6253,2,487,7.2,2.2,5.0,2
6254,4,486,6.5,2.28,4.22,2
6255,1,42,7.5,2.6,4.9,2
6256,5,20,13.96,4.0,9.96,4
6257,5,39,13.96,4.0,9.96,4
6258,2,39,7.2,2.2,5.0,2
6259,3,840,10.8,3.6,7.2,3
6260,4,59,6.5,2.28,4.22,2
6261,1,313,11.25,3.9,7.35,3
6262,3,180,7.2,2.4,4.8,2
6263,4,313,26.0,9.12,16.88,8
6264,1,313,7.5,2.6,4.9,2
6265,4,313,19.5,6.84,12.66,6
6266,1,313,18.75,6.5,12.25,5
6267,1,607,26.25,9.1,17.15,7
6268,1,845,15.0,5.2,9.8,4
6269,2,844,14.4,4.4,10.0,4
6270,4,845,22.75,7.98,14.77,7
6271,2,844,7.2,2.2,5.0,2
6272,2,71,25.2,7.7,17.5,7
6273,3,30,10.8,3.6,7.2,3
6274,2,156,18.0,5.5,12.5,5
6275,3,180,7.2,2.4,4.8,2
6276,4,313,16.25,5.7,10.55,5
6277,5,2,13.96,4.0,9.96,4
6278,1,1,26.25,9.1,17.15,7
6279,2,2,10.8,3.3,7.5,3
6280,3,2,25.2,8.4,16.8,7
6281,3,2,14.4,4.8,9.6,4
6282,5,279,3.49,1.0,2.49,1
6283,4,702,16.25,5.7,10.55,5
6284,1,702,3.75,1.3,2.45,1
6285,4,702,13.0,4.56,8.44,4
6286,3,32,7.2,2.4,4.8,2
6287,2,32,7.2,2.2,5.0,2
6288,2,32,10.8,3.3,7.5,3
6289,2,38,7.2,2.2,5.0,2
6290,4,8,6.5,2.28,4.22,2
6291,4,1022,6.5,2.28,4.22,2
6292,1,1022,48.75,16.9,31.85,13
6293,3,952,32.4,10.8,21.6,9
6294,5,383,6.98,2.0,4.98,2
6295,4,384,3.25,1.14,2.11,1
6296,4,1023,13.0,4.56,8.44,4
6297,2,612,7.2,2.2,5.0,2
6298,2,612,3.6,1.1,2.5,1
6299,3,612,3.6,1.2,2.4,1
6300,4,128,26.0,9.12,16.88,8
6301,5,2,10.47,3.0,7.47,3
6302,4,8,13.0,4.56,8.44,4
6303,5,39,13.96,4.0,9.96,4
6304,1,65,18.75,6.5,12.25,5
6305,4,451,32.5,11.4,21.1,10
6306,1,451,26.25,9.1,17.15,7
6307,4,8,3.25,1.14,2.11,1
6308,5,71,17.45,5.0,12.45,5
6309,4,307,9.75,3.42,6.33,3
6310,2,308,7.2,2.2,5.0,2
6311,4,307,3.25,1.14,2.11,1
6312,1,307,3.75,1.3,2.45,1
6313,4,50,9.75,3.42,6.33,3
6314,1,50,7.5,2.6,4.9,2
6315,2,46,18.0,5.5,12.5,5
6316,4,50,13.0,4.56,8.44,4
6317,3,46,7.2,2.4,4.8,2
6318,4,65,6.5,2.28,4.22,2
6319,4,65,9.75,3.42,6.33,3
6320,1,968,33.75,11.7,22.05,9
6321,5,969,6.98,2.0,4.98,2
6322,1,968,3.75,1.3,2.45,1
6323,2,969,7.2,2.2,5.0,2
6324,3,1024,10.8,3.6,7.2,3
6325,4,91,9.75,3.42,6.33,3
6326,5,71,24.43,7.0,17.43,7
6327,4,618,6.5,2.28,4.22,2
6328,3,617,10.8,3.6,7.2,3
6329,3,617,21.6,7.2,14.4,6
6330,3,603,7.2,2.4,4.8,2
6331,14,1025,7.96,3.0,4.96,4
6332,1,103,33.75,11.7,22.05,9
6333,1,1026,11.25,3.9,7.35,3
6334,2,1027,25.2,7.7,17.5,7
6335,4,321,9.75,3.42,6.33,3
6336,3,322,18.0,6.0,12.0,5
6337,5,306,10.47,3.0,7.47,3
6338,5,32,6.98,2.0,4.98,2
6339,1,42,15.0,5.2,9.8,4
6340,4,832,6.5,2.28,4.22,2
6341,5,833,10.47,3.0,7.47,3
6342,2,138,7.2,2.2,5.0,2
6343,2,422,10.8,3.3,7.5,3
6344,1,781,11.25,3.9,7.35,3
6345,2,292,7.2,2.2,5.0,2
6346,2,292,25.2,7.7,17.5,7
6347,4,163,6.5,2.28,4.22,2
6348,4,91,35.75,12.54,23.21,11
6349,4,4,13.0,4.56,8.44,4
6350,5,296,31.41,9.0,22.41,9
6351,5,296,3.49,1.0,2.49,1
6352,5,170,10.47,3.0,7.47,3
6353,1,693,7.5,2.6,4.9,2
6354,4,806,3.25,1.14,2.11,1
6355,3,800,7.2,2.4,4.8,2
6356,1,1,7.5,2.6,4.9,2
6357,4,65,13.0,4.56,8.44,4
6358,3,2,7.2,2.4,4.8,2
6359,1,94,30.0,10.4,19.6,8
6360,5,1028,27.92,8.0,19.92,8
6361,1,86,26.25,9.1,17.15,7
6362,4,86,19.5,6.84,12.66,6
6363,1,86,7.5,2.6,4.9,2
6364,1,91,7.5,2.6,4.9,2
6365,2,71,10.8,3.3,7.5,3
6366,4,91,9.75,3.42,6.33,3
6367,4,4,13.0,4.56,8.44,4
6368,2,507,21.6,6.6,15.0,6
6369,1,310,22.5,7.8,14.7,6
6370,2,507,10.8,3.3,7.5,3
6371,5,2,13.96,4.0,9.96,4
6372,4,4,19.5,6.84,12.66,6
6373,5,3,6.98,2.0,4.98,2
6374,2,3,10.8,3.3,7.5,3
6375,3,3,7.2,2.4,4.8,2
6376,4,91,22.75,7.98,14.77,7
6377,2,32,7.2,2.2,5.0,2
6378,1,42,11.25,3.9,7.35,3
6379,5,404,3.49,1.0,2.49,1
6380,2,549,25.2,7.7,17.5,7
6381,5,549,6.98,2.0,4.98,2
6382,3,549,7.2,2.4,4.8,2
6383,3,38,10.8,3.6,7.2,3
6384,1,205,7.5,2.6,4.9,2
6385,5,32,6.98,2.0,4.98,2
6386,5,528,13.96,4.0,9.96,4
6387,3,3,10.8,3.6,7.2,3
6388,3,3,7.2,2.4,4.8,2
6389,4,4,9.75,3.42,6.33,3
6390,1,4,3.75,1.3,2.45,1
6391,3,132,7.2,2.4,4.8,2
6392,1,55,11.25,3.9,7.35,3
6393,5,446,6.98,2.0,4.98,2
6394,4,371,13.0,4.56,8.44,4
6395,2,603,14.4,4.4,10.0,4
6396,1,401,15.0,5.2,9.8,4
6397,3,595,10.8,3.6,7.2,3
6398,3,595,14.4,4.8,9.6,4
6399,5,3,17.45,5.0,12.45,5
6400,4,4,16.25,5.7,10.55,5
6401,3,538,7.2,2.4,4.8,2
6402,3,3,10.8,3.6,7.2,3
6403,2,3,7.2,2.2,5.0,2
6404,1,1029,26.25,9.1,17.15,7
6405,3,71,3.6,1.2,2.4,1
6406,5,38,17.45,5.0,12.45,5
6407,2,261,7.2,2.2,5.0,2
6408,1,4,15.0,5.2,9.8,4
6409,4,65,9.75,3.42,6.33,3
6410,3,412,32.4,10.8,21.6,9
6411,1,91,11.25,3.9,7.35,3
6412,5,71,3.49,1.0,2.49,1
6413,3,71,28.8,9.6,19.2,8
6414,4,4,22.75,7.98,14.77,7
6415,2,158,14.4,4.4,10.0,4
6416,3,158,10.8,3.6,7.2,3
6417,1,55,7.5,2.6,4.9,2
6418,5,132,24.43,7.0,17.43,7
6419,5,132,10.47,3.0,7.47,3
6420,4,123,6.5,2.28,4.22,2
6421,4,1030,22.75,7.98,14.77,7
6422,3,511,18.0,6.0,12.0,5
6423,3,138,7.2,2.4,4.8,2
6424,4,455,16.25,5.7,10.55,5
6425,9,1031,16.25,15.0,1.25,5
6426,3,1032,7.2,2.4,4.8,2
6427,1,4,11.25,3.9,7.35,3
6428,1,4,15.0,5.2,9.8,4
6429,4,4,16.25,5.7,10.55,5
6430,6,224,10.0,4.8,5.2,8
6431,1,4,22.5,7.8,14.7,6
6432,2,3,14.4,4.4,10.0,4
6433,3,138,50.4,16.8,33.6,14
6434,2,482,3.6,1.1,2.5,1
6435,2,482,10.8,3.3,7.5,3
6436,4,481,9.75,3.42,6.33,3
6437,3,482,7.2,2.4,4.8,2
6438,1,481,11.25,3.9,7.35,3
6439,5,482,6.98,2.0,4.98,2
6440,6,1033,2.5,1.2,1.3,2
6441,5,482,13.96,4.0,9.96,4
6442,4,1034,16.25,5.7,10.55,5
6443,4,17,16.25,5.7,10.55,5
6444,4,4,9.75,3.42,6.33,3
6445,2,378,14.4,4.4,10.0,4
6446,3,20,10.8,3.6,7.2,3
6447,4,21,9.75,3.42,6.33,3
6448,4,757,9.75,3.42,6.33,3
6449,1,757,15.0,5.2,9.8,4
6450,4,1035,13.0,4.56,8.44,4
6451,8,1036,80.0,40.0,40.0,4
6452,2,99,10.8,3.3,7.5,3
6453,3,603,3.6,1.2,2.4,1
6454,2,3,10.8,3.3,7.5,3
6455,1,4,15.0,5.2,9.8,4
6456,4,351,19.5,6.84,12.66,6
6457,5,124,10.47,3.0,7.47,3
6458,4,351,29.25,10.26,18.99,9
6459,5,124,13.96,4.0,9.96,4
6460,1,490,11.25,3.9,7.35,3
6461,2,71,7.2,2.2,5.0,2
6462,4,618,9.75,3.42,6.33,3
6463,1,618,7.5,2.6,4.9,2
6464,2,275,7.2,2.2,5.0,2
6465,1,1,15.0,5.2,9.8,4
6466,4,1,16.25,5.7,10.55,5
6467,1,1,7.5,2.6,4.9,2
6468,3,30,10.8,3.6,7.2,3
6469,4,128,45.5,15.96,29.54,14
6470,4,128,16.25,5.7,10.55,5
6471,6,119,6.25,3.0,3.25,5
6472,3,39,18.0,6.0,12.0,5
6473,3,32,7.2,2.4,4.8,2
6474,1,4,22.5,7.8,14.7,6
6475,1,4,30.0,10.4,19.6,8
6476,6,224,3.75,1.8,1.95,3
6477,3,20,25.2,8.4,16.8,7
6478,5,1037,6.98,2.0,4.98,2
6479,3,1038,21.6,7.2,14.4,6
6480,5,1038,10.47,3.0,7.47,3
6481,2,1038,7.2,2.2,5.0,2
6482,1,1039,11.25,3.9,7.35,3
6483,5,71,6.98,2.0,4.98,2
6484,5,71,17.45,5.0,12.45,5
6485,1,91,7.5,2.6,4.9,2
6486,3,71,7.2,2.4,4.8,2
6487,1,4,26.25,9.1,17.15,7
6488,5,3,10.47,3.0,7.47,3
6489,1,4,18.75,6.5,12.25,5
6490,4,50,6.5,2.28,4.22,2
6491,1,50,26.25,9.1,17.15,7
6492,2,46,7.2,2.2,5.0,2
6493,1,1040,7.5,2.6,4.9,2
6494,2,70,10.8,3.3,7.5,3
6495,2,38,28.8,8.8,20.0,8
6496,1,8,22.5,7.8,14.7,6
6497,5,38,6.98,2.0,4.98,2
6498,1,8,33.75,11.7,22.05,9
6499,5,2,45.37,13.0,32.37,13
6500,2,2,7.2,2.2,5.0,2
6501,4,128,6.5,2.28,4.22,2
6502,5,536,27.92,8.0,19.92,8
6503,1,95,7.5,2.6,4.9,2
6504,5,1041,6.98,2.0,4.98,2
6505,3,32,10.8,3.6,7.2,3
6506,2,32,10.8,3.3,7.5,3
6507,1,42,3.75,1.3,2.45,1
6508,4,283,6.5,2.28,4.22,2
6509,5,20,3.49,1.0,2.49,1
6510,2,20,14.4,4.4,10.0,4
6511,5,193,6.98,2.0,4.98,2
6512,3,193,18.0,6.0,12.0,5
6513,4,1042,9.75,3.42,6.33,3
6514,1,1042,11.25,3.9,7.35,3
6515,4,267,16.25,5.7,10.55,5
6516,1,267,11.25,3.9,7.35,3
6517,3,266,7.2,2.4,4.8,2
6518,2,266,3.6,1.1,2.5,1
6519,1,14,18.75,6.5,12.25,5
6520,3,106,25.2,8.4,16.8,7
6521,1,14,7.5,2.6,4.9,2
6522,4,120,16.25,5.7,10.55,5
6523,4,120,9.75,3.42,6.33,3
6524,1,354,15.0,5.2,9.8,4
6525,1,354,7.5,2.6,4.9,2
6526,2,286,10.8,3.3,7.5,3
6527,1,4,7.5,2.6,4.9,2
6528,4,187,6.5,2.28,4.22,2
6529,1,187,26.25,9.1,17.15,7
6530,3,81,10.8,3.6,7.2,3
6531,4,187,3.25,1.14,2.11,1
6532,4,4,6.5,2.28,4.22,2
6533,4,42,19.5,6.84,12.66,6
6534,5,32,17.45,5.0,12.45,5
6535,1,42,18.75,6.5,12.25,5
6536,2,32,21.6,6.6,15.0,6
6537,1,42,15.0,5.2,9.8,4
6538,1,42,11.25,3.9,7.35,3
6539,5,44,24.43,7.0,17.43,7
6540,1,1,11.25,3.9,7.35,3
6541,1,792,7.5,2.6,4.9,2
6542,1,792,11.25,3.9,7.35,3
6543,4,187,9.75,3.42,6.33,3
6544,1,8,15.0,5.2,9.8,4
6545,1,177,7.5,2.6,4.9,2
6546,3,44,21.6,7.2,14.4,6
6547,4,45,16.25,5.7,10.55,5
6548,1,55,7.5,2.6,4.9,2
6549,4,4,6.5,2.28,4.22,2
6550,4,45,9.75,3.42,6.33,3
6551,5,19,24.43,7.0,17.43,7
6552,2,39,36.0,11.0,25.0,10
6553,4,65,6.5,2.28,4.22,2
6554,2,39,10.8,3.3,7.5,3
6555,6,118,6.25,3.0,3.25,5
6556,2,39,14.4,4.4,10.0,4
6557,1,178,11.25,3.9,7.35,3
6558,2,1043,10.8,3.3,7.5,3
6559,5,2,6.98,2.0,4.98,2
6560,5,539,27.92,8.0,19.92,8
6561,3,539,18.0,6.0,12.0,5
6562,3,539,3.6,1.2,2.4,1
6563,3,416,7.2,2.4,4.8,2
6564,2,416,14.4,4.4,10.0,4
6565,1,4,7.5,2.6,4.9,2
6566,5,3,3.49,1.0,2.49,1
6567,4,45,6.5,2.28,4.22,2
6568,5,44,6.98,2.0,4.98,2
6569,1,45,7.5,2.6,4.9,2
6570,5,44,27.92,8.0,19.92,8
6571,2,261,14.4,4.4,10.0,4
6572,5,54,6.98,2.0,4.98,2
6573,5,54,24.43,7.0,17.43,7
6574,2,54,18.0,5.5,12.5,5
6575,4,8,16.25,5.7,10.55,5
6576,3,38,7.2,2.4,4.8,2
6577,2,38,18.0,5.5,12.5,5
6578,4,8,6.5,2.28,4.22,2
6579,2,38,7.2,2.2,5.0,2
6580,2,32,18.0,5.5,12.5,5
6581,4,45,29.25,10.26,18.99,9
6582,3,44,7.2,2.4,4.8,2
6583,5,44,6.98,2.0,4.98,2
6584,2,44,10.8,3.3,7.5,3
6585,1,855,11.25,3.9,7.35,3
6586,5,854,10.47,3.0,7.47,3
6587,4,4,13.0,4.56,8.44,4
6588,2,107,10.8,3.3,7.5,3
6589,5,3,6.98,2.0,4.98,2
6590,1,14,7.5,2.6,4.9,2
6591,1,14,30.0,10.4,19.6,8
6592,2,44,7.2,2.2,5.0,2
6593,5,20,6.98,2.0,4.98,2
6594,4,45,6.5,2.28,4.22,2
6595,3,338,7.2,2.4,4.8,2
6596,3,38,7.2,2.4,4.8,2
6597,4,8,19.5,6.84,12.66,6
6598,2,38,14.4,4.4,10.0,4
6599,1,4,7.5,2.6,4.9,2
6600,5,318,31.41,9.0,22.41,9
6601,2,3,14.4,4.4,10.0,4
6602,5,3,6.98,2.0,4.98,2
6603,4,42,22.75,7.98,14.77,7
6604,2,3,7.2,2.2,5.0,2
6605,4,4,6.5,2.28,4.22,2
6606,2,3,3.6,1.1,2.5,1
6607,2,3,21.6,6.6,15.0,6
6608,5,3,31.41,9.0,22.41,9
6609,3,3,18.0,6.0,12.0,5
6610,4,1044,13.0,4.56,8.44,4
6611,3,1045,10.8,3.6,7.2,3
6612,4,65,9.75,3.42,6.33,3
6613,1,4,3.75,1.3,2.45,1
6614,2,299,7.2,2.2,5.0,2
6615,1,42,11.25,3.9,7.35,3
6616,1,721,26.25,9.1,17.15,7
6617,5,157,10.47,3.0,7.47,3
6618,1,1,11.25,3.9,7.35,3
6619,9,1046,6.5,6.0,0.5,2
6620,5,1047,6.98,2.0,4.98,2
6621,5,1047,10.47,3.0,7.47,3
6622,1,1048,7.5,2.6,4.9,2
6623,1,1048,3.75,1.3,2.45,1
6624,2,38,21.6,6.6,15.0,6
6625,3,38,10.8,3.6,7.2,3
6626,4,91,9.75,3.42,6.33,3
6627,1,4,48.75,16.9,31.85,13
6628,5,595,10.47,3.0,7.47,3
6629,5,595,24.43,7.0,17.43,7
6630,2,261,7.2,2.2,5.0,2
6631,4,177,6.5,2.28,4.22,2
6632,3,176,7.2,2.4,4.8,2
6633,4,177,3.25,1.14,2.11,1
6634,4,177,29.25,10.26,18.99,9
6635,2,138,10.8,3.3,7.5,3
6636,2,138,18.0,5.5,12.5,5
6637,5,743,17.45,5.0,12.45,5
6638,3,743,25.2,8.4,16.8,7
6639,2,124,3.6,1.1,2.5,1
6640,5,1049,24.43,7.0,17.43,7
6641,3,1049,18.0,6.0,12.0,5
6642,2,273,14.4,4.4,10.0,4
6643,2,435,14.4,4.4,10.0,4
6644,8,119,200.0,100.0,100.0,10
6645,2,44,32.4,9.9,22.5,9
6646,5,39,6.98,2.0,4.98,2
6647,5,39,10.47,3.0,7.47,3
6648,3,71,10.8,3.6,7.2,3
6649,4,91,6.5,2.28,4.22,2
6650,2,457,10.8,3.3,7.5,3
6651,1,975,7.5,2.6,4.9,2
6652,1,128,3.75,1.3,2.45,1
6653,5,30,10.47,3.0,7.47,3
6654,4,50,6.5,2.28,4.22,2
6655,2,46,3.6,1.1,2.5,1
6656,2,32,3.6,1.1,2.5,1
6657,9,236,9.75,9.0,0.75,3
6658,2,38,7.2,2.2,5.0,2
6659,2,32,3.6,1.1,2.5,1
6660,5,32,6.98,2.0,4.98,2
6661,1,42,26.25,9.1,17.15,7
6662,4,1050,6.5,2.28,4.22,2
6663,1,519,26.25,9.1,17.15,7
6664,4,314,22.75,7.98,14.77,7
6665,5,31,13.96,4.0,9.96,4
6666,2,31,14.4,4.4,10.0,4
6667,3,3,10.8,3.6,7.2,3
6668,4,65,9.75,3.42,6.33,3
6669,2,545,14.4,4.4,10.0,4
6670,5,39,24.43,7.0,17.43,7
6671,1,65,15.0,5.2,9.8,4
6672,4,65,16.25,5.7,10.55,5
6673,1,1,15.0,5.2,9.8,4
6674,4,1,16.25,5.7,10.55,5
6675,1,55,15.0,5.2,9.8,4
6676,4,55,9.75,3.42,6.33,3
6677,4,313,13.0,4.56,8.44,4
6678,2,3,3.6,1.1,2.5,1
6679,1,822,11.25,3.9,7.35,3
6680,3,916,25.2,8.4,16.8,7
6681,5,124,6.98,2.0,4.98,2
6682,3,124,7.2,2.4,4.8,2
6683,3,124,3.6,1.2,2.4,1
6684,3,124,21.6,7.2,14.4,6
6685,5,373,10.47,3.0,7.47,3
6686,1,1051,7.5,2.6,4.9,2
6687,4,45,6.5,2.28,4.22,2
6688,4,45,19.5,6.84,12.66,6
6689,5,946,6.98,2.0,4.98,2
6690,4,700,6.5,2.28,4.22,2
6691,2,946,7.2,2.2,5.0,2
6692,5,946,3.49,1.0,2.49,1
6693,2,3,14.4,4.4,10.0,4
6694,5,3,3.49,1.0,2.49,1
6695,2,3,7.2,2.2,5.0,2
6696,4,4,13.0,4.56,8.44,4
6697,1,1052,37.5,13.0,24.5,10
6698,5,557,13.96,4.0,9.96,4
6699,2,557,10.8,3.3,7.5,3
6700,3,557,10.8,3.6,7.2,3
6701,1,1052,15.0,5.2,9.8,4
6702,3,53,10.8,3.6,7.2,3
6703,2,53,10.8,3.3,7.5,3
6704,5,266,3.49,1.0,2.49,1
6705,4,1053,9.75,3.42,6.33,3
6706,4,1054,6.5,2.28,4.22,2
6707,1,123,3.75,1.3,2.45,1
6708,3,72,14.4,4.8,9.6,4
6709,1,123,11.25,3.9,7.35,3
6710,3,72,3.6,1.2,2.4,1
6711,4,123,6.5,2.28,4.22,2
6712,4,45,9.75,3.42,6.33,3
6713,3,44,18.0,6.0,12.0,5
6714,5,44,20.94,6.0,14.94,6
6715,3,2,18.0,6.0,12.0,5
6716,4,1,9.75,3.42,6.33,3
6717,4,1,19.5,6.84,12.66,6
6718,2,2,10.8,3.3,7.5,3
6719,3,413,46.8,15.6,31.2,13
6720,3,413,3.6,1.2,2.4,1
6721,3,413,7.2,2.4,4.8,2
6722,2,132,7.2,2.2,5.0,2
6723,5,2,27.92,8.0,19.92,8
6724,1,1,7.5,2.6,4.9,2
6725,1,42,11.25,3.9,7.35,3
6726,2,46,10.8,3.3,7.5,3
6727,1,50,18.75,6.5,12.25,5
6728,3,1055,18.0,6.0,12.0,5
6729,3,1055,10.8,3.6,7.2,3
6730,5,308,6.98,2.0,4.98,2
6731,1,307,7.5,2.6,4.9,2
6732,5,44,10.47,3.0,7.47,3
6733,2,44,10.8,3.3,7.5,3
6734,5,507,10.47,3.0,7.47,3
6735,3,507,18.0,6.0,12.0,5
6736,3,1056,14.4,4.8,9.6,4
6737,1,1057,7.5,2.6,4.9,2
6738,4,55,16.25,5.7,10.55,5
6739,5,1058,20.94,6.0,14.94,6
6740,5,47,17.45,5.0,12.45,5
6741,2,47,10.8,3.3,7.5,3
6742,1,4,33.75,11.7,22.05,9
6743,2,3,7.2,2.2,5.0,2
6744,4,4,6.5,2.28,4.22,2
6745,4,96,9.75,3.42,6.33,3
6746,4,471,6.5,2.28,4.22,2
6747,3,56,18.0,6.0,12.0,5
6748,5,2,20.94,6.0,14.94,6
6749,2,2,7.2,2.2,5.0,2
6750,1,1,15.0,5.2,9.8,4
6751,4,45,9.75,3.42,6.33,3
6752,5,44,3.49,1.0,2.49,1
6753,2,44,7.2,2.2,5.0,2
6754,2,169,3.6,1.1,2.5,1
6755,3,180,3.6,1.2,2.4,1
6756,1,693,15.0,5.2,9.8,4
6757,5,170,17.45,5.0,12.45,5
6758,4,693,3.25,1.14,2.11,1
6759,2,963,3.6,1.1,2.5,1
6760,4,820,19.5,6.84,12.66,6
6761,9,1008,13.0,12.0,1.0,4
6762,4,313,26.0,9.12,16.88,8
6763,1,1059,26.25,9.1,17.15,7
6764,4,693,19.5,6.84,12.66,6
6765,4,693,6.5,2.28,4.22,2
6766,2,170,10.8,3.3,7.5,3
6767,5,292,24.43,7.0,17.43,7
6768,5,292,20.94,6.0,14.94,6
6769,1,403,7.5,2.6,4.9,2
6770,3,292,7.2,2.4,4.8,2
6771,5,1060,3.49,1.0,2.49,1
6772,3,1060,28.8,9.6,19.2,8
6773,1,381,11.25,3.9,7.35,3
6774,4,381,6.5,2.28,4.22,2
6775,1,305,11.25,3.9,7.35,3
6776,5,539,13.96,4.0,9.96,4
6777,2,704,10.8,3.3,7.5,3
6778,5,180,20.94,6.0,14.94,6
6779,1,1061,3.75,1.3,2.45,1
6780,2,11,7.2,2.2,5.0,2
6781,5,621,13.96,4.0,9.96,4
6782,3,556,10.8,3.6,7.2,3
6783,2,299,21.6,6.6,15.0,6
6784,4,563,29.25,10.26,18.99,9
6785,2,760,14.4,4.4,10.0,4
6786,4,759,26.0,9.12,16.88,8
6787,3,3,7.2,2.4,4.8,2
6788,2,3,7.2,2.2,5.0,2
6789,2,3,10.8,3.3,7.5,3
6790,5,3,13.96,4.0,9.96,4
6791,5,556,10.47,3.0,7.47,3
6792,1,42,7.5,2.6,4.9,2
6793,3,71,32.4,10.8,21.6,9
6794,4,217,13.0,4.56,8.44,4
6795,3,216,7.2,2.4,4.8,2
6796,4,217,9.75,3.42,6.33,3
6797,1,217,7.5,2.6,4.9,2
6798,3,131,14.4,4.8,9.6,4
6799,1,374,3.75,1.3,2.45,1
6800,4,374,9.75,3.42,6.33,3
6801,3,131,7.2,2.4,4.8,2
6802,3,87,10.8,3.6,7.2,3
6803,4,451,3.25,1.14,2.11,1
6804,4,4,6.5,2.28,4.22,2
6805,3,3,10.8,3.6,7.2,3
6806,5,3,6.98,2.0,4.98,2
6807,5,3,31.41,9.0,22.41,9
6808,4,4,3.25,1.14,2.11,1
6809,1,403,11.25,3.9,7.35,3
6810,1,109,3.75,1.3,2.45,1
6811,5,27,13.96,4.0,9.96,4
6812,1,527,22.5,7.8,14.7,6
6813,5,38,6.98,2.0,4.98,2
6814,1,8,37.5,13.0,24.5,10
6815,2,38,10.8,3.3,7.5,3
6816,3,218,10.8,3.6,7.2,3
6817,2,218,32.4,9.9,22.5,9
6818,1,65,3.75,1.3,2.45,1
6819,4,65,9.75,3.42,6.33,3
6820,4,205,13.0,4.56,8.44,4
6821,2,20,21.6,6.6,15.0,6
6822,4,21,16.25,5.7,10.55,5
6823,1,227,15.0,5.2,9.8,4
6824,2,158,25.2,7.7,17.5,7
6825,3,1062,10.8,3.6,7.2,3
6826,4,1063,6.5,2.28,4.22,2
6827,4,1064,26.0,9.12,16.88,8
6828,4,1064,29.25,10.26,18.99,9
6829,2,32,10.8,3.3,7.5,3
6830,5,39,27.92,8.0,19.92,8
6831,2,39,14.4,4.4,10.0,4
6832,4,65,32.5,11.4,21.1,10
6833,3,2,18.0,6.0,12.0,5
6834,1,1004,11.25,3.9,7.35,3
6835,4,1,19.5,6.84,12.66,6
6836,4,1,6.5,2.28,4.22,2
6837,4,1,16.25,5.7,10.55,5
6838,5,2,3.49,1.0,2.49,1
6839,4,723,13.0,4.56,8.44,4
6840,1,1,7.5,2.6,4.9,2
6841,2,38,3.6,1.1,2.5,1
6842,1,8,15.0,5.2,9.8,4
6843,4,8,19.5,6.84,12.66,6
6844,9,1065,9.75,9.0,0.75,3
6845,2,1066,18.0,5.5,12.5,5
6846,8,1067,120.0,60.0,60.0,6
6847,3,1066,25.2,8.4,16.8,7
6848,4,1068,9.75,3.42,6.33,3
6849,1,1068,26.25,9.1,17.15,7
6850,6,1069,2.5,1.2,1.3,2
6851,1,301,3.75,1.3,2.45,1
6852,4,301,13.0,4.56,8.44,4
6853,1,1,3.75,1.3,2.45,1
6854,1,4,3.75,1.3,2.45,1
6855,4,4,3.25,1.14,2.11,1
6856,1,4,15.0,5.2,9.8,4
6857,12,391,3.0,1.6,1.4,2
6858,4,4,19.5,6.84,12.66,6
6859,4,21,29.25,10.26,18.99,9
6860,5,20,17.45,5.0,12.45,5
6861,3,461,10.8,3.6,7.2,3
6862,1,1070,7.5,2.6,4.9,2
6863,2,3,10.8,3.3,7.5,3
6864,4,467,16.25,5.7,10.55,5
6865,5,466,20.94,6.0,14.94,6
6866,5,71,10.47,3.0,7.47,3
6867,1,91,7.5,2.6,4.9,2
6868,5,44,13.96,4.0,9.96,4
6869,5,675,10.47,3.0,7.47,3
6870,3,675,18.0,6.0,12.0,5
6871,1,4,11.25,3.9,7.35,3
6872,3,3,21.6,7.2,14.4,6
6873,2,32,14.4,4.4,10.0,4
6874,2,827,10.8,3.3,7.5,3
6875,2,38,21.6,6.6,15.0,6
6876,4,8,16.25,5.7,10.55,5
6877,2,387,10.8,3.3,7.5,3
6878,2,844,7.2,2.2,5.0,2
6879,2,272,10.8,3.3,7.5,3
6880,5,36,3.49,1.0,2.49,1
6881,1,35,11.25,3.9,7.35,3
6882,4,35,3.25,1.14,2.11,1
6883,5,2,10.47,3.0,7.47,3
6884,4,1,9.75,3.42,6.33,3
6885,5,2,13.96,4.0,9.96,4
6886,4,1,32.5,11.4,21.1,10
6887,3,3,7.2,2.4,4.8,2
6888,4,4,9.75,3.42,6.33,3
6889,2,3,32.4,9.9,22.5,9
6890,3,3,10.8,3.6,7.2,3
6891,4,4,13.0,4.56,8.44,4
6892,5,3,17.45,5.0,12.45,5
6893,4,4,6.5,2.28,4.22,2
6894,5,30,31.41,9.0,22.41,9
6895,3,30,7.2,2.4,4.8,2
6896,5,30,10.47,3.0,7.47,3
6897,2,32,32.4,9.9,22.5,9
6898,2,46,3.6,1.1,2.5,1
6899,3,1071,7.2,2.4,4.8,2
6900,5,1071,24.43,7.0,17.43,7
6901,4,384,16.25,5.7,10.55,5
6902,5,383,6.98,2.0,4.98,2
6903,2,383,18.0,5.5,12.5,5
6904,4,384,9.75,3.42,6.33,3
6905,2,1001,36.0,11.0,25.0,10
6906,5,1001,6.98,2.0,4.98,2
6907,3,341,7.2,2.4,4.8,2
6908,3,2,10.8,3.6,7.2,3
6909,5,1072,17.45,5.0,12.45,5
6910,3,43,7.2,2.4,4.8,2
6911,3,82,7.2,2.4,4.8,2
6912,7,1073,9.0,4.8,4.2,6
6913,2,1074,10.8,3.3,7.5,3
6914,1,1042,7.5,2.6,4.9,2
6915,1,283,11.25,3.9,7.35,3
6916,4,283,39.0,13.68,25.32,12
6917,5,282,20.94,6.0,14.94,6
6918,5,71,20.94,6.0,14.94,6
6919,5,71,13.96,4.0,9.96,4
6920,1,91,3.75,1.3,2.45,1
6921,4,4,6.5,2.28,4.22,2
6922,5,3,20.94,6.0,14.94,6
6923,2,32,14.4,4.4,10.0,4
6924,3,202,32.4,10.8,21.6,9
6925,2,2,21.6,6.6,15.0,6
6926,5,2,6.98,2.0,4.98,2
6927,1,255,11.25,3.9,7.35,3
6928,2,1075,10.8,3.3,7.5,3
6929,2,675,14.4,4.4,10.0,4
6930,4,764,3.25,1.14,2.11,1
6931,1,764,3.75,1.3,2.45,1
6932,3,77,7.2,2.4,4.8,2
6933,1,78,26.25,9.1,17.15,7
6934,4,78,6.5,2.28,4.22,2
6935,1,78,11.25,3.9,7.35,3
6936,5,77,6.98,2.0,4.98,2
6937,3,77,3.6,1.2,2.4,1
6938,4,78,16.25,5.7,10.55,5
6939,4,55,9.75,3.42,6.33,3
6940,1,55,11.25,3.9,7.35,3
6941,1,55,18.75,6.5,12.25,5
6942,5,132,10.47,3.0,7.47,3
6943,2,132,7.2,2.2,5.0,2
6944,3,39,10.8,3.6,7.2,3
6945,1,65,7.5,2.6,4.9,2
6946,1,65,15.0,5.2,9.8,4
6947,5,39,6.98,2.0,4.98,2
6948,5,556,13.96,4.0,9.96,4
6949,5,556,6.98,2.0,4.98,2
6950,2,556,46.8,14.3,32.5,13
6951,1,777,3.75,1.3,2.45,1
6952,1,55,7.5,2.6,4.9,2
6953,2,38,18.0,5.5,12.5,5
6954,3,261,18.0,6.0,12.0,5
6955,1,340,11.25,3.9,7.35,3
6956,5,176,31.41,9.0,22.41,9
6957,5,798,3.49,1.0,2.49,1
6958,4,1,19.5,6.84,12.66,6
6959,1,1,11.25,3.9,7.35,3
6960,5,72,3.49,1.0,2.49,1
6961,4,123,22.75,7.98,14.77,7
6962,2,72,39.6,12.1,27.5,11
6963,6,1076,1.25,0.6,0.65,1
6964,2,44,7.2,2.2,5.0,2
6965,2,138,18.0,5.5,12.5,5
6966,3,138,10.8,3.6,7.2,3
6967,5,138,13.96,4.0,9.96,4
6968,4,354,16.25,5.7,10.55,5
6969,3,138,7.2,2.4,4.8,2
6970,4,4,16.25,5.7,10.55,5
6971,3,3,25.2,8.4,16.8,7
6972,8,224,80.0,40.0,40.0,4
6973,5,70,3.49,1.0,2.49,1
6974,3,70,7.2,2.4,4.8,2
6975,1,8,11.25,3.9,7.35,3
6976,5,627,13.96,4.0,9.96,4
6977,5,71,31.41,9.0,22.41,9
6978,6,358,6.25,3.0,3.25,5
6979,2,39,3.6,1.1,2.5,1
6980,4,65,6.5,2.28,4.22,2
6981,3,39,7.2,2.4,4.8,2
6982,3,39,14.4,4.8,9.6,4
6983,2,39,14.4,4.4,10.0,4
6984,5,39,10.47,3.0,7.47,3
6985,3,922,10.8,3.6,7.2,3
6986,2,922,18.0,5.5,12.5,5
6987,5,922,13.96,4.0,9.96,4
6988,2,3,7.2,2.2,5.0,2
6989,1,4,11.25,3.9,7.35,3
6990,2,3,10.8,3.3,7.5,3
6991,4,4,22.75,7.98,14.77,7
6992,2,878,25.2,7.7,17.5,7
6993,3,878,7.2,2.4,4.8,2
6994,5,878,10.47,3.0,7.47,3
6995,3,191,7.2,2.4,4.8,2
6996,5,191,13.96,4.0,9.96,4
6997,2,47,25.2,7.7,17.5,7
6998,1,584,11.25,3.9,7.35,3
6999,4,1077,13.0,4.56,8.44,4
7000,1,18,18.75,6.5,12.25,5
7001,2,19,7.2,2.2,5.0,2
7002,4,18,6.5,2.28,4.22,2
7003,2,2,10.8,3.3,7.5,3
7004,4,1,9.75,3.42,6.33,3
7005,3,2,14.4,4.8,9.6,4
7006,3,2,3.6,1.2,2.4,1
7007,4,42,3.25,1.14,2.11,1
7008,5,765,20.94,6.0,14.94,6
7009,5,61,10.47,3.0,7.47,3
7010,4,97,16.25,5.7,10.55,5
7011,4,354,9.75,3.42,6.33,3
7012,5,138,24.43,7.0,17.43,7
7013,1,354,30.0,10.4,19.6,8
7014,1,354,7.5,2.6,4.9,2
7015,4,8,16.25,5.7,10.55,5
7016,4,45,29.25,10.26,18.99,9
7017,3,652,7.2,2.4,4.8,2
7018,3,652,14.4,4.8,9.6,4
7019,1,1078,7.5,2.6,4.9,2
7020,8,728,100.0,50.0,50.0,5
7021,4,357,16.25,5.7,10.55,5
7022,3,356,10.8,3.6,7.2,3
7023,4,401,26.0,9.12,16.88,8
7024,5,400,10.47,3.0,7.47,3
7025,2,400,21.6,6.6,15.0,6
7026,1,401,11.25,3.9,7.35,3
7027,4,45,16.25,5.7,10.55,5
7028,2,44,10.8,3.3,7.5,3
7029,5,1079,17.45,5.0,12.45,5
7030,4,65,6.5,2.28,4.22,2
7031,6,388,2.5,1.2,1.3,2
7032,4,637,6.5,2.28,4.22,2
7033,3,636,7.2,2.4,4.8,2
7034,2,782,14.4,4.4,10.0,4
7035,2,20,7.2,2.2,5.0,2
7036,1,8,15.0,5.2,9.8,4
7037,1,8,7.5,2.6,4.9,2
7038,4,8,16.25,5.7,10.55,5
7039,1,1080,18.75,6.5,12.25,5
7040,1,1080,11.25,3.9,7.35,3
7041,3,148,21.6,7.2,14.4,6
7042,5,30,41.88,12.0,29.88,12
7043,5,157,17.45,5.0,12.45,5
7044,3,157,25.2,8.4,16.8,7
7045,4,1081,9.75,3.42,6.33,3
7046,5,800,3.49,1.0,2.49,1
7047,9,1082,19.5,18.0,1.5,6
7048,1,1083,18.75,6.5,12.25,5
7049,2,2,14.4,4.4,10.0,4
7050,4,302,13.0,4.56,8.44,4
7051,5,132,13.96,4.0,9.96,4
7052,2,2,32.4,9.9,22.5,9
7053,3,815,18.0,6.0,12.0,5
7054,3,815,7.2,2.4,4.8,2
7055,3,815,28.8,9.6,19.2,8
7056,1,585,33.75,11.7,22.05,9
7057,2,32,18.0,5.5,12.5,5
7058,5,32,17.45,5.0,12.45,5
7059,5,32,20.94,6.0,14.94,6
7060,4,42,6.5,2.28,4.22,2
7061,2,32,10.8,3.3,7.5,3
7062,1,45,33.75,11.7,22.05,9
7063,5,380,3.49,1.0,2.49,1
7064,4,1084,9.75,3.42,6.33,3
7065,1,1084,7.5,2.6,4.9,2
7066,2,39,10.8,3.3,7.5,3
7067,3,46,18.0,6.0,12.0,5
7068,2,3,7.2,2.2,5.0,2
7069,4,940,22.75,7.98,14.77,7
7070,2,75,14.4,4.4,10.0,4
7071,2,156,10.8,3.3,7.5,3
7072,4,8,13.0,4.56,8.44,4
7073,1,8,33.75,11.7,22.05,9
7074,3,38,10.8,3.6,7.2,3
7075,2,39,7.2,2.2,5.0,2
7076,5,38,17.45,5.0,12.45,5
7077,1,42,37.5,13.0,24.5,10
7078,6,118,3.75,1.8,1.95,3
7079,2,54,25.2,7.7,17.5,7
7080,1,327,26.25,9.1,17.15,7
7081,3,2,10.8,3.6,7.2,3
7082,5,2,24.43,7.0,17.43,7
7083,1,656,11.25,3.9,7.35,3
7084,2,891,7.2,2.2,5.0,2
7085,4,186,26.0,9.12,16.88,8
7086,4,8,19.5,6.84,12.66,6
7087,4,8,13.0,4.56,8.44,4
7088,3,291,7.2,2.4,4.8,2
7089,2,291,7.2,2.2,5.0,2
7090,3,291,10.8,3.6,7.2,3
7091,1,340,30.0,10.4,19.6,8
7092,3,261,21.6,7.2,14.4,6
7093,1,390,15.0,5.2,9.8,4
7094,3,569,21.6,7.2,14.4,6
7095,1,390,7.5,2.6,4.9,2
7096,2,569,7.2,2.2,5.0,2
7097,2,3,18.0,5.5,12.5,5
7098,2,3,21.6,6.6,15.0,6
7099,4,4,6.5,2.28,4.22,2
7100,2,3,25.2,7.7,17.5,7
7101,1,4,7.5,2.6,4.9,2
7102,4,4,13.0,4.56,8.44,4
7103,3,3,14.4,4.8,9.6,4
7104,2,3,10.8,3.3,7.5,3
7105,2,762,21.6,6.6,15.0,6
7106,1,128,3.75,1.3,2.45,1
7107,2,30,18.0,5.5,12.5,5
7108,2,30,10.8,3.3,7.5,3
7109,5,3,6.98,2.0,4.98,2
7110,5,711,24.43,7.0,17.43,7
7111,2,711,10.8,3.3,7.5,3
7112,1,570,11.25,3.9,7.35,3
7113,3,874,10.8,3.6,7.2,3
7114,1,873,3.75,1.3,2.45,1
7115,3,15,3.6,1.2,2.4,1
7116,4,8,6.5,2.28,4.22,2
7117,4,8,13.0,4.56,8.44,4
7118,1,8,26.25,9.1,17.15,7
7119,4,8,16.25,5.7,10.55,5
7120,4,8,9.75,3.42,6.33,3
7121,2,2,10.8,3.3,7.5,3
7122,5,295,13.96,4.0,9.96,4
7123,3,295,3.6,1.2,2.4,1
7124,4,294,6.5,2.28,4.22,2
7125,5,2,10.47,3.0,7.47,3
7126,5,2,13.96,4.0,9.96,4
7127,1,10,7.5,2.6,4.9,2
7128,1,650,7.5,2.6,4.9,2
7129,1,650,15.0,5.2,9.8,4
7130,2,147,10.8,3.3,7.5,3
7131,1,4,11.25,3.9,7.35,3
7132,5,3,13.96,4.0,9.96,4
7133,3,169,10.8,3.6,7.2,3
7134,2,1032,14.4,4.4,10.0,4
7135,4,4,9.75,3.42,6.33,3
7136,2,3,21.6,6.6,15.0,6
7137,4,4,6.5,2.28,4.22,2
7138,2,242,10.8,3.3,7.5,3
7139,2,242,7.2,2.2,5.0,2
7140,3,242,10.8,3.6,7.2,3
7141,3,242,18.0,6.0,12.0,5
7142,3,30,18.0,6.0,12.0,5
7143,5,254,3.49,1.0,2.49,1
7144,3,254,3.6,1.2,2.4,1
7145,1,741,7.5,2.6,4.9,2
7146,3,254,7.2,2.4,4.8,2
7147,1,741,26.25,9.1,17.15,7
7148,2,132,7.2,2.2,5.0,2
7149,3,2,14.4,4.8,9.6,4
7150,3,266,14.4,4.8,9.6,4
7151,4,267,6.5,2.28,4.22,2
7152,2,266,3.6,1.1,2.5,1
7153,2,3,14.4,4.4,10.0,4
7154,4,4,6.5,2.28,4.22,2
7155,1,8,18.75,6.5,12.25,5
7156,5,38,6.98,2.0,4.98,2
7157,3,38,7.2,2.4,4.8,2
7158,2,251,21.6,6.6,15.0,6
7159,1,1,11.25,3.9,7.35,3
7160,3,162,25.2,8.4,16.8,7
7161,4,120,16.25,5.7,10.55,5
7162,4,120,13.0,4.56,8.44,4
7163,1,514,7.5,2.6,4.9,2
7164,5,513,3.49,1.0,2.49,1
7165,4,1,19.5,6.84,12.66,6
7166,3,535,10.8,3.6,7.2,3
7167,2,535,10.8,3.3,7.5,3
7168,4,42,13.0,4.56,8.44,4
7169,1,42,22.5,7.8,14.7,6
7170,4,163,9.75,3.42,6.33,3
7171,9,281,6.5,6.0,0.5,2
7172,2,3,18.0,5.5,12.5,5
7173,3,3,7.2,2.4,4.8,2
7174,5,3,6.98,2.0,4.98,2
7175,4,1023,9.75,3.42,6.33,3
7176,2,132,7.2,2.2,5.0,2
7177,2,621,21.6,6.6,15.0,6
7178,6,1085,6.25,3.0,3.25,5
7179,5,2,13.96,4.0,9.96,4
7180,4,1,6.5,2.28,4.22,2
7181,4,877,6.5,2.28,4.22,2
7182,2,3,3.6,1.1,2.5,1
7183,2,3,7.2,2.2,5.0,2
7184,3,3,3.6,1.2,2.4,1
7185,1,471,18.75,6.5,12.25,5
7186,3,339,3.6,1.2,2.4,1
7187,5,339,6.98,2.0,4.98,2
7188,3,339,25.2,8.4,16.8,7
7189,4,302,3.25,1.14,2.11,1
7190,1,354,11.25,3.9,7.35,3
7191,4,1,19.5,6.84,12.66,6
7192,3,39,18.0,6.0,12.0,5
7193,1,65,11.25,3.9,7.35,3
7194,5,901,20.94,6.0,14.94,6
7195,4,324,22.75,7.98,14.77,7
7196,4,324,13.0,4.56,8.44,4
7197,2,2,10.8,3.3,7.5,3
7198,3,20,10.8,3.6,7.2,3
7199,4,21,3.25,1.14,2.11,1
7200,2,20,25.2,7.7,17.5,7
7201,2,20,14.4,4.4,10.0,4
7202,1,21,11.25,3.9,7.35,3
7203,4,21,9.75,3.42,6.33,3
7204,2,138,7.2,2.2,5.0,2
7205,1,4,15.0,5.2,9.8,4
7206,2,3,7.2,2.2,5.0,2
7207,2,3,21.6,6.6,15.0,6
7208,4,4,6.5,2.28,4.22,2
7209,1,4,7.5,2.6,4.9,2
7210,2,3,3.6,1.1,2.5,1
7211,4,181,16.25,5.7,10.55,5
7212,3,124,7.2,2.4,4.8,2
7213,3,3,21.6,7.2,14.4,6
7214,2,3,25.2,7.7,17.5,7
7215,2,2,28.8,8.8,20.0,8
7216,3,2,21.6,7.2,14.4,6
7217,4,334,22.75,7.98,14.77,7
7218,1,546,22.5,7.8,14.7,6
7219,4,8,9.75,3.42,6.33,3
7220,5,38,17.45,5.0,12.45,5
7221,2,39,10.8,3.3,7.5,3
7222,1,91,18.75,6.5,12.25,5
7223,5,39,10.47,3.0,7.47,3
7224,3,39,18.0,6.0,12.0,5
7225,4,65,6.5,2.28,4.22,2
7226,2,32,10.8,3.3,7.5,3
7227,5,216,13.96,4.0,9.96,4
7228,5,788,13.96,4.0,9.96,4
7229,1,1086,3.75,1.3,2.45,1
7230,5,162,24.43,7.0,17.43,7
7231,4,710,13.0,4.56,8.44,4
7232,3,722,18.0,6.0,12.0,5
7233,5,722,31.41,9.0,22.41,9
7234,1,340,22.5,7.8,14.7,6
7235,3,20,18.0,6.0,12.0,5
7236,1,313,11.25,3.9,7.35,3
7237,3,180,14.4,4.8,9.6,4
7238,4,741,9.75,3.42,6.33,3
7239,2,3,3.6,1.1,2.5,1
7240,5,3,6.98,2.0,4.98,2
7241,1,546,15.0,5.2,9.8,4
7242,4,10,9.75,3.42,6.33,3
7243,1,947,15.0,5.2,9.8,4
7244,2,1087,10.8,3.3,7.5,3
7245,4,947,3.25,1.14,2.11,1
7246,3,1087,7.2,2.4,4.8,2
7247,2,151,18.0,5.5,12.5,5
7248,1,324,33.75,11.7,22.05,9
7249,2,3,25.2,7.7,17.5,7
7250,4,302,9.75,3.42,6.33,3
7251,2,228,10.8,3.3,7.5,3
7252,4,721,13.0,4.56,8.44,4
7253,4,1,3.25,1.14,2.11,1
7254,1,1,11.25,3.9,7.35,3
7255,2,2,7.2,2.2,5.0,2
7256,3,44,10.8,3.6,7.2,3
7257,1,65,15.0,5.2,9.8,4
7258,5,39,20.94,6.0,14.94,6
7259,1,65,37.5,13.0,24.5,10
7260,5,39,6.98,2.0,4.98,2
7261,4,65,9.75,3.42,6.33,3
7262,1,313,3.75,1.3,2.45,1
7263,1,8,11.25,3.9,7.35,3
7264,5,916,6.98,2.0,4.98,2
7265,3,916,21.6,7.2,14.4,6
7266,2,916,18.0,5.5,12.5,5
7267,3,916,7.2,2.4,4.8,2
7268,4,822,42.25,14.82,27.43,13
7269,2,333,18.0,5.5,12.5,5
7270,3,333,10.8,3.6,7.2,3
7271,2,685,18.0,5.5,12.5,5
7272,3,1088,18.0,6.0,12.0,5
7273,1,8,7.5,2.6,4.9,2
7274,3,38,21.6,7.2,14.4,6
7275,1,628,15.0,5.2,9.8,4
7276,3,1089,10.8,3.6,7.2,3
7277,4,1090,9.75,3.42,6.33,3
7278,5,499,6.98,2.0,4.98,2
7279,3,43,21.6,7.2,14.4,6
7280,4,564,29.25,10.26,18.99,9
7281,2,43,7.2,2.2,5.0,2
7282,4,430,9.75,3.42,6.33,3
7283,1,4,15.0,5.2,9.8,4
7284,4,4,9.75,3.42,6.33,3
7285,1,4,26.25,9.1,17.15,7
7286,3,3,7.2,2.4,4.8,2
7287,2,3,7.2,2.2,5.0,2
7288,1,1091,11.25,3.9,7.35,3
7289,5,364,6.98,2.0,4.98,2
7290,5,364,10.47,3.0,7.47,3
7291,2,364,3.6,1.1,2.5,1
7292,5,3,17.45,5.0,12.45,5
7293,5,71,24.43,7.0,17.43,7
7294,13,1092,4.5,2.7,1.8,3
7295,4,59,13.0,4.56,8.44,4
7296,6,1093,3.75,1.8,1.95,3
7297,3,32,7.2,2.4,4.8,2
7298,5,44,20.94,6.0,14.94,6
7299,1,45,11.25,3.9,7.35,3
7300,5,32,27.92,8.0,19.92,8
7301,1,42,11.25,3.9,7.35,3
7302,2,619,18.0,5.5,12.5,5
7303,1,960,7.5,2.6,4.9,2
7304,5,694,10.47,3.0,7.47,3
7305,2,694,10.8,3.3,7.5,3
7306,3,1094,10.8,3.6,7.2,3
7307,4,1095,13.0,4.56,8.44,4
7308,4,1095,6.5,2.28,4.22,2
7309,5,39,13.96,4.0,9.96,4
7310,4,1,3.25,1.14,2.11,1
7311,3,3,10.8,3.6,7.2,3
7312,5,3,24.43,7.0,17.43,7
7313,7,1096,4.5,2.4,2.1,3
7314,2,435,10.8,3.3,7.5,3
7315,4,4,6.5,2.28,4.22,2
7316,2,3,7.2,2.2,5.0,2
7317,3,32,7.2,2.4,4.8,2
7318,4,42,29.25,10.26,18.99,9
7319,9,309,6.5,6.0,0.5,2
7320,3,1097,7.2,2.4,4.8,2
7321,8,135,60.0,30.0,30.0,3
7322,2,1032,7.2,2.2,5.0,2
7323,5,1032,10.47,3.0,7.47,3
7324,1,1084,7.5,2.6,4.9,2
7325,3,1032,18.0,6.0,12.0,5
7326,1,1084,11.25,3.9,7.35,3
7327,5,1032,31.41,9.0,22.41,9
7328,3,1032,25.2,8.4,16.8,7
7329,3,1032,3.6,1.2,2.4,1
7330,2,1032,10.8,3.3,7.5,3
7331,3,1032,10.8,3.6,7.2,3
7332,4,1084,9.75,3.42,6.33,3
7333,2,603,25.2,7.7,17.5,7
7334,5,603,13.96,4.0,9.96,4
7335,4,571,22.75,7.98,14.77,7
7336,5,603,3.49,1.0,2.49,1
7337,4,571,9.75,3.42,6.33,3
7338,4,571,6.5,2.28,4.22,2
7339,4,18,22.75,7.98,14.77,7
7340,2,19,25.2,7.7,17.5,7
7341,5,19,17.45,5.0,12.45,5
7342,1,551,11.25,3.9,7.35,3
7343,4,551,16.25,5.7,10.55,5
7344,5,113,6.98,2.0,4.98,2
7345,1,76,11.25,3.9,7.35,3
7346,1,76,7.5,2.6,4.9,2
7347,2,1098,10.8,3.3,7.5,3
7348,2,272,14.4,4.4,10.0,4
7349,2,272,10.8,3.3,7.5,3
7350,5,272,10.47,3.0,7.47,3
7351,1,570,15.0,5.2,9.8,4
7352,2,272,32.4,9.9,22.5,9
7353,4,570,16.25,5.7,10.55,5
7354,5,2,3.49,1.0,2.49,1
7355,5,446,6.98,2.0,4.98,2
7356,5,261,3.49,1.0,2.49,1
7357,4,340,16.25,5.7,10.55,5
7358,4,340,6.5,2.28,4.22,2
7359,2,1099,18.0,5.5,12.5,5
7360,5,1099,13.96,4.0,9.96,4
7361,1,1100,11.25,3.9,7.35,3
7362,2,1099,3.6,1.1,2.5,1
7363,5,38,3.49,1.0,2.49,1
7364,4,8,9.75,3.42,6.33,3
7365,5,38,17.45,5.0,12.45,5
7366,3,38,7.2,2.4,4.8,2
7367,4,8,26.0,9.12,16.88,8
7368,3,38,10.8,3.6,7.2,3
7369,5,38,38.39,11.0,27.39,11
7370,3,39,7.2,2.4,4.8,2
7371,5,39,27.92,8.0,19.92,8
7372,5,39,6.98,2.0,4.98,2
7373,3,39,14.4,4.8,9.6,4
7374,2,39,7.2,2.2,5.0,2
7375,3,39,3.6,1.2,2.4,1
7376,5,38,13.96,4.0,9.96,4
7377,4,8,6.5,2.28,4.22,2
7378,1,91,18.75,6.5,12.25,5
7379,2,46,25.2,7.7,17.5,7
7380,4,51,6.5,2.28,4.22,2
7381,3,206,7.2,2.4,4.8,2
7382,3,3,18.0,6.0,12.0,5
7383,2,32,10.8,3.3,7.5,3
7384,3,32,21.6,7.2,14.4,6
7385,4,42,22.75,7.98,14.77,7
7386,1,42,15.0,5.2,9.8,4
7387,2,400,3.6,1.1,2.5,1
7388,1,102,15.0,5.2,9.8,4
7389,2,747,7.2,2.2,5.0,2
7390,2,747,25.2,7.7,17.5,7
7391,3,747,10.8,3.6,7.2,3
7392,4,355,6.5,2.28,4.22,2
7393,5,1101,13.96,4.0,9.96,4
7394,5,1102,6.98,2.0,4.98,2
7395,2,1102,7.2,2.2,5.0,2
7396,1,259,7.5,2.6,4.9,2
7397,1,305,26.25,9.1,17.15,7
7398,9,222,3.25,3.0,0.25,1
7399,2,38,21.6,6.6,15.0,6
7400,2,44,18.0,5.5,12.5,5
7401,2,261,10.8,3.3,7.5,3
7402,4,91,6.5,2.28,4.22,2
7403,4,313,13.0,4.56,8.44,4
7404,3,180,7.2,2.4,4.8,2
7405,4,313,3.25,1.14,2.11,1
7406,2,180,7.2,2.2,5.0,2
7407,2,992,10.8,3.3,7.5,3
7408,2,992,25.2,7.7,17.5,7
7409,5,992,6.98,2.0,4.98,2
7410,3,992,10.8,3.6,7.2,3
7411,1,351,33.75,11.7,22.05,9
7412,5,2,10.47,3.0,7.47,3
7413,5,2,13.96,4.0,9.96,4
7414,5,2,3.49,1.0,2.49,1
7415,3,794,3.6,1.2,2.4,1
7416,4,793,13.0,4.56,8.44,4
7417,1,8,18.75,6.5,12.25,5
7418,3,38,25.2,8.4,16.8,7
7419,3,38,18.0,6.0,12.0,5
7420,1,297,3.75,1.3,2.45,1
7421,5,38,6.98,2.0,4.98,2
7422,5,3,6.98,2.0,4.98,2
7423,3,3,25.2,8.4,16.8,7
7424,5,1024,27.92,8.0,19.92,8
7425,2,3,10.8,3.3,7.5,3
7426,1,1103,3.75,1.3,2.45,1
7427,1,42,11.25,3.9,7.35,3
7428,5,32,10.47,3.0,7.47,3
7429,3,32,18.0,6.0,12.0,5
7430,1,290,7.5,2.6,4.9,2
7431,2,515,21.6,6.6,15.0,6
7432,2,370,7.2,2.2,5.0,2
7433,2,370,14.4,4.4,10.0,4
7434,5,271,6.98,2.0,4.98,2
7435,5,44,6.98,2.0,4.98,2
7436,1,781,15.0,5.2,9.8,4
7437,4,781,6.5,2.28,4.22,2
7438,2,422,21.6,6.6,15.0,6
7439,4,781,19.5,6.84,12.66,6
7440,2,2,10.8,3.3,7.5,3
7441,3,1104,10.8,3.6,7.2,3
7442,4,65,9.75,3.42,6.33,3
7443,4,65,19.5,6.84,12.66,6
7444,4,21,16.25,5.7,10.55,5
7445,4,21,13.0,4.56,8.44,4
7446,2,3,3.6,1.1,2.5,1
7447,2,441,18.0,5.5,12.5,5
7448,3,71,14.4,4.8,9.6,4
7449,4,163,9.75,3.42,6.33,3
7450,4,163,22.75,7.98,14.77,7
7451,5,162,20.94,6.0,14.94,6
7452,5,727,17.45,5.0,12.45,5
7453,5,39,10.47,3.0,7.47,3
7454,3,39,18.0,6.0,12.0,5
7455,5,441,24.43,7.0,17.43,7
7456,4,45,3.25,1.14,2.11,1
7457,5,800,13.96,4.0,9.96,4
7458,2,535,7.2,2.2,5.0,2
7459,2,535,25.2,7.7,17.5,7
7460,4,559,6.5,2.28,4.22,2
7461,3,30,10.8,3.6,7.2,3
7462,2,30,10.8,3.3,7.5,3
7463,2,30,18.0,5.5,12.5,5
7464,1,971,18.75,6.5,12.25,5
7465,4,4,3.25,1.14,2.11,1
7466,4,4,22.75,7.98,14.77,7
7467,5,38,6.98,2.0,4.98,2
7468,4,8,16.25,5.7,10.55,5
7469,2,38,3.6,1.1,2.5,1
7470,2,39,18.0,5.5,12.5,5
7471,1,65,11.25,3.9,7.35,3
7472,2,3,7.2,2.2,5.0,2
7473,3,433,28.8,9.6,19.2,8
7474,6,817,3.75,1.8,1.95,3
7475,4,205,16.25,5.7,10.55,5
7476,4,205,6.5,2.28,4.22,2
7477,5,125,10.47,3.0,7.47,3
7478,5,180,6.98,2.0,4.98,2
7479,2,38,7.2,2.2,5.0,2
7480,2,2,10.8,3.3,7.5,3
7481,1,1,11.25,3.9,7.35,3
7482,3,2,21.6,7.2,14.4,6
7483,1,1,22.5,7.8,14.7,6
7484,5,421,3.49,1.0,2.49,1
7485,1,852,3.75,1.3,2.45,1
7486,2,1105,18.0,5.5,12.5,5
7487,5,71,13.96,4.0,9.96,4
7488,4,4,3.25,1.14,2.11,1
7489,3,202,10.8,3.6,7.2,3
7490,3,202,14.4,4.8,9.6,4
7491,4,45,9.75,3.42,6.33,3
7492,4,45,13.0,4.56,8.44,4
7493,3,44,10.8,3.6,7.2,3
7494,1,926,18.75,6.5,12.25,5
7495,1,926,15.0,5.2,9.8,4
7496,4,926,16.25,5.7,10.55,5
7497,4,926,6.5,2.28,4.22,2
7498,5,308,24.43,7.0,17.43,7
7499,3,308,7.2,2.4,4.8,2
7500,5,308,10.47,3.0,7.47,3
7501,4,205,9.75,3.42,6.33,3
7502,4,205,16.25,5.7,10.55,5
7503,4,55,16.25,5.7,10.55,5
7504,3,132,14.4,4.8,9.6,4
7505,4,55,9.75,3.42,6.33,3
7506,3,646,3.6,1.2,2.4,1
7507,3,646,7.2,2.4,4.8,2
7508,1,302,11.25,3.9,7.35,3
7509,2,156,14.4,4.4,10.0,4
7510,2,156,7.2,2.2,5.0,2
7511,1,1106,11.25,3.9,7.35,3
7512,2,239,7.2,2.2,5.0,2
7513,5,1107,10.47,3.0,7.47,3
7514,5,132,6.98,2.0,4.98,2
7515,1,55,7.5,2.6,4.9,2
7516,2,132,21.6,6.6,15.0,6
7517,4,65,16.25,5.7,10.55,5
7518,5,39,6.98,2.0,4.98,2
7519,2,218,10.8,3.3,7.5,3
7520,3,218,14.4,4.8,9.6,4
7521,2,218,3.6,1.1,2.5,1
7522,5,218,3.49,1.0,2.49,1
7523,1,1108,11.25,3.9,7.35,3
7524,2,754,21.6,6.6,15.0,6
7525,5,754,10.47,3.0,7.47,3
7526,1,1108,15.0,5.2,9.8,4
7527,2,151,10.8,3.3,7.5,3
7528,4,324,6.5,2.28,4.22,2
7529,4,324,9.75,3.42,6.33,3
7530,5,2,13.96,4.0,9.96,4
7531,4,1,22.75,7.98,14.77,7
7532,4,1,9.75,3.42,6.33,3
7533,4,42,9.75,3.42,6.33,3
7534,4,42,6.5,2.28,4.22,2
7535,5,32,13.96,4.0,9.96,4
7536,2,714,25.2,7.7,17.5,7
7537,2,328,21.6,6.6,15.0,6
7538,2,328,18.0,5.5,12.5,5
7539,2,168,10.8,3.3,7.5,3
7540,1,354,7.5,2.6,4.9,2
7541,4,354,6.5,2.28,4.22,2
7542,4,1109,22.75,7.98,14.77,7
7543,2,38,14.4,4.4,10.0,4
7544,2,38,10.8,3.3,7.5,3
7545,4,8,16.25,5.7,10.55,5
7546,3,30,10.8,3.6,7.2,3
7547,5,30,10.47,3.0,7.47,3
7548,3,30,21.6,7.2,14.4,6
7549,4,128,9.75,3.42,6.33,3
7550,3,44,14.4,4.8,9.6,4
7551,5,162,24.43,7.0,17.43,7
7552,4,856,22.75,7.98,14.77,7
7553,5,365,17.45,5.0,12.45,5
7554,5,365,6.98,2.0,4.98,2
7555,6,358,2.5,1.2,1.3,2
7556,11,1092,7.5,3.0,4.5,2
7557,1,102,7.5,2.6,4.9,2
7558,3,54,18.0,6.0,12.0,5
7559,4,102,6.5,2.28,4.22,2
7560,3,54,7.2,2.4,4.8,2
7561,4,1110,16.25,5.7,10.55,5
7562,10,1111,40.0,8.0,32.0,4
7563,5,916,10.47,3.0,7.47,3
7564,5,605,17.45,5.0,12.45,5
7565,2,605,14.4,4.4,10.0,4
7566,4,42,16.25,5.7,10.55,5
7567,5,32,10.47,3.0,7.47,3
7568,4,42,9.75,3.42,6.33,3
7569,5,39,31.41,9.0,22.41,9
7570,1,91,11.25,3.9,7.35,3
7571,1,91,26.25,9.1,17.15,7
7572,3,20,7.2,2.4,4.8,2
7573,5,3,17.45,5.0,12.45,5
7574,4,8,6.5,2.28,4.22,2
7575,3,38,18.0,6.0,12.0,5
7576,3,567,7.2,2.4,4.8,2
7577,5,1112,6.98,2.0,4.98,2
7578,5,71,13.96,4.0,9.96,4
7579,1,42,26.25,9.1,17.15,7
7580,2,32,18.0,5.5,12.5,5
7581,1,123,3.75,1.3,2.45,1
7582,2,72,18.0,5.5,12.5,5
7583,3,308,10.8,3.6,7.2,3
7584,5,308,17.45,5.0,12.45,5
7585,3,38,7.2,2.4,4.8,2
7586,1,1113,7.5,2.6,4.9,2
7587,6,1114,2.5,1.2,1.3,2
7588,4,323,16.25,5.7,10.55,5
7589,4,323,26.0,9.12,16.88,8
7590,9,1115,26.0,24.0,2.0,8
7591,5,661,6.98,2.0,4.98,2
7592,2,3,14.4,4.4,10.0,4
7593,5,44,10.47,3.0,7.47,3
7594,2,3,18.0,5.5,12.5,5
7595,8,224,100.0,50.0,50.0,5
7596,3,3,3.6,1.2,2.4,1
7597,1,4,11.25,3.9,7.35,3
7598,4,584,3.25,1.14,2.11,1
7599,4,885,6.5,2.28,4.22,2
7600,5,39,13.96,4.0,9.96,4
7601,1,1116,7.5,2.6,4.9,2
7602,2,1117,7.2,2.2,5.0,2
7603,5,1117,24.43,7.0,17.43,7
7604,5,1117,17.45,5.0,12.45,5
7605,4,8,22.75,7.98,14.77,7
7606,15,161,22.5,5.0,17.5,5
7607,3,105,10.8,3.6,7.2,3
7608,4,305,26.0,9.12,16.88,8
7609,2,2,28.8,8.8,20.0,8
7610,2,202,7.2,2.2,5.0,2
7611,5,39,20.94,6.0,14.94,6
7612,2,39,25.2,7.7,17.5,7
7613,6,118,15.0,7.2,7.8,12
7614,1,65,11.25,3.9,7.35,3
7615,2,39,21.6,6.6,15.0,6
7616,1,111,7.5,2.6,4.9,2
7617,4,451,3.25,1.14,2.11,1
7618,5,71,13.96,4.0,9.96,4
7619,5,226,6.98,2.0,4.98,2
7620,2,226,7.2,2.2,5.0,2
7621,2,226,10.8,3.3,7.5,3
7622,4,312,22.75,7.98,14.77,7
7623,1,312,11.25,3.9,7.35,3
7624,2,147,10.8,3.3,7.5,3
7625,3,506,7.2,2.4,4.8,2
7626,1,354,22.5,7.8,14.7,6
7627,2,138,7.2,2.2,5.0,2
7628,2,138,50.4,15.4,35.0,14
7629,1,354,11.25,3.9,7.35,3
7630,5,617,3.49,1.0,2.49,1
7631,5,617,10.47,3.0,7.47,3
7632,5,44,6.98,2.0,4.98,2
7633,3,533,25.2,8.4,16.8,7
7634,5,533,6.98,2.0,4.98,2
7635,1,177,11.25,3.9,7.35,3
7636,3,180,3.6,1.2,2.4,1
7637,1,471,7.5,2.6,4.9,2
7638,1,471,22.5,7.8,14.7,6
7639,2,874,14.4,4.4,10.0,4
7640,1,128,7.5,2.6,4.9,2
7641,1,1118,11.25,3.9,7.35,3
7642,5,800,10.47,3.0,7.47,3
7643,5,191,17.45,5.0,12.45,5
7644,2,191,7.2,2.2,5.0,2
7645,3,191,32.4,10.8,21.6,9
7646,5,2,10.47,3.0,7.47,3
7647,4,1,16.25,5.7,10.55,5
7648,1,1,7.5,2.6,4.9,2
7649,4,1,32.5,11.4,21.1,10
7650,2,2,3.6,1.1,2.5,1
7651,2,44,10.8,3.3,7.5,3
7652,2,1105,18.0,5.5,12.5,5
7653,2,1105,10.8,3.3,7.5,3
7654,4,852,22.75,7.98,14.77,7
7655,2,38,25.2,7.7,17.5,7
7656,5,38,10.47,3.0,7.47,3
7657,2,512,3.6,1.1,2.5,1
7658,4,51,22.75,7.98,14.77,7
7659,4,51,16.25,5.7,10.55,5
7660,1,51,3.75,1.3,2.45,1
7661,1,51,11.25,3.9,7.35,3
7662,2,602,14.4,4.4,10.0,4
7663,2,1119,18.0,5.5,12.5,5
7664,4,1120,3.25,1.14,2.11,1
7665,5,1119,10.47,3.0,7.47,3
7666,1,21,11.25,3.9,7.35,3
7667,3,3,7.2,2.4,4.8,2
7668,1,8,15.0,5.2,9.8,4
7669,4,456,13.0,4.56,8.44,4
7670,4,42,9.75,3.42,6.33,3
7671,1,570,30.0,10.4,19.6,8
7672,4,1121,13.0,4.56,8.44,4
7673,1,65,18.75,6.5,12.25,5
7674,4,1122,9.75,3.42,6.33,3
7675,5,2,20.94,6.0,14.94,6
7676,5,2,10.47,3.0,7.47,3
7677,1,50,18.75,6.5,12.25,5
7678,4,50,9.75,3.42,6.33,3
7679,5,3,20.94,6.0,14.94,6
7680,1,4,26.25,9.1,17.15,7
7681,4,1123,6.5,2.28,4.22,2
7682,4,1123,19.5,6.84,12.66,6
7683,4,42,6.5,2.28,4.22,2
7684,3,71,3.6,1.2,2.4,1
7685,4,91,6.5,2.28,4.22,2
7686,2,71,10.8,3.3,7.5,3
7687,4,1124,6.5,2.28,4.22,2
7688,2,1125,10.8,3.3,7.5,3
7689,1,1124,30.0,10.4,19.6,8
7690,4,1124,9.75,3.42,6.33,3
7691,4,17,6.5,2.28,4.22,2
7692,3,593,7.2,2.4,4.8,2
7693,5,1126,17.45,5.0,12.45,5
7694,4,65,22.75,7.98,14.77,7
7695,4,452,9.75,3.42,6.33,3
7696,3,306,7.2,2.4,4.8,2
7697,4,8,9.75,3.42,6.33,3
7698,4,4,16.25,5.7,10.55,5
7699,5,44,27.92,8.0,19.92,8
7700,2,44,18.0,5.5,12.5,5
7701,2,686,21.6,6.6,15.0,6
7702,5,71,3.49,1.0,2.49,1
7703,3,71,18.0,6.0,12.0,5
7704,1,91,7.5,2.6,4.9,2
7705,3,71,3.6,1.2,2.4,1
7706,5,291,3.49,1.0,2.49,1
7707,2,291,28.8,8.8,20.0,8
7708,3,291,25.2,8.4,16.8,7
7709,2,291,7.2,2.2,5.0,2
7710,3,81,14.4,4.8,9.6,4
7711,5,725,6.98,2.0,4.98,2
7712,4,726,9.75,3.42,6.33,3
7713,5,725,17.45,5.0,12.45,5
7714,5,725,20.94,6.0,14.94,6
7715,1,128,7.5,2.6,4.9,2
7716,2,30,18.0,5.5,12.5,5
7717,4,128,26.0,9.12,16.88,8
7718,5,30,27.92,8.0,19.92,8
7719,4,128,3.25,1.14,2.11,1
7720,3,30,28.8,9.6,19.2,8
7721,2,39,3.6,1.1,2.5,1
7722,2,641,7.2,2.2,5.0,2
7723,5,64,3.49,1.0,2.49,1
7724,5,2,10.47,3.0,7.47,3
7725,2,2,3.6,1.1,2.5,1
7726,3,2,14.4,4.8,9.6,4
7727,4,1,22.75,7.98,14.77,7
7728,2,458,10.8,3.3,7.5,3
7729,4,69,16.25,5.7,10.55,5
7730,3,47,10.8,3.6,7.2,3
7731,1,584,26.25,9.1,17.15,7
7732,2,132,10.8,3.3,7.5,3
7733,1,55,11.25,3.9,7.35,3
7734,1,55,15.0,5.2,9.8,4
7735,5,132,6.98,2.0,4.98,2
7736,3,38,18.0,6.0,12.0,5
7737,1,209,7.5,2.6,4.9,2
7738,2,218,10.8,3.3,7.5,3
7739,5,71,6.98,2.0,4.98,2
7740,5,71,20.94,6.0,14.94,6
7741,2,864,18.0,5.5,12.5,5
7742,1,381,26.25,9.1,17.15,7
7743,3,58,14.4,4.8,9.6,4
7744,4,381,9.75,3.42,6.33,3
7745,5,272,24.43,7.0,17.43,7
7746,3,272,10.8,3.6,7.2,3
7747,4,1081,13.0,4.56,8.44,4
7748,5,130,6.98,2.0,4.98,2
7749,3,754,32.4,10.8,21.6,9
7750,3,132,28.8,9.6,19.2,8
7751,2,722,25.2,7.7,17.5,7
7752,9,1127,13.0,12.0,1.0,4
7753,1,710,33.75,11.7,22.05,9
7754,2,3,3.6,1.1,2.5,1
7755,3,627,32.4,10.8,21.6,9
7756,4,50,9.75,3.42,6.33,3
7757,1,50,7.5,2.6,4.9,2
7758,5,1128,10.47,3.0,7.47,3
7759,1,1129,3.75,1.3,2.45,1
7760,4,302,13.0,4.56,8.44,4
7761,5,1130,10.47,3.0,7.47,3
7762,4,491,19.5,6.84,12.66,6
7763,1,491,11.25,3.9,7.35,3
7764,5,1130,20.94,6.0,14.94,6
7765,2,71,10.8,3.3,7.5,3
7766,5,499,10.47,3.0,7.47,3
7767,2,3,10.8,3.3,7.5,3
7768,3,30,14.4,4.8,9.6,4
7769,4,91,9.75,3.42,6.33,3
7770,5,556,10.47,3.0,7.47,3
7771,2,556,18.0,5.5,12.5,5
7772,5,27,10.47,3.0,7.47,3
7773,3,27,7.2,2.4,4.8,2
7774,2,27,7.2,2.2,5.0,2
7775,4,33,9.75,3.42,6.33,3
7776,5,212,38.39,11.0,27.39,11
7777,1,909,26.25,9.1,17.15,7
7778,4,909,3.25,1.14,2.11,1
7779,2,212,10.8,3.3,7.5,3
7780,4,340,13.0,4.56,8.44,4
7781,5,125,10.47,3.0,7.47,3
7782,1,4,7.5,2.6,4.9,2
7783,4,693,13.0,4.56,8.44,4
7784,4,163,13.0,4.56,8.44,4
7785,3,162,25.2,8.4,16.8,7
7786,4,312,19.5,6.84,12.66,6
7787,2,226,10.8,3.3,7.5,3
7788,1,354,18.75,6.5,12.25,5
7789,4,4,9.75,3.42,6.33,3
7790,1,4,15.0,5.2,9.8,4
7791,4,4,13.0,4.56,8.44,4
7792,4,4,22.75,7.98,14.77,7
7793,3,3,10.8,3.6,7.2,3
7794,1,4,26.25,9.1,17.15,7
7795,3,627,14.4,4.8,9.6,4
7796,4,514,22.75,7.98,14.77,7
7797,1,203,7.5,2.6,4.9,2
7798,5,1131,6.98,2.0,4.98,2
7799,4,128,16.25,5.7,10.55,5
7800,3,2,10.8,3.6,7.2,3
7801,4,1,6.5,2.28,4.22,2
7802,4,1,3.25,1.14,2.11,1
7803,5,38,10.47,3.0,7.47,3
7804,1,8,11.25,3.9,7.35,3
7805,8,1132,100.0,50.0,50.0,5
7806,4,16,13.0,4.56,8.44,4
7807,4,16,9.75,3.42,6.33,3
7808,3,277,10.8,3.6,7.2,3
7809,3,277,32.4,10.8,21.6,9
7810,1,822,11.25,3.9,7.35,3
7811,1,305,11.25,3.9,7.35,3
7812,1,305,18.75,6.5,12.25,5
7813,4,1133,19.5,6.84,12.66,6
7814,5,1134,6.98,2.0,4.98,2
7815,3,1134,7.2,2.4,4.8,2
7816,1,1133,11.25,3.9,7.35,3
7817,2,1134,18.0,5.5,12.5,5
7818,3,413,10.8,3.6,7.2,3
7819,2,413,10.8,3.3,7.5,3
7820,4,126,16.25,5.7,10.55,5
7821,4,126,22.75,7.98,14.77,7
7822,1,126,18.75,6.5,12.25,5
7823,4,872,6.5,2.28,4.22,2
7824,3,1135,25.2,8.4,16.8,7
7825,5,1135,17.45,5.0,12.45,5
7826,1,1136,7.5,2.6,4.9,2
7827,3,1135,3.6,1.2,2.4,1
7828,4,1136,16.25,5.7,10.55,5
7829,1,1136,18.75,6.5,12.25,5
7830,3,81,3.6,1.2,2.4,1
7831,3,39,10.8,3.6,7.2,3
7832,5,38,31.41,9.0,22.41,9
7833,1,8,11.25,3.9,7.35,3
7834,2,38,14.4,4.4,10.0,4
7835,5,71,31.41,9.0,22.41,9
7836,4,91,3.25,1.14,2.11,1
7837,5,71,10.47,3.0,7.47,3
7838,3,71,7.2,2.4,4.8,2
7839,4,91,22.75,7.98,14.77,7
7840,5,71,6.98,2.0,4.98,2
7841,3,71,14.4,4.8,9.6,4
7842,2,317,18.0,5.5,12.5,5
7843,5,317,17.45,5.0,12.45,5
7844,2,71,18.0,5.5,12.5,5
7845,1,91,7.5,2.6,4.9,2
7846,3,71,10.8,3.6,7.2,3
7847,4,8,22.75,7.98,14.77,7
7848,3,38,25.2,8.4,16.8,7
7849,1,65,11.25,3.9,7.35,3
7850,5,39,10.47,3.0,7.47,3
7851,4,65,9.75,3.42,6.33,3
7852,2,39,10.8,3.3,7.5,3
7853,1,65,7.5,2.6,4.9,2
7854,1,452,26.25,9.1,17.15,7
7855,5,44,6.98,2.0,4.98,2
7856,1,1137,18.75,6.5,12.25,5
7857,5,318,10.47,3.0,7.47,3
7858,4,205,16.25,5.7,10.55,5
7859,3,556,18.0,6.0,12.0,5
7860,5,441,10.47,3.0,7.47,3
7861,1,442,3.75,1.3,2.45,1
7862,4,442,13.0,4.56,8.44,4
7863,5,441,3.49,1.0,2.49,1
7864,3,3,7.2,2.4,4.8,2
7865,1,4,7.5,2.6,4.9,2
7866,4,285,6.5,2.28,4.22,2
7867,6,1138,5.0,2.4,2.6,4
7868,5,284,17.45,5.0,12.45,5
7869,3,794,18.0,6.0,12.0,5
7870,1,793,7.5,2.6,4.9,2
7871,1,8,18.75,6.5,12.25,5
7872,1,8,11.25,3.9,7.35,3
7873,1,8,11.25,3.9,7.35,3
7874,1,8,22.5,7.8,14.7,6
7875,1,4,11.25,3.9,7.35,3
7876,1,4,3.75,1.3,2.45,1
7877,1,42,11.25,3.9,7.35,3
7878,4,947,13.0,4.56,8.44,4
7879,3,1087,25.2,8.4,16.8,7
7880,5,107,20.94,6.0,14.94,6
7881,1,323,11.25,3.9,7.35,3
7882,5,2,3.49,1.0,2.49,1
7883,5,71,6.98,2.0,4.98,2
7884,4,91,9.75,3.42,6.33,3
7885,2,44,18.0,5.5,12.5,5
7886,5,44,17.45,5.0,12.45,5
7887,4,45,13.0,4.56,8.44,4
7888,3,44,18.0,6.0,12.0,5
7889,2,2,3.6,1.1,2.5,1
7890,1,1,22.5,7.8,14.7,6
7891,1,1,18.75,6.5,12.25,5
7892,4,1,9.75,3.42,6.33,3
7893,5,2,10.47,3.0,7.47,3
7894,3,44,10.8,3.6,7.2,3
7895,1,45,18.75,6.5,12.25,5
7896,2,44,7.2,2.2,5.0,2
7897,3,827,14.4,4.8,9.6,4
7898,2,827,7.2,2.2,5.0,2
7899,1,42,37.5,13.0,24.5,10
7900,1,177,11.25,3.9,7.35,3
7901,4,42,9.75,3.42,6.33,3
7902,5,32,6.98,2.0,4.98,2
7903,4,42,16.25,5.7,10.55,5
7904,1,42,3.75,1.3,2.45,1
7905,4,42,6.5,2.28,4.22,2
7906,2,32,7.2,2.2,5.0,2
7907,3,32,7.2,2.4,4.8,2
7908,4,42,13.0,4.56,8.44,4
7909,4,451,9.75,3.42,6.33,3
7910,1,902,30.0,10.4,19.6,8
7911,2,901,14.4,4.4,10.0,4
7912,2,239,18.0,5.5,12.5,5
7913,4,50,19.5,6.84,12.66,6
7914,5,39,6.98,2.0,4.98,2
7915,5,3,13.96,4.0,9.96,4
7916,2,3,7.2,2.2,5.0,2
7917,4,956,6.5,2.28,4.22,2
7918,4,4,19.5,6.84,12.66,6
7919,2,3,18.0,5.5,12.5,5
7920,1,4,7.5,2.6,4.9,2
7921,1,45,11.25,3.9,7.35,3
7922,2,44,10.8,3.3,7.5,3
7923,4,4,9.75,3.42,6.33,3
7924,5,3,20.94,6.0,14.94,6
7925,1,290,26.25,9.1,17.15,7
7926,2,619,18.0,5.5,12.5,5
7927,2,619,7.2,2.2,5.0,2
7928,4,620,9.75,3.42,6.33,3
7929,8,135,60.0,30.0,30.0,3
7930,1,8,22.5,7.8,14.7,6
7931,4,8,9.75,3.42,6.33,3
7932,5,38,6.98,2.0,4.98,2
7933,3,475,21.6,7.2,14.4,6
7934,5,475,6.98,2.0,4.98,2
7935,1,974,18.75,6.5,12.25,5
7936,3,547,10.8,3.6,7.2,3
7937,2,32,10.8,3.3,7.5,3
7938,5,32,20.94,6.0,14.94,6
7939,2,44,18.0,5.5,12.5,5
7940,1,1,7.5,2.6,4.9,2
7941,5,143,6.98,2.0,4.98,2
7942,5,143,3.49,1.0,2.49,1
7943,4,255,6.5,2.28,4.22,2
7944,2,25,21.6,6.6,15.0,6
7945,4,26,9.75,3.42,6.33,3
7946,3,25,7.2,2.4,4.8,2
7947,5,25,17.45,5.0,12.45,5
7948,5,151,6.98,2.0,4.98,2
7949,5,356,10.47,3.0,7.47,3
7950,5,3,20.94,6.0,14.94,6
7951,4,97,16.25,5.7,10.55,5
7952,1,934,7.5,2.6,4.9,2
7953,4,934,6.5,2.28,4.22,2
7954,2,247,18.0,5.5,12.5,5
7955,1,1137,11.25,3.9,7.35,3
7956,9,1139,6.5,6.0,0.5,2
7957,1,8,15.0,5.2,9.8,4
7958,6,377,2.5,1.2,1.3,2
7959,3,969,10.8,3.6,7.2,3
7960,4,968,9.75,3.42,6.33,3
7961,1,968,7.5,2.6,4.9,2
7962,3,87,18.0,6.0,12.0,5
7963,1,546,11.25,3.9,7.35,3
7964,6,1140,6.25,3.0,3.25,5
7965,4,8,22.75,7.98,14.77,7
7966,2,105,7.2,2.2,5.0,2
7967,5,105,10.47,3.0,7.47,3
7968,3,432,3.6,1.2,2.4,1
7969,4,1059,19.5,6.84,12.66,6
7970,3,810,10.8,3.6,7.2,3
7971,4,1059,6.5,2.28,4.22,2
7972,2,870,14.4,4.4,10.0,4
7973,3,38,10.8,3.6,7.2,3
7974,3,38,18.0,6.0,12.0,5
7975,4,1141,26.0,9.12,16.88,8
7976,5,1142,6.98,2.0,4.98,2
7977,3,39,21.6,7.2,14.4,6
7978,1,1143,11.25,3.9,7.35,3
7979,2,1088,3.6,1.1,2.5,1
7980,4,8,13.0,4.56,8.44,4
7981,4,8,6.5,2.28,4.22,2
7982,1,14,7.5,2.6,4.9,2
7983,5,106,6.98,2.0,4.98,2
7984,2,106,32.4,9.9,22.5,9
7985,3,106,14.4,4.8,9.6,4
7986,4,14,19.5,6.84,12.66,6
7987,2,106,14.4,4.4,10.0,4
7988,2,106,18.0,5.5,12.5,5
7989,1,21,7.5,2.6,4.9,2
7990,2,20,3.6,1.1,2.5,1
7991,5,20,17.45,5.0,12.45,5
7992,2,20,7.2,2.2,5.0,2
7993,2,167,32.4,9.9,22.5,9
7994,4,150,9.75,3.42,6.33,3
7995,1,150,30.0,10.4,19.6,8
7996,2,167,7.2,2.2,5.0,2
7997,4,8,9.75,3.42,6.33,3
7998,2,32,14.4,4.4,10.0,4
7999,1,42,15.0,5.2,9.8,4
8000,5,20,3.49,1.0,2.49,1
8001,3,734,25.2,8.4,16.8,7
8002,1,733,26.25,9.1,17.15,7
8003,5,132,10.47,3.0,7.47,3
8004,4,55,3.25,1.14,2.11,1
8005,5,2,6.98,2.0,4.98,2
8006,2,935,18.0,5.5,12.5,5
8007,3,935,18.0,6.0,12.0,5
8008,2,71,7.2,2.2,5.0,2
8009,4,91,9.75,3.42,6.33,3
8010,4,91,13.0,4.56,8.44,4
8011,2,737,14.4,4.4,10.0,4
8012,3,737,7.2,2.4,4.8,2
8013,5,32,17.45,5.0,12.45,5
8014,2,32,3.6,1.1,2.5,1
8015,9,222,3.25,3.0,0.25,1
8016,3,184,7.2,2.4,4.8,2
8017,4,65,3.25,1.14,2.11,1
8018,4,65,26.0,9.12,16.88,8
8019,1,974,18.75,6.5,12.25,5
8020,2,1126,3.6,1.1,2.5,1
8021,2,19,7.2,2.2,5.0,2
8022,5,19,10.47,3.0,7.47,3
8023,4,18,9.75,3.42,6.33,3
8024,3,19,10.8,3.6,7.2,3
8025,5,19,17.45,5.0,12.45,5
8026,5,19,20.94,6.0,14.94,6
8027,2,19,18.0,5.5,12.5,5
8028,5,38,6.98,2.0,4.98,2
8029,4,8,39.0,13.68,25.32,12
8030,5,466,10.47,3.0,7.47,3
8031,1,91,22.5,7.8,14.7,6
8032,2,1144,3.6,1.1,2.5,1
8033,1,1123,3.75,1.3,2.45,1
8034,2,280,10.8,3.3,7.5,3
8035,5,280,27.92,8.0,19.92,8
8036,5,280,13.96,4.0,9.96,4
8037,3,280,3.6,1.2,2.4,1
8038,1,1145,15.0,5.2,9.8,4
8039,4,1145,3.25,1.14,2.11,1
8040,5,225,34.9,10.0,24.9,10
8041,4,283,3.25,1.14,2.11,1
8042,4,283,16.25,5.7,10.55,5
8043,4,283,22.75,7.98,14.77,7
8044,1,283,7.5,2.6,4.9,2
8045,5,71,10.47,3.0,7.47,3
8046,5,180,3.49,1.0,2.49,1
8047,3,180,10.8,3.6,7.2,3
8048,1,313,11.25,3.9,7.35,3
8049,4,777,16.25,5.7,10.55,5
8050,3,483,10.8,3.6,7.2,3
8051,1,91,11.25,3.9,7.35,3
8052,4,91,6.5,2.28,4.22,2
8053,3,38,18.0,6.0,12.0,5
8054,1,4,15.0,5.2,9.8,4
8055,1,4,11.25,3.9,7.35,3
8056,3,3,10.8,3.6,7.2,3
8057,2,3,14.4,4.4,10.0,4
8058,3,71,18.0,6.0,12.0,5
8059,2,71,7.2,2.2,5.0,2
8060,1,1146,11.25,3.9,7.35,3
8061,1,1146,15.0,5.2,9.8,4
8062,1,8,7.5,2.6,4.9,2
8063,4,8,22.75,7.98,14.77,7
8064,1,8,26.25,9.1,17.15,7
8065,4,8,19.5,6.84,12.66,6
8066,2,37,7.2,2.2,5.0,2
8067,4,166,9.75,3.42,6.33,3
8068,2,3,3.6,1.1,2.5,1
8069,4,51,9.75,3.42,6.33,3
8070,9,1147,16.25,15.0,1.25,5
8071,3,206,25.2,8.4,16.8,7
8072,3,206,10.8,3.6,7.2,3
8073,2,39,7.2,2.2,5.0,2
8074,3,39,3.6,1.2,2.4,1
8075,4,65,13.0,4.56,8.44,4
8076,1,65,11.25,3.9,7.35,3
8077,2,44,10.8,3.3,7.5,3
8078,8,119,140.0,70.0,70.0,7
8079,4,128,22.75,7.98,14.77,7
8080,4,863,19.5,6.84,12.66,6
8081,1,1148,26.25,9.1,17.15,7
8082,2,523,18.0,5.5,12.5,5
8083,2,603,36.0,11.0,25.0,10
8084,4,571,13.0,4.56,8.44,4
8085,8,1149,140.0,70.0,70.0,7
8086,5,44,10.47,3.0,7.47,3
8087,4,45,22.75,7.98,14.77,7
8088,4,45,16.25,5.7,10.55,5
8089,4,456,13.0,4.56,8.44,4
8090,2,849,14.4,4.4,10.0,4
8091,5,849,6.98,2.0,4.98,2
8092,3,849,10.8,3.6,7.2,3
8093,4,456,22.75,7.98,14.77,7
8094,1,456,7.5,2.6,4.9,2
8095,4,456,6.5,2.28,4.22,2
8096,4,885,9.75,3.42,6.33,3
8097,1,885,7.5,2.6,4.9,2
8098,1,885,11.25,3.9,7.35,3
8099,2,861,10.8,3.3,7.5,3
8100,3,861,10.8,3.6,7.2,3
8101,5,861,10.47,3.0,7.47,3
8102,2,39,21.6,6.6,15.0,6
8103,5,1150,6.98,2.0,4.98,2
8104,5,1150,24.43,7.0,17.43,7
8105,5,1150,13.96,4.0,9.96,4
8106,1,525,22.5,7.8,14.7,6
8107,9,161,16.25,15.0,1.25,5
8108,2,38,3.6,1.1,2.5,1
8109,3,216,10.8,3.6,7.2,3
8110,14,1151,9.95,3.75,6.2,5
8111,1,697,7.5,2.6,4.9,2
8112,5,333,13.96,4.0,9.96,4
8113,4,1018,9.75,3.42,6.33,3
8114,5,1152,17.45,5.0,12.45,5
8115,3,1152,10.8,3.6,7.2,3
8116,5,31,31.41,9.0,22.41,9
8117,2,206,7.2,2.2,5.0,2
8118,2,223,7.2,2.2,5.0,2
8119,5,1153,10.47,3.0,7.47,3
8120,3,588,7.2,2.4,4.8,2
8121,5,7,6.98,2.0,4.98,2
8122,1,257,18.75,6.5,12.25,5
8123,5,7,17.45,5.0,12.45,5
8124,1,8,7.5,2.6,4.9,2
8125,5,38,17.45,5.0,12.45,5
8126,2,38,10.8,3.3,7.5,3
8127,5,38,3.49,1.0,2.49,1
8128,2,98,10.8,3.3,7.5,3
8129,3,98,18.0,6.0,12.0,5
8130,4,1154,9.75,3.42,6.33,3
8131,4,8,13.0,4.56,8.44,4
8132,4,8,29.25,10.26,18.99,9
8133,1,577,7.5,2.6,4.9,2
8134,5,396,31.41,9.0,22.41,9
8135,4,577,13.0,4.56,8.44,4
8136,5,396,27.92,8.0,19.92,8
8137,4,1155,6.5,2.28,4.22,2
8138,9,1156,13.0,12.0,1.0,4
8139,1,314,11.25,3.9,7.35,3
8140,5,31,31.41,9.0,22.41,9
8141,3,38,32.4,10.8,21.6,9
8142,1,8,7.5,2.6,4.9,2
8143,4,8,29.25,10.26,18.99,9
8144,5,38,6.98,2.0,4.98,2
8145,1,8,11.25,3.9,7.35,3
8146,5,38,17.45,5.0,12.45,5
8147,2,32,3.6,1.1,2.5,1
8148,5,32,10.47,3.0,7.47,3
8149,5,32,6.98,2.0,4.98,2
8150,2,1005,18.0,5.5,12.5,5
8151,4,1004,6.5,2.28,4.22,2
8152,3,1005,14.4,4.8,9.6,4
8153,1,1004,7.5,2.6,4.9,2
8154,4,1,9.75,3.42,6.33,3
8155,4,210,6.5,2.28,4.22,2
8156,3,180,18.0,6.0,12.0,5
8157,1,1,26.25,9.1,17.15,7
8158,2,2,18.0,5.5,12.5,5
8159,2,2,3.6,1.1,2.5,1
8160,6,674,3.75,1.8,1.95,3
8161,3,31,18.0,6.0,12.0,5
8162,4,4,6.5,2.28,4.22,2
8163,1,4,11.25,3.9,7.35,3
8164,3,3,14.4,4.8,9.6,4
8165,2,3,18.0,5.5,12.5,5
8166,3,1157,25.2,8.4,16.8,7
8167,2,1157,14.4,4.4,10.0,4
8168,1,8,18.75,6.5,12.25,5
8169,4,777,22.75,7.98,14.77,7
8170,5,127,20.94,6.0,14.94,6
8171,3,1158,14.4,4.8,9.6,4
8172,4,91,16.25,5.7,10.55,5
8173,2,71,21.6,6.6,15.0,6
8174,3,39,7.2,2.4,4.8,2
8175,3,39,25.2,8.4,16.8,7
8176,2,39,14.4,4.4,10.0,4
8177,2,446,21.6,6.6,15.0,6
8178,1,371,22.5,7.8,14.7,6
8179,3,446,18.0,6.0,12.0,5
8180,1,371,11.25,3.9,7.35,3
8181,4,42,9.75,3.42,6.33,3
8182,2,32,10.8,3.3,7.5,3
8183,4,4,9.75,3.42,6.33,3
8184,5,44,6.98,2.0,4.98,2
8185,5,77,6.98,2.0,4.98,2
8186,5,77,10.47,3.0,7.47,3
8187,2,87,7.2,2.2,5.0,2
8188,5,87,6.98,2.0,4.98,2
8189,1,451,15.0,5.2,9.8,4
8190,5,15,31.41,9.0,22.41,9
8191,1,516,26.25,9.1,17.15,7
8192,5,15,13.96,4.0,9.96,4
8193,1,516,11.25,3.9,7.35,3
8194,5,798,10.47,3.0,7.47,3
8195,4,860,22.75,7.98,14.77,7
8196,1,860,11.25,3.9,7.35,3
8197,2,1055,32.4,9.9,22.5,9
8198,2,39,14.4,4.4,10.0,4
8199,4,8,9.75,3.42,6.33,3
8200,1,8,15.0,5.2,9.8,4
8201,4,310,13.0,4.56,8.44,4
8202,2,3,10.8,3.3,7.5,3
8203,5,286,24.43,7.0,17.43,7
8204,5,286,3.49,1.0,2.49,1
8205,3,286,25.2,8.4,16.8,7
8206,3,286,7.2,2.4,4.8,2
8207,2,1159,28.8,8.8,20.0,8
8208,4,302,26.0,9.12,16.88,8
8209,4,302,6.5,2.28,4.22,2
8210,5,156,6.98,2.0,4.98,2
8211,2,141,10.8,3.3,7.5,3
8212,2,71,7.2,2.2,5.0,2
8213,3,38,18.0,6.0,12.0,5
8214,5,2,6.98,2.0,4.98,2
8215,3,2,3.6,1.2,2.4,1
8216,2,361,21.6,6.6,15.0,6
8217,5,862,24.43,7.0,17.43,7
8218,1,1160,7.5,2.6,4.9,2
8219,5,32,10.47,3.0,7.47,3
8220,4,42,9.75,3.42,6.33,3
8221,5,125,6.98,2.0,4.98,2
8222,4,21,16.25,5.7,10.55,5
8223,2,1001,10.8,3.3,7.5,3
8224,4,806,16.25,5.7,10.55,5
8225,3,333,25.2,8.4,16.8,7
8226,5,201,24.43,7.0,17.43,7
8227,1,814,11.25,3.9,7.35,3
8228,1,691,7.5,2.6,4.9,2
8229,8,1161,220.0,110.0,110.0,11
8230,2,1162,3.6,1.1,2.5,1
8231,4,691,16.25,5.7,10.55,5
8232,2,603,14.4,4.4,10.0,4
8233,2,800,18.0,5.5,12.5,5
8234,1,45,22.5,7.8,14.7,6
8235,1,45,7.5,2.6,4.9,2
8236,2,32,21.6,6.6,15.0,6
8237,5,44,13.96,4.0,9.96,4
8238,3,44,10.8,3.6,7.2,3
8239,3,44,25.2,8.4,16.8,7
8240,1,630,3.75,1.3,2.45,1
8241,1,115,11.25,3.9,7.35,3
8242,4,115,22.75,7.98,14.77,7
8243,2,116,14.4,4.4,10.0,4
8244,5,116,6.98,2.0,4.98,2
8245,3,518,32.4,10.8,21.6,9
8246,4,519,9.75,3.42,6.33,3
8247,3,44,18.0,6.0,12.0,5
8248,1,45,26.25,9.1,17.15,7
8249,1,1,7.5,2.6,4.9,2
8250,1,1,33.75,11.7,22.05,9
8251,5,2,31.41,9.0,22.41,9
8252,4,781,9.75,3.42,6.33,3
8253,1,781,15.0,5.2,9.8,4
8254,3,422,32.4,10.8,21.6,9
8255,3,422,21.6,7.2,14.4,6
8256,5,422,24.43,7.0,17.43,7
8257,2,38,39.6,12.1,27.5,11
8258,2,38,7.2,2.2,5.0,2
8259,3,38,10.8,3.6,7.2,3
8260,1,8,15.0,5.2,9.8,4
8261,2,3,10.8,3.3,7.5,3
8262,1,1,22.5,7.8,14.7,6
8263,4,1,9.75,3.42,6.33,3
8264,4,65,6.5,2.28,4.22,2
8265,5,39,17.45,5.0,12.45,5
8266,1,65,3.75,1.3,2.45,1
8267,1,65,18.75,6.5,12.25,5
8268,8,118,40.0,20.0,20.0,2
8269,3,39,18.0,6.0,12.0,5
8270,5,39,10.47,3.0,7.47,3
8271,2,39,10.8,3.3,7.5,3
8272,5,433,3.49,1.0,2.49,1
8273,4,155,9.75,3.42,6.33,3
8274,5,39,10.47,3.0,7.47,3
8275,1,65,7.5,2.6,4.9,2
8276,3,38,10.8,3.6,7.2,3
8277,4,55,22.75,7.98,14.77,7
8278,3,132,14.4,4.8,9.6,4
8279,1,340,22.5,7.8,14.7,6
8280,4,340,13.0,4.56,8.44,4
8281,4,45,9.75,3.42,6.33,3
8282,3,44,7.2,2.4,4.8,2
8283,4,67,9.75,3.42,6.33,3
8284,4,8,3.25,1.14,2.11,1
8285,4,1163,6.5,2.28,4.22,2
8286,5,1164,20.94,6.0,14.94,6
8287,4,59,9.75,3.42,6.33,3
8288,4,59,3.25,1.14,2.11,1
8289,4,111,9.75,3.42,6.33,3
8290,4,111,6.5,2.28,4.22,2
8291,1,111,11.25,3.9,7.35,3
8292,4,111,26.0,9.12,16.88,8
8293,3,600,7.2,2.4,4.8,2
8294,4,111,42.25,14.82,27.43,13
8295,3,39,10.8,3.6,7.2,3
8296,1,65,3.75,1.3,2.45,1
8297,5,39,6.98,2.0,4.98,2
8298,4,832,3.25,1.14,2.11,1
8299,4,50,22.75,7.98,14.77,7
8300,14,1165,1.99,0.75,1.24,1
8301,5,861,10.47,3.0,7.47,3
8302,4,1166,13.0,4.56,8.44,4
8303,2,945,21.6,6.6,15.0,6
8304,5,945,10.47,3.0,7.47,3
8305,7,1167,6.0,3.2,2.8,4
8306,4,91,22.75,7.98,14.77,7
8307,2,71,14.4,4.4,10.0,4
8308,4,91,6.5,2.28,4.22,2
8309,3,1168,3.6,1.2,2.4,1
8310,5,556,17.45,5.0,12.45,5
8311,2,556,7.2,2.2,5.0,2
8312,1,618,26.25,9.1,17.15,7
8313,2,3,18.0,5.5,12.5,5
8314,3,3,10.8,3.6,7.2,3
8315,2,3,3.6,1.1,2.5,1
8316,4,108,22.75,7.98,14.77,7
8317,2,107,28.8,8.8,20.0,8
8318,2,107,18.0,5.5,12.5,5
8319,2,32,50.4,15.4,35.0,14
8320,2,32,7.2,2.2,5.0,2
8321,3,32,10.8,3.6,7.2,3
8322,4,260,6.5,2.28,4.22,2
8323,3,1169,10.8,3.6,7.2,3
8324,5,202,6.98,2.0,4.98,2
8325,1,55,3.75,1.3,2.45,1
8326,4,369,16.25,5.7,10.55,5
8327,1,577,7.5,2.6,4.9,2
8328,5,1170,17.45,5.0,12.45,5
8329,3,1170,14.4,4.8,9.6,4
8330,1,1064,11.25,3.9,7.35,3
8331,5,184,17.45,5.0,12.45,5
8332,3,132,7.2,2.4,4.8,2
8333,4,1171,9.75,3.42,6.33,3
8334,2,39,7.2,2.2,5.0,2
8335,1,498,3.75,1.3,2.45,1
8336,1,498,37.5,13.0,24.5,10
8337,2,800,39.6,12.1,27.5,11
8338,3,1172,25.2,8.4,16.8,7
8339,1,1173,7.5,2.6,4.9,2
8340,3,39,21.6,7.2,14.4,6
8341,5,39,3.49,1.0,2.49,1
8342,3,3,7.2,2.4,4.8,2
8343,5,32,13.96,4.0,9.96,4
8344,3,32,10.8,3.6,7.2,3
8345,5,1174,10.47,3.0,7.47,3
8346,3,653,3.6,1.2,2.4,1
8347,1,1175,33.75,11.7,22.05,9
8348,3,106,28.8,9.6,19.2,8
8349,1,755,33.75,11.7,22.05,9
8350,2,1176,18.0,5.5,12.5,5
8351,4,128,9.75,3.42,6.33,3
8352,4,1177,6.5,2.28,4.22,2
8353,5,44,6.98,2.0,4.98,2
8354,1,45,11.25,3.9,7.35,3
8355,4,781,16.25,5.7,10.55,5
8356,2,1178,7.2,2.2,5.0,2
8357,3,1178,18.0,6.0,12.0,5
8358,2,1178,32.4,9.9,22.5,9
8359,2,1178,14.4,4.4,10.0,4
8360,1,1,18.75,6.5,12.25,5
8361,5,1179,24.43,7.0,17.43,7
8362,5,1179,27.92,8.0,19.92,8
8363,4,1166,13.0,4.56,8.44,4
8364,4,1166,6.5,2.28,4.22,2
8365,1,65,3.75,1.3,2.45,1
8366,1,354,7.5,2.6,4.9,2
8367,2,518,3.6,1.1,2.5,1
8368,1,519,15.0,5.2,9.8,4
8369,3,518,10.8,3.6,7.2,3
8370,1,519,11.25,3.9,7.35,3
8371,3,518,18.0,6.0,12.0,5
8372,4,519,3.25,1.14,2.11,1
8373,3,518,7.2,2.4,4.8,2
8374,2,32,3.6,1.1,2.5,1
8375,2,1180,10.8,3.3,7.5,3
8376,5,15,6.98,2.0,4.98,2
8377,2,15,10.8,3.3,7.5,3
8378,2,15,46.8,14.3,32.5,13
8379,4,1,9.75,3.42,6.33,3
8380,1,1,26.25,9.1,17.15,7
8381,3,523,14.4,4.8,9.6,4
8382,5,523,13.96,4.0,9.96,4
8383,5,1072,13.96,4.0,9.96,4
8384,2,1072,14.4,4.4,10.0,4
8385,3,3,3.6,1.2,2.4,1
8386,2,837,3.6,1.1,2.5,1
8387,2,837,10.8,3.3,7.5,3
8388,1,665,30.0,10.4,19.6,8
8389,2,3,18.0,5.5,12.5,5
8390,1,974,11.25,3.9,7.35,3
8391,4,4,6.5,2.28,4.22,2
8392,2,3,7.2,2.2,5.0,2
8393,5,3,13.96,4.0,9.96,4
8394,5,71,10.47,3.0,7.47,3
8395,4,91,9.75,3.42,6.33,3
8396,4,4,13.0,4.56,8.44,4
8397,3,3,25.2,8.4,16.8,7
8398,1,4,3.75,1.3,2.45,1
8399,5,3,31.41,9.0,22.41,9
8400,5,2,10.47,3.0,7.47,3
8401,2,592,18.0,5.5,12.5,5
8402,8,224,100.0,50.0,50.0,5
8403,4,745,6.5,2.28,4.22,2
8404,4,481,3.25,1.14,2.11,1
8405,2,482,25.2,7.7,17.5,7
8406,4,481,6.5,2.28,4.22,2
8407,4,1181,9.75,3.42,6.33,3
8408,4,1181,13.0,4.56,8.44,4
8409,2,1182,14.4,4.4,10.0,4
8410,4,42,13.0,4.56,8.44,4
8411,6,377,2.5,1.2,1.3,2
8412,1,42,7.5,2.6,4.9,2
8413,2,71,10.8,3.3,7.5,3
8414,5,124,13.96,4.0,9.96,4
8415,2,124,18.0,5.5,12.5,5
8416,5,124,6.98,2.0,4.98,2
8417,4,351,22.75,7.98,14.77,7
8418,8,409,100.0,50.0,50.0,5
8419,3,404,10.8,3.6,7.2,3
8420,1,405,30.0,10.4,19.6,8
8421,1,772,18.75,6.5,12.25,5
8422,4,4,3.25,1.14,2.11,1
8423,3,3,10.8,3.6,7.2,3
8424,3,202,7.2,2.4,4.8,2
8425,5,2,6.98,2.0,4.98,2
8426,5,2,10.47,3.0,7.47,3
8427,2,2,10.8,3.3,7.5,3
8428,9,236,9.75,9.0,0.75,3
8429,3,48,25.2,8.4,16.8,7
8430,4,1183,9.75,3.42,6.33,3
8431,5,132,6.98,2.0,4.98,2
8432,5,32,41.88,12.0,29.88,12
8433,1,42,18.75,6.5,12.25,5
8434,3,32,14.4,4.8,9.6,4
8435,1,1,7.5,2.6,4.9,2
8436,5,2,6.98,2.0,4.98,2
8437,3,72,10.8,3.6,7.2,3
8438,2,72,21.6,6.6,15.0,6
8439,5,72,24.43,7.0,17.43,7
8440,4,123,6.5,2.28,4.22,2
8441,2,81,3.6,1.1,2.5,1
8442,3,436,10.8,3.6,7.2,3
8443,3,3,21.6,7.2,14.4,6
8444,5,3,10.47,3.0,7.47,3
8445,1,108,3.75,1.3,2.45,1
8446,1,571,3.75,1.3,2.45,1
8447,2,3,14.4,4.4,10.0,4
8448,3,3,7.2,2.4,4.8,2
8449,1,97,7.5,2.6,4.9,2
8450,1,696,18.75,6.5,12.25,5
8451,6,1184,13.75,6.6,7.15,11
8452,2,616,7.2,2.2,5.0,2
8453,5,616,6.98,2.0,4.98,2
8454,5,616,13.96,4.0,9.96,4
8455,3,616,3.6,1.2,2.4,1
8456,3,616,14.4,4.8,9.6,4
8457,5,132,31.41,9.0,22.41,9
8458,2,132,10.8,3.3,7.5,3
8459,3,132,18.0,6.0,12.0,5
8460,2,539,50.4,15.4,35.0,14
8461,2,539,7.2,2.2,5.0,2
8462,5,32,6.98,2.0,4.98,2
8463,2,553,43.2,13.2,30.0,12
8464,1,42,18.75,6.5,12.25,5
8465,2,1185,7.2,2.2,5.0,2
8466,5,1185,3.49,1.0,2.49,1
8467,5,71,6.98,2.0,4.98,2
8468,1,1186,18.75,6.5,12.25,5
8469,4,4,13.0,4.56,8.44,4
8470,4,45,16.25,5.7,10.55,5
8471,2,44,10.8,3.3,7.5,3
8472,2,44,18.0,5.5,12.5,5
8473,4,45,19.5,6.84,12.66,6
8474,2,623,14.4,4.4,10.0,4
8475,2,38,18.0,5.5,12.5,5
8476,2,226,10.8,3.3,7.5,3
8477,4,527,6.5,2.28,4.22,2
8478,1,91,11.25,3.9,7.35,3
8479,3,71,18.0,6.0,12.0,5
8480,2,71,7.2,2.2,5.0,2
8481,5,541,10.47,3.0,7.47,3
8482,5,541,13.96,4.0,9.96,4
8483,1,189,11.25,3.9,7.35,3
8484,1,189,18.75,6.5,12.25,5
8485,3,1014,32.4,10.8,21.6,9
8486,4,1,9.75,3.42,6.33,3
8487,5,2,3.49,1.0,2.49,1
8488,4,334,9.75,3.42,6.33,3
8489,4,451,13.0,4.56,8.44,4
8490,5,87,20.94,6.0,14.94,6
8491,3,44,14.4,4.8,9.6,4
8492,3,87,7.2,2.4,4.8,2
8493,4,4,6.5,2.28,4.22,2
8494,2,3,25.2,7.7,17.5,7
8495,3,61,3.6,1.2,2.4,1
8496,5,61,24.43,7.0,17.43,7
8497,1,4,11.25,3.9,7.35,3
8498,3,457,10.8,3.6,7.2,3
8499,4,975,6.5,2.28,4.22,2
8500,5,180,17.45,5.0,12.45,5
8501,4,45,19.5,6.84,12.66,6
8502,6,224,1.25,0.6,0.65,1
8503,3,12,3.6,1.2,2.4,1
8504,3,1187,3.6,1.2,2.4,1
8505,4,904,26.0,9.12,16.88,8
8506,2,1043,10.8,3.3,7.5,3
8507,4,4,22.75,7.98,14.77,7
8508,1,4,7.5,2.6,4.9,2
8509,3,3,25.2,8.4,16.8,7
8510,3,44,14.4,4.8,9.6,4
8511,4,45,9.75,3.42,6.33,3
8512,5,180,10.47,3.0,7.47,3
8513,5,180,6.98,2.0,4.98,2
8514,4,313,9.75,3.42,6.33,3
8515,3,180,10.8,3.6,7.2,3
8516,3,180,14.4,4.8,9.6,4
8517,14,1188,11.94,4.5,7.44,6
8518,11,1188,15.0,6.0,9.0,4
8519,1,1189,7.5,2.6,4.9,2
8520,2,472,7.2,2.2,5.0,2
8521,1,1189,22.5,7.8,14.7,6
8522,3,472,7.2,2.4,4.8,2
8523,1,1189,15.0,5.2,9.8,4
8524,1,8,7.5,2.6,4.9,2
8525,1,974,18.75,6.5,12.25,5
8526,15,1190,9.0,2.0,7.0,2
8527,4,403,6.5,2.28,4.22,2
8528,2,292,18.0,5.5,12.5,5
8529,5,292,10.47,3.0,7.47,3
8530,3,292,18.0,6.0,12.0,5
8531,3,292,10.8,3.6,7.2,3
8532,2,39,3.6,1.1,2.5,1
8533,9,309,6.5,6.0,0.5,2
8534,2,39,10.8,3.3,7.5,3
8535,6,118,13.75,6.6,7.15,11
8536,3,39,14.4,4.8,9.6,4
8537,1,65,22.5,7.8,14.7,6
8538,3,71,10.8,3.6,7.2,3
8539,5,3,10.47,3.0,7.47,3
8540,4,4,9.75,3.42,6.33,3
8541,1,4,26.25,9.1,17.15,7
8542,4,451,35.75,12.54,23.21,11
8543,4,10,6.5,2.28,4.22,2
8544,2,11,14.4,4.4,10.0,4
8545,5,11,10.47,3.0,7.47,3
8546,1,8,15.0,5.2,9.8,4
8547,4,835,22.75,7.98,14.77,7
8548,5,964,13.96,4.0,9.96,4
8549,3,38,14.4,4.8,9.6,4
8550,5,658,6.98,2.0,4.98,2
8551,3,3,7.2,2.4,4.8,2
8552,2,3,10.8,3.3,7.5,3
8553,4,4,16.25,5.7,10.55,5
8554,3,116,18.0,6.0,12.0,5
8555,3,116,7.2,2.4,4.8,2
8556,3,116,25.2,8.4,16.8,7
8557,11,1191,11.25,4.5,6.75,3
8558,3,373,14.4,4.8,9.6,4
8559,4,372,13.0,4.56,8.44,4
8560,2,373,14.4,4.4,10.0,4
8561,6,1192,3.75,1.8,1.95,3
8562,3,373,21.6,7.2,14.4,6
8563,4,8,22.75,7.98,14.77,7
8564,3,596,3.6,1.2,2.4,1
8565,1,814,33.75,11.7,22.05,9
8566,4,814,13.0,4.56,8.44,4
8567,4,1,16.25,5.7,10.55,5
8568,5,71,10.47,3.0,7.47,3
8569,3,38,21.6,7.2,14.4,6
8570,6,135,2.5,1.2,1.3,2
8571,5,38,10.47,3.0,7.47,3
8572,1,45,11.25,3.9,7.35,3
8573,9,146,29.25,27.0,2.25,9
8574,3,44,14.4,4.8,9.6,4
8575,1,67,11.25,3.9,7.35,3
8576,2,539,14.4,4.4,10.0,4
8577,1,67,30.0,10.4,19.6,8
8578,5,1193,20.94,6.0,14.94,6
8579,1,524,18.75,6.5,12.25,5
8580,2,1193,14.4,4.4,10.0,4
8581,4,244,19.5,6.84,12.66,6
8582,4,244,6.5,2.28,4.22,2
8583,5,311,6.98,2.0,4.98,2
8584,4,607,45.5,15.96,29.54,14
8585,2,201,18.0,5.5,12.5,5
8586,3,201,7.2,2.4,4.8,2
8587,3,473,18.0,6.0,12.0,5
8588,3,473,7.2,2.4,4.8,2
8589,4,474,9.75,3.42,6.33,3
8590,2,473,14.4,4.4,10.0,4
8591,4,8,16.25,5.7,10.55,5
8592,3,1194,10.8,3.6,7.2,3
8593,2,1194,7.2,2.2,5.0,2
8594,5,541,10.47,3.0,7.47,3
8595,1,1195,15.0,5.2,9.8,4
8596,1,1195,7.5,2.6,4.9,2
8597,2,541,10.8,3.3,7.5,3
8598,3,32,7.2,2.4,4.8,2
8599,4,42,22.75,7.98,14.77,7
8600,2,810,10.8,3.3,7.5,3
8601,4,550,6.5,2.28,4.22,2
8602,4,4,16.25,5.7,10.55,5
8603,2,71,10.8,3.3,7.5,3
8604,1,91,30.0,10.4,19.6,8
8605,3,71,14.4,4.8,9.6,4
8606,5,39,13.96,4.0,9.96,4
8607,4,65,13.0,4.56,8.44,4
8608,2,3,14.4,4.4,10.0,4
8609,4,4,19.5,6.84,12.66,6
8610,2,56,7.2,2.2,5.0,2
8611,2,692,10.8,3.3,7.5,3
8612,5,692,10.47,3.0,7.47,3
8613,2,692,7.2,2.2,5.0,2
8614,3,692,10.8,3.6,7.2,3
8615,3,692,7.2,2.4,4.8,2
8616,2,506,7.2,2.2,5.0,2
8617,2,506,18.0,5.5,12.5,5
8618,2,38,10.8,3.3,7.5,3
8619,1,1,22.5,7.8,14.7,6
8620,1,1,7.5,2.6,4.9,2
8621,2,2,25.2,7.7,17.5,7
8622,2,237,3.6,1.1,2.5,1
8623,6,224,10.0,4.8,5.2,8
8624,1,65,7.5,2.6,4.9,2
8625,2,39,7.2,2.2,5.0,2
8626,5,39,3.49,1.0,2.49,1
8627,3,39,3.6,1.2,2.4,1
8628,2,39,10.8,3.3,7.5,3
8629,4,65,9.75,3.42,6.33,3
8630,3,39,25.2,8.4,16.8,7
8631,1,688,11.25,3.9,7.35,3
8632,1,688,15.0,5.2,9.8,4
8633,1,287,22.5,7.8,14.7,6
8634,9,222,22.75,21.0,1.75,7
8635,3,3,3.6,1.2,2.4,1
8636,5,11,10.47,3.0,7.47,3
8637,4,777,22.75,7.98,14.77,7
8638,1,777,15.0,5.2,9.8,4
8639,4,777,19.5,6.84,12.66,6
8640,6,298,3.75,1.8,1.95,3
8641,2,216,18.0,5.5,12.5,5
8642,4,1196,19.5,6.84,12.66,6
8643,5,686,17.45,5.0,12.45,5
8644,5,686,6.98,2.0,4.98,2
8645,4,246,6.5,2.28,4.22,2
8646,4,91,19.5,6.84,12.66,6
8647,4,103,26.0,9.12,16.88,8
8648,5,71,6.98,2.0,4.98,2
8649,2,39,14.4,4.4,10.0,4
8650,4,710,19.5,6.84,12.66,6
8651,4,65,9.75,3.42,6.33,3
8652,1,65,11.25,3.9,7.35,3
8653,3,39,7.2,2.4,4.8,2
8654,5,39,6.98,2.0,4.98,2
8655,2,39,10.8,3.3,7.5,3
8656,4,65,13.0,4.56,8.44,4
8657,3,513,7.2,2.4,4.8,2
8658,5,513,10.47,3.0,7.47,3
8659,8,1197,40.0,20.0,20.0,2
8660,2,612,10.8,3.3,7.5,3
8661,4,1023,9.75,3.42,6.33,3
8662,2,612,25.2,7.7,17.5,7
8663,4,8,19.5,6.84,12.66,6
8664,5,38,27.92,8.0,19.92,8
8665,1,8,7.5,2.6,4.9,2
8666,4,8,13.0,4.56,8.44,4
8667,3,38,3.6,1.2,2.4,1
8668,5,180,6.98,2.0,4.98,2
8669,5,132,6.98,2.0,4.98,2
8670,1,8,33.75,11.7,22.05,9
8671,1,1,11.25,3.9,7.35,3
8672,4,1198,6.5,2.28,4.22,2
8673,3,82,32.4,10.8,21.6,9
8674,5,82,6.98,2.0,4.98,2
8675,5,82,24.43,7.0,17.43,7
8676,3,82,7.2,2.4,4.8,2
8677,3,82,21.6,7.2,14.4,6
8678,2,138,21.6,6.6,15.0,6
8679,5,138,10.47,3.0,7.47,3
8680,5,138,6.98,2.0,4.98,2
8681,4,354,6.5,2.28,4.22,2
8682,4,91,6.5,2.28,4.22,2
8683,4,21,9.75,3.42,6.33,3
8684,3,370,18.0,6.0,12.0,5
8685,5,370,6.98,2.0,4.98,2
8686,3,370,21.6,7.2,14.4,6
8687,4,59,13.0,4.56,8.44,4
8688,2,370,18.0,5.5,12.5,5
8689,4,571,6.5,2.28,4.22,2
8690,7,391,7.5,4.0,3.5,5
8691,2,664,7.2,2.2,5.0,2
8692,2,38,7.2,2.2,5.0,2
8693,2,107,10.8,3.3,7.5,3
8694,1,1199,15.0,5.2,9.8,4
8695,2,458,18.0,5.5,12.5,5
8696,5,458,20.94,6.0,14.94,6
8697,5,458,17.45,5.0,12.45,5
8698,1,42,3.75,1.3,2.45,1
8699,5,3,10.47,3.0,7.47,3
8700,2,132,10.8,3.3,7.5,3
8701,5,3,34.9,10.0,24.9,10
8702,2,3,10.8,3.3,7.5,3
8703,15,222,22.5,5.0,17.5,5
8704,3,738,7.2,2.4,4.8,2
8705,3,738,10.8,3.6,7.2,3
8706,5,738,24.43,7.0,17.43,7
8707,3,32,18.0,6.0,12.0,5
8708,4,1200,13.0,4.56,8.44,4
8709,1,1103,30.0,10.4,19.6,8
8710,1,1103,11.25,3.9,7.35,3
8711,1,8,3.75,1.3,2.45,1
8712,4,8,6.5,2.28,4.22,2
8713,5,38,17.45,5.0,12.45,5
8714,8,817,80.0,40.0,40.0,4
8715,4,205,9.75,3.42,6.33,3
8716,8,817,140.0,70.0,70.0,7
8717,4,205,16.25,5.7,10.55,5
8718,5,125,13.96,4.0,9.96,4
8719,2,125,7.2,2.2,5.0,2
8720,1,205,30.0,10.4,19.6,8
8721,5,125,6.98,2.0,4.98,2
8722,8,529,40.0,20.0,20.0,2
8723,4,1035,6.5,2.28,4.22,2
8724,3,1201,25.2,8.4,16.8,7
8725,2,1202,10.8,3.3,7.5,3
8726,2,1203,10.8,3.3,7.5,3
8727,5,1203,17.45,5.0,12.45,5
8728,3,1203,18.0,6.0,12.0,5
8729,1,8,11.25,3.9,7.35,3
8730,3,38,7.2,2.4,4.8,2
8731,3,38,10.8,3.6,7.2,3
8732,4,65,26.0,9.12,16.88,8
8733,2,39,18.0,5.5,12.5,5
8734,3,15,3.6,1.2,2.4,1
8735,1,28,15.0,5.2,9.8,4
8736,3,29,14.4,4.8,9.6,4
8737,5,435,3.49,1.0,2.49,1
8738,2,147,10.8,3.3,7.5,3
8739,3,147,32.4,10.8,21.6,9
8740,3,147,21.6,7.2,14.4,6
8741,5,147,48.86,14.0,34.86,14
8742,4,663,9.75,3.42,6.33,3
8743,2,2,7.2,2.2,5.0,2
8744,3,2,7.2,2.4,4.8,2
8745,5,2,3.49,1.0,2.49,1
8746,4,1204,9.75,3.42,6.33,3
8747,2,32,7.2,2.2,5.0,2
8748,2,461,10.8,3.3,7.5,3
8749,5,901,6.98,2.0,4.98,2
8750,1,902,3.75,1.3,2.45,1
8751,3,2,3.6,1.2,2.4,1
8752,5,870,3.49,1.0,2.49,1
8753,3,870,3.6,1.2,2.4,1
8754,1,579,3.75,1.3,2.45,1
8755,4,778,3.25,1.14,2.11,1
8756,3,779,14.4,4.8,9.6,4
8757,4,302,9.75,3.42,6.33,3
8758,2,156,14.4,4.4,10.0,4
8759,2,156,18.0,5.5,12.5,5
8760,2,156,7.2,2.2,5.0,2
8761,1,55,3.75,1.3,2.45,1
8762,2,132,3.6,1.1,2.5,1
8763,2,132,14.4,4.4,10.0,4
8764,1,55,18.75,6.5,12.25,5
8765,2,1205,18.0,5.5,12.5,5
8766,5,1205,3.49,1.0,2.49,1
8767,4,45,9.75,3.42,6.33,3
8768,5,39,6.98,2.0,4.98,2
8769,3,39,7.2,2.4,4.8,2
8770,2,39,3.6,1.1,2.5,1
8771,5,3,10.47,3.0,7.47,3
8772,4,321,3.25,1.14,2.11,1
8773,2,322,10.8,3.3,7.5,3
8774,5,821,13.96,4.0,9.96,4
8775,3,82,7.2,2.4,4.8,2
8776,4,1206,19.5,6.84,12.66,6
8777,2,580,14.4,4.4,10.0,4
8778,4,347,16.25,5.7,10.55,5
8779,3,3,3.6,1.2,2.4,1
8780,4,4,29.25,10.26,18.99,9
8781,3,3,10.8,3.6,7.2,3
8782,2,964,14.4,4.4,10.0,4
8783,2,964,7.2,2.2,5.0,2
8784,2,71,7.2,2.2,5.0,2
8785,1,91,3.75,1.3,2.45,1
8786,8,358,80.0,40.0,40.0,4
8787,1,91,18.75,6.5,12.25,5
8788,5,71,10.47,3.0,7.47,3
8789,1,91,7.5,2.6,4.9,2
8790,6,358,2.5,1.2,1.3,2
8791,4,91,3.25,1.14,2.11,1
8792,3,32,10.8,3.6,7.2,3
8793,2,539,28.8,8.8,20.0,8
8794,3,539,10.8,3.6,7.2,3
8795,2,539,10.8,3.3,7.5,3
8796,4,753,6.5,2.28,4.22,2
8797,3,44,18.0,6.0,12.0,5
8798,5,44,6.98,2.0,4.98,2
8799,2,44,18.0,5.5,12.5,5
8800,4,190,6.5,2.28,4.22,2
8801,4,190,13.0,4.56,8.44,4
8802,4,190,3.25,1.14,2.11,1
8803,4,8,9.75,3.42,6.33,3
8804,2,138,7.2,2.2,5.0,2
8805,3,138,10.8,3.6,7.2,3
8806,4,354,3.25,1.14,2.11,1
8807,5,378,20.94,6.0,14.94,6
8808,2,39,14.4,4.4,10.0,4
8809,1,65,7.5,2.6,4.9,2
8810,3,39,18.0,6.0,12.0,5
8811,4,293,9.75,3.42,6.33,3
8812,3,79,18.0,6.0,12.0,5
8813,2,39,7.2,2.2,5.0,2
8814,5,3,17.45,5.0,12.45,5
8815,3,3,3.6,1.2,2.4,1
8816,5,3,10.47,3.0,7.47,3
8817,5,3,38.39,11.0,27.39,11
8818,4,4,9.75,3.42,6.33,3
8819,5,3,6.98,2.0,4.98,2
8820,2,3,32.4,9.9,22.5,9
8821,1,4,7.5,2.6,4.9,2
8822,3,3,14.4,4.8,9.6,4
8823,4,4,6.5,2.28,4.22,2
8824,3,3,10.8,3.6,7.2,3
8825,3,3,7.2,2.4,4.8,2
8826,2,458,18.0,5.5,12.5,5
8827,1,554,7.5,2.6,4.9,2
8828,3,158,7.2,2.4,4.8,2
8829,2,158,10.8,3.3,7.5,3
8830,2,180,3.6,1.1,2.5,1
8831,1,313,7.5,2.6,4.9,2
8832,4,735,22.75,7.98,14.77,7
8833,2,867,7.2,2.2,5.0,2
8834,3,39,21.6,7.2,14.4,6
8835,2,39,7.2,2.2,5.0,2
8836,4,65,22.75,7.98,14.77,7
8837,3,39,7.2,2.4,4.8,2
8838,3,39,10.8,3.6,7.2,3
8839,2,38,25.2,7.7,17.5,7
8840,3,38,10.8,3.6,7.2,3
8841,1,442,11.25,3.9,7.35,3
8842,1,707,22.5,7.8,14.7,6
8843,1,707,11.25,3.9,7.35,3
8844,4,707,22.75,7.98,14.77,7
8845,3,339,10.8,3.6,7.2,3
8846,2,339,14.4,4.4,10.0,4
8847,5,176,10.47,3.0,7.47,3
8848,2,176,10.8,3.3,7.5,3
8849,3,43,25.2,8.4,16.8,7
8850,3,44,14.4,4.8,9.6,4
8851,4,45,9.75,3.42,6.33,3
8852,3,44,25.2,8.4,16.8,7
8853,1,302,3.75,1.3,2.45,1
8854,4,486,6.5,2.28,4.22,2
8855,4,407,13.0,4.56,8.44,4
8856,2,406,3.6,1.1,2.5,1
8857,4,55,9.75,3.42,6.33,3
8858,5,138,27.92,8.0,19.92,8
8859,2,106,36.0,11.0,25.0,10
8860,2,3,18.0,5.5,12.5,5
8861,1,115,22.5,7.8,14.7,6
8862,5,536,6.98,2.0,4.98,2
8863,4,95,3.25,1.14,2.11,1
8864,1,95,48.75,16.9,31.85,13
8865,3,536,25.2,8.4,16.8,7
8866,5,322,3.49,1.0,2.49,1
8867,4,321,16.25,5.7,10.55,5
8868,2,603,10.8,3.3,7.5,3
8869,1,571,3.75,1.3,2.45,1
8870,1,1207,7.5,2.6,4.9,2
8871,5,39,20.94,6.0,14.94,6
8872,5,39,6.98,2.0,4.98,2
8873,2,38,7.2,2.2,5.0,2
8874,2,104,25.2,7.7,17.5,7
8875,4,633,16.25,5.7,10.55,5
8876,5,964,6.98,2.0,4.98,2
8877,4,255,9.75,3.42,6.33,3
8878,2,1208,7.2,2.2,5.0,2
8879,2,3,3.6,1.1,2.5,1
8880,4,4,22.75,7.98,14.77,7
8881,4,42,13.0,4.56,8.44,4
8882,1,128,30.0,10.4,19.6,8
8883,5,3,3.49,1.0,2.49,1
8884,3,539,18.0,6.0,12.0,5
8885,5,20,6.98,2.0,4.98,2
8886,4,21,6.5,2.28,4.22,2
8887,5,11,17.45,5.0,12.45,5
8888,1,190,11.25,3.9,7.35,3
8889,7,1209,10.5,5.6,4.9,7
8890,5,239,20.94,6.0,14.94,6
8891,3,81,7.2,2.4,4.8,2
8892,3,79,3.6,1.2,2.4,1
8893,1,1,7.5,2.6,4.9,2
8894,3,969,7.2,2.4,4.8,2
8895,4,42,6.5,2.28,4.22,2
8896,3,237,7.2,2.4,4.8,2
8897,1,128,7.5,2.6,4.9,2
8898,5,30,10.47,3.0,7.47,3
8899,2,30,7.2,2.2,5.0,2
8900,5,32,6.98,2.0,4.98,2
8901,2,32,3.6,1.1,2.5,1
8902,5,3,13.96,4.0,9.96,4
8903,5,3,24.43,7.0,17.43,7
8904,2,3,7.2,2.2,5.0,2
8905,2,3,10.8,3.3,7.5,3
8906,3,3,25.2,8.4,16.8,7
8907,2,3,3.6,1.1,2.5,1
8908,6,119,1.25,0.6,0.65,1
8909,1,45,11.25,3.9,7.35,3
8910,2,44,7.2,2.2,5.0,2
8911,1,45,15.0,5.2,9.8,4
8912,3,44,10.8,3.6,7.2,3
8913,2,3,14.4,4.4,10.0,4
8914,1,307,7.5,2.6,4.9,2
8915,3,1112,10.8,3.6,7.2,3
8916,3,1112,7.2,2.4,4.8,2
8917,5,1112,27.92,8.0,19.92,8
8918,4,1210,6.5,2.28,4.22,2
8919,2,2,10.8,3.3,7.5,3
8920,2,3,21.6,6.6,15.0,6
8921,1,42,15.0,5.2,9.8,4
8922,1,563,7.5,2.6,4.9,2
8923,4,563,13.0,4.56,8.44,4
8924,1,563,22.5,7.8,14.7,6
8925,4,1211,16.25,5.7,10.55,5
8926,3,978,7.2,2.4,4.8,2
8927,2,890,10.8,3.3,7.5,3
8928,1,1212,7.5,2.6,4.9,2
8929,2,304,10.8,3.3,7.5,3
8930,3,304,18.0,6.0,12.0,5
8931,2,71,7.2,2.2,5.0,2
8932,5,3,13.96,4.0,9.96,4
8933,3,3,18.0,6.0,12.0,5
8934,5,3,13.96,4.0,9.96,4
8935,2,3,28.8,8.8,20.0,8
8936,4,4,3.25,1.14,2.11,1
8937,2,133,18.0,5.5,12.5,5
8938,4,1207,3.25,1.14,2.11,1
8939,4,1207,13.0,4.56,8.44,4
8940,5,133,6.98,2.0,4.98,2
8941,4,1207,16.25,5.7,10.55,5
8942,3,133,21.6,7.2,14.4,6
8943,4,1207,6.5,2.28,4.22,2
8944,3,215,3.6,1.2,2.4,1
8945,4,1155,16.25,5.7,10.55,5
8946,5,215,13.96,4.0,9.96,4
8947,3,215,10.8,3.6,7.2,3
8948,1,1155,33.75,11.7,22.05,9
8949,5,503,10.47,3.0,7.47,3
8950,1,95,18.75,6.5,12.25,5
8951,4,1137,13.0,4.56,8.44,4
8952,3,247,10.8,3.6,7.2,3
8953,2,247,3.6,1.1,2.5,1
8954,3,44,7.2,2.4,4.8,2
8955,5,3,10.47,3.0,7.47,3
8956,1,4,7.5,2.6,4.9,2
8957,4,4,9.75,3.42,6.33,3
8958,2,1072,10.8,3.3,7.5,3
8959,1,1213,3.75,1.3,2.45,1
8960,1,1213,11.25,3.9,7.35,3
8961,3,206,14.4,4.8,9.6,4
8962,8,1214,40.0,20.0,20.0,2
8963,5,206,13.96,4.0,9.96,4
8964,5,206,31.41,9.0,22.41,9
8965,5,3,48.86,14.0,34.86,14
8966,4,839,6.5,2.28,4.22,2
8967,3,827,10.8,3.6,7.2,3
8968,2,38,14.4,4.4,10.0,4
8969,5,12,13.96,4.0,9.96,4
8970,1,144,26.25,9.1,17.15,7
8971,5,12,17.45,5.0,12.45,5
8972,4,144,6.5,2.28,4.22,2
8973,5,12,10.47,3.0,7.47,3
8974,3,12,18.0,6.0,12.0,5
8975,2,12,36.0,11.0,25.0,10
8976,2,12,10.8,3.3,7.5,3
8977,1,4,15.0,5.2,9.8,4
8978,5,3,13.96,4.0,9.96,4
8979,4,49,6.5,2.28,4.22,2
8980,4,42,3.25,1.14,2.11,1
8981,4,42,13.0,4.56,8.44,4
8982,1,8,7.5,2.6,4.9,2
8983,3,38,10.8,3.6,7.2,3
8984,4,209,3.25,1.14,2.11,1
8985,4,209,13.0,4.56,8.44,4
8986,1,209,30.0,10.4,19.6,8
8987,2,218,7.2,2.2,5.0,2
8988,3,3,10.8,3.6,7.2,3
8989,4,4,9.75,3.42,6.33,3
8990,1,50,11.25,3.9,7.35,3
8991,1,123,15.0,5.2,9.8,4
8992,2,3,14.4,4.4,10.0,4
8993,3,1215,18.0,6.0,12.0,5
8994,2,572,10.8,3.3,7.5,3
8995,2,572,7.2,2.2,5.0,2
8996,3,572,10.8,3.6,7.2,3
8997,4,785,6.5,2.28,4.22,2
8998,3,365,10.8,3.6,7.2,3
8999,3,365,18.0,6.0,12.0,5
9000,1,45,18.75,6.5,12.25,5
9001,5,44,3.49,1.0,2.49,1
9002,1,4,7.5,2.6,4.9,2
9003,3,3,10.8,3.6,7.2,3
9004,4,4,13.0,4.56,8.44,4
9005,2,711,10.8,3.3,7.5,3
9006,5,711,6.98,2.0,4.98,2
9007,4,712,19.5,6.84,12.66,6
9008,2,711,18.0,5.5,12.5,5
9009,2,711,7.2,2.2,5.0,2
9010,5,429,10.47,3.0,7.47,3
9011,1,302,11.25,3.9,7.35,3
9012,5,32,10.47,3.0,7.47,3
9013,2,32,7.2,2.2,5.0,2
9014,5,54,10.47,3.0,7.47,3
9015,4,102,19.5,6.84,12.66,6
9016,3,54,7.2,2.4,4.8,2
9017,3,54,10.8,3.6,7.2,3
9018,2,3,14.4,4.4,10.0,4
9019,4,111,16.25,5.7,10.55,5
9020,2,38,7.2,2.2,5.0,2
9021,5,38,3.49,1.0,2.49,1
9022,1,42,11.25,3.9,7.35,3
9023,3,32,21.6,7.2,14.4,6
9024,1,42,7.5,2.6,4.9,2
9025,2,32,7.2,2.2,5.0,2
9026,3,32,18.0,6.0,12.0,5
9027,3,1157,18.0,6.0,12.0,5
9028,1,80,11.25,3.9,7.35,3
9029,2,536,10.8,3.3,7.5,3
9030,1,95,15.0,5.2,9.8,4
9031,3,3,21.6,7.2,14.4,6
9032,2,39,25.2,7.7,17.5,7
9033,3,39,10.8,3.6,7.2,3
9034,2,39,7.2,2.2,5.0,2
9035,2,39,21.6,6.6,15.0,6
9036,4,65,6.5,2.28,4.22,2
9037,1,65,7.5,2.6,4.9,2
9038,3,47,18.0,6.0,12.0,5
9039,5,47,20.94,6.0,14.94,6
9040,1,584,18.75,6.5,12.25,5
9041,3,37,10.8,3.6,7.2,3
9042,3,262,7.2,2.4,4.8,2
9043,2,38,10.8,3.3,7.5,3
9044,3,38,32.4,10.8,21.6,9
9045,4,217,9.75,3.42,6.33,3
9046,1,1018,18.75,6.5,12.25,5
9047,2,47,14.4,4.4,10.0,4
9048,4,584,16.25,5.7,10.55,5
9049,2,603,18.0,5.5,12.5,5
9050,1,571,15.0,5.2,9.8,4
9051,4,351,16.25,5.7,10.55,5
9052,5,308,3.49,1.0,2.49,1
9053,5,3,6.98,2.0,4.98,2
9054,4,845,16.25,5.7,10.55,5
9055,4,845,3.25,1.14,2.11,1
9056,1,1,11.25,3.9,7.35,3
9057,3,2,10.8,3.6,7.2,3
9058,2,978,18.0,5.5,12.5,5
9059,4,189,13.0,4.56,8.44,4
9060,4,8,9.75,3.42,6.33,3
9061,5,461,17.45,5.0,12.45,5
9062,3,3,10.8,3.6,7.2,3
9063,1,4,18.75,6.5,12.25,5
9064,3,3,3.6,1.2,2.4,1
9065,4,4,26.0,9.12,16.88,8
9066,2,1216,21.6,6.6,15.0,6
9067,1,65,22.5,7.8,14.7,6
9068,4,45,9.75,3.42,6.33,3
9069,9,146,9.75,9.0,0.75,3
9070,2,433,14.4,4.4,10.0,4
9071,5,433,17.45,5.0,12.45,5
9072,4,471,6.5,2.28,4.22,2
9073,5,56,17.45,5.0,12.45,5
9074,2,1126,7.2,2.2,5.0,2
9075,2,1126,25.2,7.7,17.5,7
9076,5,1126,6.98,2.0,4.98,2
9077,4,974,6.5,2.28,4.22,2
9078,5,1126,17.45,5.0,12.45,5
9079,4,42,6.5,2.28,4.22,2
9080,1,384,15.0,5.2,9.8,4
9081,4,384,16.25,5.7,10.55,5
9082,3,383,7.2,2.4,4.8,2
9083,9,385,19.5,18.0,1.5,6
9084,5,483,31.41,9.0,22.41,9
9085,3,483,25.2,8.4,16.8,7
9086,2,483,10.8,3.3,7.5,3
9087,1,956,26.25,9.1,17.15,7
9088,5,916,6.98,2.0,4.98,2
9089,3,3,14.4,4.8,9.6,4
9090,1,886,11.25,3.9,7.35,3
9091,2,450,10.8,3.3,7.5,3
9092,2,450,14.4,4.4,10.0,4
9093,3,450,7.2,2.4,4.8,2
9094,4,886,13.0,4.56,8.44,4
9095,3,450,10.8,3.6,7.2,3
9096,3,1217,3.6,1.2,2.4,1
9097,4,45,16.25,5.7,10.55,5
9098,1,128,11.25,3.9,7.35,3
9099,4,1218,16.25,5.7,10.55,5
9100,2,507,18.0,5.5,12.5,5
9101,4,310,6.5,2.28,4.22,2
9102,5,32,6.98,2.0,4.98,2
9103,4,1219,9.75,3.42,6.33,3
9104,3,572,28.8,9.6,19.2,8
9105,8,1220,60.0,30.0,30.0,3
9106,2,125,7.2,2.2,5.0,2
9107,1,205,15.0,5.2,9.8,4
9108,3,1221,25.2,8.4,16.8,7
9109,4,419,13.0,4.56,8.44,4
9110,4,8,13.0,4.56,8.44,4
9111,5,3,10.47,3.0,7.47,3
9112,5,3,13.96,4.0,9.96,4
9113,6,1222,2.5,1.2,1.3,2
9114,3,2,10.8,3.6,7.2,3
9115,2,2,7.2,2.2,5.0,2
9116,5,38,3.49,1.0,2.49,1
9117,4,1,19.5,6.84,12.66,6
9118,6,679,2.5,1.2,1.3,2
9119,2,157,18.0,5.5,12.5,5
9120,4,1218,6.5,2.28,4.22,2
9121,1,1218,30.0,10.4,19.6,8
9122,1,1218,7.5,2.6,4.9,2
9123,1,1218,15.0,5.2,9.8,4
9124,2,30,25.2,7.7,17.5,7
9125,4,128,6.5,2.28,4.22,2
9126,2,3,18.0,5.5,12.5,5
9127,5,528,17.45,5.0,12.45,5
9128,5,25,6.98,2.0,4.98,2
9129,1,26,11.25,3.9,7.35,3
9130,4,26,6.5,2.28,4.22,2
9131,1,584,7.5,2.6,4.9,2
9132,3,906,14.4,4.8,9.6,4
9133,3,906,18.0,6.0,12.0,5
9134,2,39,32.4,9.9,22.5,9
9135,2,318,7.2,2.2,5.0,2
9136,4,14,19.5,6.84,12.66,6
9137,4,14,6.5,2.28,4.22,2
9138,4,14,13.0,4.56,8.44,4
9139,2,106,10.8,3.3,7.5,3
9140,3,341,7.2,2.4,4.8,2
9141,5,38,24.43,7.0,17.43,7
9142,5,38,3.49,1.0,2.49,1
9143,1,4,11.25,3.9,7.35,3
9144,3,237,25.2,8.4,16.8,7
9145,1,76,7.5,2.6,4.9,2
9146,3,237,18.0,6.0,12.0,5
9147,3,854,14.4,4.8,9.6,4
9148,5,854,10.47,3.0,7.47,3
9149,3,553,14.4,4.8,9.6,4
9150,4,552,45.5,15.96,29.54,14
9151,4,552,6.5,2.28,4.22,2
9152,5,265,17.45,5.0,12.45,5
9153,3,265,14.4,4.8,9.6,4
9154,1,128,18.75,6.5,12.25,5
9155,3,30,7.2,2.4,4.8,2
9156,1,97,26.25,9.1,17.15,7
9157,4,97,13.0,4.56,8.44,4
9158,2,169,3.6,1.1,2.5,1
9159,4,122,22.75,7.98,14.77,7
9160,3,38,10.8,3.6,7.2,3
9161,3,435,14.4,4.8,9.6,4
9162,5,44,13.96,4.0,9.96,4
9163,2,44,18.0,5.5,12.5,5
9164,4,45,9.75,3.42,6.33,3
9165,2,277,7.2,2.2,5.0,2
9166,4,65,3.25,1.14,2.11,1
9167,2,39,10.8,3.3,7.5,3
9168,5,39,10.47,3.0,7.47,3
9169,5,39,13.96,4.0,9.96,4
9170,5,553,3.49,1.0,2.49,1
9171,2,3,7.2,2.2,5.0,2
9172,2,3,10.8,3.3,7.5,3
9173,3,765,25.2,8.4,16.8,7
9174,4,65,6.5,2.28,4.22,2
9175,2,39,3.6,1.1,2.5,1
9176,3,38,18.0,6.0,12.0,5
9177,1,91,11.25,3.9,7.35,3
9178,3,132,10.8,3.6,7.2,3
9179,1,55,11.25,3.9,7.35,3
9180,4,55,9.75,3.42,6.33,3
9181,4,8,13.0,4.56,8.44,4
9182,1,4,3.75,1.3,2.45,1
9183,3,180,14.4,4.8,9.6,4
9184,1,4,11.25,3.9,7.35,3
9185,2,3,10.8,3.3,7.5,3
9186,2,483,10.8,3.3,7.5,3
9187,4,498,6.5,2.28,4.22,2
9188,2,20,14.4,4.4,10.0,4
9189,2,20,3.6,1.1,2.5,1
9190,3,20,28.8,9.6,19.2,8
9191,6,349,2.5,1.2,1.3,2
9192,5,271,13.96,4.0,9.96,4
9193,1,270,18.75,6.5,12.25,5
9194,3,782,14.4,4.8,9.6,4
9195,1,1223,18.75,6.5,12.25,5
9196,2,539,10.8,3.3,7.5,3
9197,4,1224,35.75,12.54,23.21,11
9198,1,486,26.25,9.1,17.15,7
9199,2,487,18.0,5.5,12.5,5
9200,1,486,7.5,2.6,4.9,2
9201,4,1108,6.5,2.28,4.22,2
9202,1,1108,3.75,1.3,2.45,1
9203,4,1108,3.25,1.14,2.11,1
9204,3,754,7.2,2.4,4.8,2
9205,1,1108,18.75,6.5,12.25,5
9206,1,1108,7.5,2.6,4.9,2
9207,4,1,16.25,5.7,10.55,5
9208,5,2,10.47,3.0,7.47,3
9209,4,1225,9.75,3.42,6.33,3
9210,5,1024,17.45,5.0,12.45,5
9211,5,1024,6.98,2.0,4.98,2
9212,4,1225,3.25,1.14,2.11,1
9213,1,1226,7.5,2.6,4.9,2
9214,3,27,7.2,2.4,4.8,2
9215,5,53,3.49,1.0,2.49,1
9216,3,53,28.8,9.6,19.2,8
9217,2,2,3.6,1.1,2.5,1
9218,2,1227,10.8,3.3,7.5,3
9219,2,1227,7.2,2.2,5.0,2
9220,3,3,25.2,8.4,16.8,7
9221,5,46,17.45,5.0,12.45,5
9222,4,50,19.5,6.84,12.66,6
9223,1,50,7.5,2.6,4.9,2
9224,4,50,16.25,5.7,10.55,5
9225,3,46,7.2,2.4,4.8,2
9226,5,907,3.49,1.0,2.49,1
9227,5,916,10.47,3.0,7.47,3
9228,2,30,25.2,7.7,17.5,7
9229,3,2,18.0,6.0,12.0,5
9230,5,617,3.49,1.0,2.49,1
9231,4,960,9.75,3.42,6.33,3
9232,3,39,7.2,2.4,4.8,2
9233,5,432,6.98,2.0,4.98,2
9234,1,205,7.5,2.6,4.9,2
9235,1,205,18.75,6.5,12.25,5
9236,1,28,33.75,11.7,22.05,9
9237,2,29,7.2,2.2,5.0,2
9238,3,1032,10.8,3.6,7.2,3
9239,2,513,18.0,5.5,12.5,5
9240,1,514,18.75,6.5,12.25,5
9241,1,514,3.75,1.3,2.45,1
9242,2,20,25.2,7.7,17.5,7
9243,2,20,7.2,2.2,5.0,2
9244,1,21,3.75,1.3,2.45,1
9245,5,20,17.45,5.0,12.45,5
9246,3,538,10.8,3.6,7.2,3
9247,2,132,7.2,2.2,5.0,2
9248,2,132,32.4,9.9,22.5,9
9249,4,55,13.0,4.56,8.44,4
9250,2,44,7.2,2.2,5.0,2
9251,5,44,6.98,2.0,4.98,2
9252,1,45,15.0,5.2,9.8,4
9253,3,44,7.2,2.4,4.8,2
9254,1,65,33.75,11.7,22.05,9
9255,2,32,7.2,2.2,5.0,2
9256,3,826,14.4,4.8,9.6,4
9257,2,978,18.0,5.5,12.5,5
9258,5,1228,10.47,3.0,7.47,3
9259,2,1228,3.6,1.1,2.5,1
9260,3,1228,28.8,9.6,19.2,8
9261,5,1228,3.49,1.0,2.49,1
9262,1,1229,11.25,3.9,7.35,3
9263,8,1230,140.0,70.0,70.0,7
9264,3,507,32.4,10.8,21.6,9
9265,2,507,25.2,7.7,17.5,7
9266,4,1,9.75,3.42,6.33,3
9267,5,151,10.47,3.0,7.47,3
9268,5,1231,10.47,3.0,7.47,3
9269,3,32,3.6,1.2,2.4,1
9270,1,42,26.25,9.1,17.15,7
9271,5,829,6.98,2.0,4.98,2
9272,3,829,10.8,3.6,7.2,3
9273,4,50,3.25,1.14,2.11,1
9274,4,1232,9.75,3.42,6.33,3
9275,3,39,10.8,3.6,7.2,3
9276,2,61,10.8,3.3,7.5,3
9277,1,97,11.25,3.9,7.35,3
9278,1,97,18.75,6.5,12.25,5
9279,4,97,3.25,1.14,2.11,1
9280,4,97,22.75,7.98,14.77,7
9281,9,1233,9.75,9.0,0.75,3
9282,1,205,22.5,7.8,14.7,6
9283,3,125,7.2,2.4,4.8,2
9284,4,205,9.75,3.42,6.33,3
9285,5,2,10.47,3.0,7.47,3
9286,3,2,10.8,3.6,7.2,3
9287,3,1056,10.8,3.6,7.2,3
9288,1,1057,15.0,5.2,9.8,4
9289,1,1057,22.5,7.8,14.7,6
9290,4,1234,6.5,2.28,4.22,2
9291,5,1235,10.47,3.0,7.47,3
9292,2,592,3.6,1.1,2.5,1
9293,2,661,7.2,2.2,5.0,2
9294,3,661,25.2,8.4,16.8,7
9295,4,662,9.75,3.42,6.33,3
9296,4,1236,9.75,3.42,6.33,3
9297,1,1,11.25,3.9,7.35,3
9298,4,1,22.75,7.98,14.77,7
9299,1,1,7.5,2.6,4.9,2
9300,3,71,7.2,2.4,4.8,2
9301,2,827,7.2,2.2,5.0,2
9302,3,827,7.2,2.4,4.8,2
9303,1,324,15.0,5.2,9.8,4
9304,9,1237,6.5,6.0,0.5,2
9305,4,324,26.0,9.12,16.88,8
9306,4,324,16.25,5.7,10.55,5
9307,3,151,3.6,1.2,2.4,1
9308,2,151,28.8,8.8,20.0,8
9309,1,324,11.25,3.9,7.35,3
9310,1,178,18.75,6.5,12.25,5
9311,3,1043,36.0,12.0,24.0,10
9312,3,1043,14.4,4.8,9.6,4
9313,2,2,7.2,2.2,5.0,2
9314,3,44,7.2,2.4,4.8,2
9315,4,8,26.0,9.12,16.88,8
9316,2,38,7.2,2.2,5.0,2
9317,4,8,9.75,3.42,6.33,3
9318,1,8,26.25,9.1,17.15,7
9319,3,3,7.2,2.4,4.8,2
9320,4,4,3.25,1.14,2.11,1
9321,4,8,19.5,6.84,12.66,6
9322,2,38,7.2,2.2,5.0,2
9323,4,8,16.25,5.7,10.55,5
9324,8,135,40.0,20.0,20.0,2
9325,5,422,13.96,4.0,9.96,4
9326,3,422,25.2,8.4,16.8,7
9327,5,422,6.98,2.0,4.98,2
9328,2,71,18.0,5.5,12.5,5
9329,1,50,26.25,9.1,17.15,7
9330,5,3,6.98,2.0,4.98,2
9331,9,222,13.0,12.0,1.0,4
9332,2,3,14.4,4.4,10.0,4
9333,2,3,21.6,6.6,15.0,6
9334,5,3,3.49,1.0,2.49,1
9335,2,32,28.8,8.8,20.0,8
9336,1,1050,15.0,5.2,9.8,4
9337,2,503,7.2,2.2,5.0,2
9338,2,38,7.2,2.2,5.0,2
9339,2,27,14.4,4.4,10.0,4
9340,1,128,18.75,6.5,12.25,5
9341,5,30,20.94,6.0,14.94,6
9342,4,1195,9.75,3.42,6.33,3
9343,4,1195,22.75,7.98,14.77,7
9344,3,541,18.0,6.0,12.0,5
9345,5,239,3.49,1.0,2.49,1
9346,1,190,11.25,3.9,7.35,3
9347,3,239,7.2,2.4,4.8,2
9348,3,37,3.6,1.2,2.4,1
9349,1,1238,26.25,9.1,17.15,7
9350,2,1239,10.8,3.3,7.5,3
9351,5,2,13.96,4.0,9.96,4
9352,1,1,15.0,5.2,9.8,4
9353,4,1048,22.75,7.98,14.77,7
9354,2,1047,18.0,5.5,12.5,5
9355,2,1047,7.2,2.2,5.0,2
9356,2,39,21.6,6.6,15.0,6
9357,4,4,6.5,2.28,4.22,2
9358,4,571,16.25,5.7,10.55,5
9359,2,71,10.8,3.3,7.5,3
9360,5,2,24.43,7.0,17.43,7
9361,4,1,6.5,2.28,4.22,2
9362,2,1240,10.8,3.3,7.5,3
9363,5,1240,13.96,4.0,9.96,4
9364,3,1240,10.8,3.6,7.2,3
9365,2,46,7.2,2.2,5.0,2
9366,4,50,22.75,7.98,14.77,7
9367,1,45,11.25,3.9,7.35,3
9368,2,44,7.2,2.2,5.0,2
9369,1,351,18.75,6.5,12.25,5
9370,4,351,16.25,5.7,10.55,5
9371,3,588,18.0,6.0,12.0,5
9372,2,588,32.4,9.9,22.5,9
9373,2,588,10.8,3.3,7.5,3
9374,3,588,7.2,2.4,4.8,2
9375,4,371,16.25,5.7,10.55,5
9376,2,446,7.2,2.2,5.0,2
9377,1,371,11.25,3.9,7.35,3
9378,4,9,9.75,3.42,6.33,3
9379,3,686,10.8,3.6,7.2,3
9380,1,246,15.0,5.2,9.8,4
9381,1,693,33.75,11.7,22.05,9
9382,4,693,9.75,3.42,6.33,3
9383,5,81,31.41,9.0,22.41,9
9384,4,187,3.25,1.14,2.11,1
9385,1,65,22.5,7.8,14.7,6
9386,4,8,3.25,1.14,2.11,1
9387,5,32,20.94,6.0,14.94,6
9388,1,42,41.25,14.3,26.95,11
9389,5,32,10.47,3.0,7.47,3
9390,3,425,7.2,2.4,4.8,2
9391,3,425,18.0,6.0,12.0,5
9392,1,753,11.25,3.9,7.35,3
9393,2,928,10.8,3.3,7.5,3
9394,1,45,33.75,11.7,22.05,9
9395,5,44,20.94,6.0,14.94,6
9396,2,44,10.8,3.3,7.5,3
9397,1,45,7.5,2.6,4.9,2
9398,2,44,7.2,2.2,5.0,2
9399,2,2,3.6,1.1,2.5,1
9400,2,2,7.2,2.2,5.0,2
9401,5,2,6.98,2.0,4.98,2
9402,4,721,9.75,3.42,6.33,3
9403,2,3,10.8,3.3,7.5,3
9404,4,816,13.0,4.56,8.44,4
9405,4,45,22.75,7.98,14.77,7
9406,3,38,18.0,6.0,12.0,5
9407,1,8,7.5,2.6,4.9,2
9408,3,3,10.8,3.6,7.2,3
9409,1,564,11.25,3.9,7.35,3
9410,1,267,41.25,14.3,26.95,11
9411,5,266,20.94,6.0,14.94,6
9412,4,255,6.5,2.28,4.22,2
9413,5,38,17.45,5.0,12.45,5
9414,3,44,18.0,6.0,12.0,5
9415,5,44,3.49,1.0,2.49,1
9416,2,44,3.6,1.1,2.5,1
9417,5,105,3.49,1.0,2.49,1
9418,4,806,9.75,3.42,6.33,3
9419,1,806,7.5,2.6,4.9,2
9420,3,800,10.8,3.6,7.2,3
9421,4,806,6.5,2.28,4.22,2
9422,1,806,15.0,5.2,9.8,4
9423,2,2,7.2,2.2,5.0,2
9424,2,3,46.8,14.3,32.5,13
9425,2,1241,14.4,4.4,10.0,4
9426,5,32,17.45,5.0,12.45,5
9427,3,32,32.4,10.8,21.6,9
9428,2,32,18.0,5.5,12.5,5
9429,1,42,18.75,6.5,12.25,5
9430,2,32,10.8,3.3,7.5,3
9431,15,1242,22.5,5.0,17.5,5
9432,2,1043,7.2,2.2,5.0,2
9433,4,42,13.0,4.56,8.44,4
9434,5,365,3.49,1.0,2.49,1
9435,4,14,3.25,1.14,2.11,1
9436,5,370,17.45,5.0,12.45,5
9437,3,370,3.6,1.2,2.4,1
9438,2,370,7.2,2.2,5.0,2
9439,5,60,20.94,6.0,14.94,6
9440,3,60,18.0,6.0,12.0,5
9441,3,38,10.8,3.6,7.2,3
9442,4,8,3.25,1.14,2.11,1
9443,3,38,18.0,6.0,12.0,5
9444,3,2,7.2,2.4,4.8,2
9445,5,44,13.96,4.0,9.96,4
9446,1,45,11.25,3.9,7.35,3
9447,3,261,7.2,2.4,4.8,2
9448,1,340,15.0,5.2,9.8,4
9449,1,340,7.5,2.6,4.9,2
9450,3,81,18.0,6.0,12.0,5
9451,2,643,21.6,6.6,15.0,6
9452,6,817,10.0,4.8,5.2,8
9453,4,205,6.5,2.28,4.22,2
9454,1,290,3.75,1.3,2.45,1
9455,5,1243,10.47,3.0,7.47,3
9456,2,1243,18.0,5.5,12.5,5
9457,1,929,3.75,1.3,2.45,1
9458,2,1243,28.8,8.8,20.0,8
9459,3,1243,18.0,6.0,12.0,5
9460,4,929,16.25,5.7,10.55,5
9461,5,541,27.92,8.0,19.92,8
9462,1,1195,7.5,2.6,4.9,2
9463,1,45,11.25,3.9,7.35,3
9464,4,4,16.25,5.7,10.55,5
9465,1,4,15.0,5.2,9.8,4
9466,3,3,25.2,8.4,16.8,7
9467,4,4,3.25,1.14,2.11,1
9468,2,3,14.4,4.4,10.0,4
9469,5,131,13.96,4.0,9.96,4
9470,2,539,21.6,6.6,15.0,6
9471,5,531,20.94,6.0,14.94,6
9472,8,1244,60.0,30.0,30.0,3
9473,3,38,3.6,1.2,2.4,1
9474,4,8,13.0,4.56,8.44,4
9475,3,2,10.8,3.6,7.2,3
9476,4,1,3.25,1.14,2.11,1
9477,4,42,9.75,3.42,6.33,3
9478,3,32,10.8,3.6,7.2,3
9479,1,42,15.0,5.2,9.8,4
9480,5,32,10.47,3.0,7.47,3
9481,3,308,14.4,4.8,9.6,4
9482,4,313,13.0,4.56,8.44,4
9483,5,30,13.96,4.0,9.96,4
9484,2,38,14.4,4.4,10.0,4
9485,4,1,9.75,3.42,6.33,3
9486,5,2,27.92,8.0,19.92,8
9487,4,1,3.25,1.14,2.11,1
9488,2,1245,21.6,6.6,15.0,6
9489,4,42,6.5,2.28,4.22,2
9490,1,91,11.25,3.9,7.35,3
9491,3,800,3.6,1.2,2.4,1
9492,1,721,15.0,5.2,9.8,4
9493,9,309,9.75,9.0,0.75,3
9494,5,39,6.98,2.0,4.98,2
9495,3,383,10.8,3.6,7.2,3
9496,4,491,29.25,10.26,18.99,9
9497,3,1130,10.8,3.6,7.2,3
9498,1,65,7.5,2.6,4.9,2
9499,4,65,6.5,2.28,4.22,2
9500,4,442,16.25,5.7,10.55,5
9501,3,749,14.4,4.8,9.6,4
9502,5,749,6.98,2.0,4.98,2
9503,3,32,3.6,1.2,2.4,1
9504,6,377,1.25,0.6,0.65,1
9505,4,42,9.75,3.42,6.33,3
9506,2,329,7.2,2.2,5.0,2
9507,14,1246,5.97,2.25,3.72,3
9508,1,1247,7.5,2.6,4.9,2
9509,2,435,7.2,2.2,5.0,2
9510,3,1248,3.6,1.2,2.4,1
9511,3,1248,21.6,7.2,14.4,6
9512,4,1249,13.0,4.56,8.44,4
9513,1,1249,7.5,2.6,4.9,2
9514,3,1250,21.6,7.2,14.4,6
9515,3,1101,18.0,6.0,12.0,5
9516,3,191,10.8,3.6,7.2,3
9517,1,4,11.25,3.9,7.35,3
9518,4,4,13.0,4.56,8.44,4
9519,12,391,4.5,2.4,2.1,3
9520,2,2,21.6,6.6,15.0,6
9521,5,2,27.92,8.0,19.92,8
9522,3,43,7.2,2.4,4.8,2
9523,3,511,7.2,2.4,4.8,2
9524,4,1030,9.75,3.42,6.33,3
9525,5,138,10.47,3.0,7.47,3
9526,2,138,14.4,4.4,10.0,4
9527,3,138,18.0,6.0,12.0,5
9528,4,97,42.25,14.82,27.43,13
9529,6,224,3.75,1.8,1.95,3
9530,1,4,15.0,5.2,9.8,4
9531,2,3,10.8,3.3,7.5,3
9532,6,1251,8.75,4.2,4.55,7
9533,2,541,7.2,2.2,5.0,2
9534,4,84,9.75,3.42,6.33,3
9535,1,84,26.25,9.1,17.15,7
9536,5,694,24.43,7.0,17.43,7
9537,2,694,21.6,6.6,15.0,6
9538,2,318,10.8,3.3,7.5,3
9539,5,318,24.43,7.0,17.43,7
9540,3,318,7.2,2.4,4.8,2
9541,5,38,10.47,3.0,7.47,3
9542,1,45,37.5,13.0,24.5,10
9543,3,39,18.0,6.0,12.0,5
9544,4,65,3.25,1.14,2.11,1
9545,3,39,14.4,4.8,9.6,4
9546,3,39,25.2,8.4,16.8,7
9547,2,39,14.4,4.4,10.0,4
9548,1,65,15.0,5.2,9.8,4
9549,2,39,18.0,5.5,12.5,5
9550,1,65,7.5,2.6,4.9,2
9551,5,521,27.92,8.0,19.92,8
9552,5,714,10.47,3.0,7.47,3
9553,5,1002,17.45,5.0,12.45,5
9554,3,1002,7.2,2.4,4.8,2
9555,5,1002,6.98,2.0,4.98,2
9556,4,961,29.25,10.26,18.99,9
9557,1,961,11.25,3.9,7.35,3
9558,2,64,10.8,3.3,7.5,3
9559,4,231,26.0,9.12,16.88,8
9560,5,434,6.98,2.0,4.98,2
9561,5,38,6.98,2.0,4.98,2
9562,2,38,14.4,4.4,10.0,4
9563,3,2,25.2,8.4,16.8,7
9564,8,224,60.0,30.0,30.0,3
9565,2,2,7.2,2.2,5.0,2
9566,8,674,40.0,20.0,20.0,2
9567,1,1,33.75,11.7,22.05,9
9568,1,8,15.0,5.2,9.8,4
9569,4,8,9.75,3.42,6.33,3
9570,3,38,10.8,3.6,7.2,3
9571,2,38,14.4,4.4,10.0,4
9572,1,8,26.25,9.1,17.15,7
9573,5,223,3.49,1.0,2.49,1
9574,2,978,7.2,2.2,5.0,2
9575,5,978,17.45,5.0,12.45,5
9576,2,225,14.4,4.4,10.0,4
9577,3,225,14.4,4.8,9.6,4
9578,2,225,25.2,7.7,17.5,7
9579,2,39,10.8,3.3,7.5,3
9580,3,39,25.2,8.4,16.8,7
9581,5,39,13.96,4.0,9.96,4
9582,5,3,10.47,3.0,7.47,3
9583,2,3,14.4,4.4,10.0,4
9584,2,3,32.4,9.9,22.5,9
9585,3,1252,14.4,4.8,9.6,4
9586,4,1253,6.5,2.28,4.22,2
9587,4,153,16.25,5.7,10.55,5
9588,5,152,24.43,7.0,17.43,7
9589,2,152,7.2,2.2,5.0,2
9590,1,153,7.5,2.6,4.9,2
9591,5,152,10.47,3.0,7.47,3
9592,5,152,6.98,2.0,4.98,2
9593,1,153,33.75,11.7,22.05,9
9594,2,152,18.0,5.5,12.5,5
9595,3,152,3.6,1.2,2.4,1
9596,2,152,10.8,3.3,7.5,3
9597,2,152,14.4,4.4,10.0,4
9598,5,38,6.98,2.0,4.98,2
9599,5,38,17.45,5.0,12.45,5
9600,4,8,9.75,3.42,6.33,3
9601,1,501,15.0,5.2,9.8,4
9602,1,65,18.75,6.5,12.25,5
9603,1,65,3.75,1.3,2.45,1
9604,3,629,10.8,3.6,7.2,3
9605,3,629,14.4,4.8,9.6,4
9606,5,629,10.47,3.0,7.47,3
9607,4,628,16.25,5.7,10.55,5
9608,1,628,18.75,6.5,12.25,5
9609,3,629,3.6,1.2,2.4,1
9610,4,628,6.5,2.28,4.22,2
9611,2,912,14.4,4.4,10.0,4
9612,2,30,10.8,3.3,7.5,3
9613,2,760,3.6,1.1,2.5,1
9614,2,760,14.4,4.4,10.0,4
9615,5,760,13.96,4.0,9.96,4
9616,3,1105,10.8,3.6,7.2,3
9617,3,71,10.8,3.6,7.2,3
9618,4,8,6.5,2.28,4.22,2
9619,3,38,43.2,14.4,28.8,12
9620,5,38,24.43,7.0,17.43,7
9621,3,38,10.8,3.6,7.2,3
9622,1,8,11.25,3.9,7.35,3
9623,4,824,9.75,3.42,6.33,3
9624,5,829,3.49,1.0,2.49,1
9625,3,38,18.0,6.0,12.0,5
9626,3,311,7.2,2.4,4.8,2
9627,2,311,21.6,6.6,15.0,6
9628,2,483,10.8,3.3,7.5,3
9629,8,1254,60.0,30.0,30.0,3
9630,4,334,16.25,5.7,10.55,5
9631,2,435,25.2,7.7,17.5,7
9632,3,38,18.0,6.0,12.0,5
9633,3,2,10.8,3.6,7.2,3
9634,3,132,14.4,4.8,9.6,4
9635,5,132,6.98,2.0,4.98,2
9636,1,626,7.5,2.6,4.9,2
9637,1,334,11.25,3.9,7.35,3
9638,1,231,7.5,2.6,4.9,2
9639,3,317,32.4,10.8,21.6,9
9640,5,38,6.98,2.0,4.98,2
9641,2,38,14.4,4.4,10.0,4
9642,4,772,19.5,6.84,12.66,6
9643,2,125,10.8,3.3,7.5,3
9644,4,860,9.75,3.42,6.33,3
9645,1,42,11.25,3.9,7.35,3
9646,1,42,33.75,11.7,22.05,9
9647,4,42,22.75,7.98,14.77,7
9648,4,570,22.75,7.98,14.77,7
9649,4,294,16.25,5.7,10.55,5
9650,4,294,13.0,4.56,8.44,4
9651,5,295,13.96,4.0,9.96,4
9652,4,294,6.5,2.28,4.22,2
9653,2,71,10.8,3.3,7.5,3
9654,1,1064,11.25,3.9,7.35,3
9655,2,561,14.4,4.4,10.0,4
9656,1,255,11.25,3.9,7.35,3
9657,1,255,7.5,2.6,4.9,2
9658,5,308,24.43,7.0,17.43,7
9659,1,307,15.0,5.2,9.8,4
9660,1,310,7.5,2.6,4.9,2
9661,2,507,3.6,1.1,2.5,1
9662,1,310,11.25,3.9,7.35,3
9663,2,156,10.8,3.3,7.5,3
9664,5,156,17.45,5.0,12.45,5
9665,5,12,10.47,3.0,7.47,3
9666,4,144,13.0,4.56,8.44,4
9667,1,144,7.5,2.6,4.9,2
9668,4,144,6.5,2.28,4.22,2
9669,2,44,14.4,4.4,10.0,4
9670,3,44,14.4,4.8,9.6,4
9671,3,44,32.4,10.8,21.6,9
9672,5,3,10.47,3.0,7.47,3
9673,2,1255,14.4,4.4,10.0,4
9674,5,44,3.49,1.0,2.49,1
9675,2,44,3.6,1.1,2.5,1
9676,3,44,28.8,9.6,19.2,8
9677,2,38,3.6,1.1,2.5,1
9678,2,38,7.2,2.2,5.0,2
9679,1,1,7.5,2.6,4.9,2
9680,1,1,15.0,5.2,9.8,4
9681,2,2,10.8,3.3,7.5,3
9682,4,806,13.0,4.56,8.44,4
9683,2,800,14.4,4.4,10.0,4
9684,5,425,17.45,5.0,12.45,5
9685,1,313,7.5,2.6,4.9,2
9686,1,313,18.75,6.5,12.25,5
9687,3,38,10.8,3.6,7.2,3
